ICD10_code,Description,Category
A00,Χολέρα,A
A00.0,"Χολέρα από δονάκιο της χολέρας [Vibrio cholerae] 01, βιότυπο  cholerae",A
A00.1,"Χολέρα από στο δονάκιο της χολέρας [Vibrio cholerae] 01, βιότυπο eltor",A
A00.9,"Χολέρα, μη καθορισμένη",A
A01,Τυφοειδείς και παρατυφοειδείς πυρετοί,A
A01.0,Τυφοειδής πυρετός,A
A01.1,Παρατυφοειδής πυρετός A,A
A01.2,Παρατυφοειδής πυρετός B,A
A01.3,Παρατυφοειδής πυρετός C,A
A01.4,"Παρατυφοειδής πυρετός, μη καθορισμένος",A
A02,Άλλες λοιμώξεις από σαλμονέλλα,A
A02.0,Εντερίτιδα από σαλμονέλλα,A
A02.1,Σηψαιμία από σαλμονέλλα,A
A02.2,Εντοπισμένες λοιμώξεις από σαλμονέλλα,A
A02.8,Άλλες καθορισμένες λοιμώξεις από σαλμονέλλα,A
A02.9,"Λοίμωξη από σαλμονέλλα, μη καθορισμένη",A
A03,Σιγκέλλωση,A
A03.0,Σιγκέλλωση από σιγκέλλα της δυσεντερίας [Shigella dysenteriae],A
A03.1,Σιγκέλλωση από Shigella flexneri,A
A03.2,Σιγκέλλωση από Shigella boydii,A
A03.3,Σιγκέλλωση από Shigella sonnei,A
A03.8,Άλλη σιγκέλλωση,A
A03.9,"Σιγκέλλωση, μη καθορισμένη",A
A04,Άλλες βακτηριακές εντερικές λοιμώξεις,A
A04.0,Εντερίτιδα  από εντεροπαθογόνο κολοβακτηρίδιο [Escherichia coli],A
A04.1,Εντερίτιδα  από εντεροτοξινογόνο  κολοβακτηρίδιο [Escherichia coli],A
A04.2,Εντερίτιδα  από εντεροεισβολικό κολοβακτηρίδιο [Escherichia coli],A
A04.3,Εντερίτιδα  από εντεροαιμορραγικό  κολοβακτηρίδιο [Escherichia coli],A
A04.4,Άλλες εντερίτιδες  από κολοβακτηρίδια,A
A04.5,Εντερίτιδα  από καμπυλοβακτηρίδιο,A
A04.6,Εντερίτιδα από Yersinia enterecolitica,A
A04.7,Εντεροκολίτιδα από Clostridium difficile,A
A04.8,Άλλες καθορισμένες βακτηριακές εντερικές λοιμώξεις,A
A04.9,Βακτηριακή εντερική λοίμωξη ΜΚΑ,A
A05,"Άλλες βακτηριακές τροφιμογενείς δηλητηριάσεις, που δεν ταξινομούνται αλλού",A
A05.0,Τροφιμογενής σταφυλοκοκκική δηλητηρίαση,A
A05.1,Αλλαντίαση,A
A05.2,Τροφιμογενής δηλητηρίαση από Clostridium perfringens [Clostridium welchii],A
A05.3,Τροφική δηλητηρίαση από Vibrio parahaemolyticus,A
A05.4,Τροφική δηλητηρίαση από Βacillus cereus,A
A05.8,Άλλες καθορισμένες βακτηριακές τροφικές δηλητηριάσεις,A
A05.9,"Βακτηριακή τροφιμογενής δηλητηρίαση, μη καθορισμένη",A
A06,Αμοιβάδωση,A
A06.0,Οξεία αμοιβαδική δυσεντερία,A
A06.1,Χρόνια εντερική αμοιβάδωση,A
A06.2,Αμοιβαδική μη δυσεντερική κολίτιδα,A
A06.3,Αμοιβάδωμα του εντέρου,A
A06.4,Αμοιβαδικό ηπατικό απόστημα,A
A06.7,Αμοιβάδωση του δέρματος,A
A06.8,Αμοιβαδική λοίμωξη άλλων εντοπίσεων,A
A06.9,"Αμοιβάδωση, μη καθορισμένη",A
A07,Άλλες πρωτοζωϊκές λοιμώξεις του εντέρου,A
A07.0,Βαλαντιδίαση,A
A07.1,Τζιαρντίαση [λαμβλίαση],A
A07.2,Κρυπτοσποριδίωση,A
A07.3,Ισοσπορίαση,A
A07.8,Άλλες καθορισμένες πρωτοζωϊκές εντερικές λοιμώξεις,A
A07.9,"Πρωτοζωϊκή εντερική λοίμωξη, μη καθορισμένη",A
A08,Ιογενείς και άλλες καθορισμένες εντερικές λοιμώξεις,A
A08.0,Εντερίτιδα απο ροταϊούς,A
A08.1,Οξεία γαστρεντεροπάθεια από παράγοντα Norwalk,A
A08.2,Εντερίτιδα από αδενοϊό,A
A08.3,Άλλη ιογενής εντερίτιδα,A
A08.4,"Ιογενής εντερική λοίμωξη, μη καθορισμένη",A
A08.5,Άλλες καθορισμένες εντερικές λοιμώξεις,A
A09,Διάρροια και γαστρεντερίτιδα  που θεωρείται λοιμώδους προέλευσης,A
A15,"Φυματίωση του αναπνευστικού συστήματος, βακτηριολογικά και ιστολογικά επιβεβαιωμένη",A
A15.0,"Φυματίωση του πνεύμονα, επιβεβαιωμένη με μικροσκοπική εξέταση πτυέλων με ή χωρίς καλλιέργεια",A
A15.1,"Φυματίωση του πνεύμονα, επιβεβαιωμένη μόνο με καλλιέργεια",A
A15.2,"Φυματίωση του πνεύμονα, επιβεβαιωμένη ιστολογικά",A
A15.3,"Φυματίωση του πνεύμονα, επιβεβαιωμένη με μη καθορισμένα μέσα",A
A15.4,"Φυματίωση των ενδοθωρακικών λεμφαδένων, επιβεβαιωμένη βακτηριολογικά και ιστολογικά",A
A15.5,"Φυματίωση του λάρυγγα, της τραχείας και των βρόγχων, επιβεβαιωμένη βακτηριολογικά και ιστολογικά",A
A15.6,"Φυματιώδης πλευρίτιδα, επιβεβαιωμένη βακτηριολογικά και ιστολογικά",A
A15.7,"Πρωτοπαθής φυματίωση του αναπνευστικού, επιβεβαιωμένη βακτηριολογικά και ιστολογικά",A
A15.8,"Άλλες μορφές φυματίωσης του αναπνευστικού, επιβεβαιωμένες βακτηριολογικά και ιστολογικά",A
A15.9,"Φυματίωση του αναπνευστικού μη καθορισμένη, επιβεβαιωμένη βακτηριολογικά και ιστολογικά",A
A16,"Φυματίωση του αναπνευστικού, που δεν έχει επιβεβαιωθεί βακτηριολογικά και ιστολογικά",A
A16.0,"Φυματίωση του πνεύμονα, βακτηριολογικά και ιστολογικά αρνητική",A
A16.1,"Φυματίωση του πνεύμονα, που δεν έχει γίνει βακτηριολογική και ιστολογική εξέταση",A
A16.2,"Φυματίωση του πνεύμονα, χωρίς να αναφέρεται βακτηριολογική ή ιστολογική επιβεβαίωση",A
A16.3,"Φυματίωση των ενδοθωρακικών λεμφαδένων, χωρίς να αναφέρεται βακτηριολογική ή ιστολογική επιβεβαίωση",A
A16.4,"Φυματίωση του λάρυγγα, της τραχείας και των βρόγχων, χωρίς να αναφέρεται βακτηριολογική ή ιστολογική επιβεβαίωση",A
A16.5,"Φυματιώδης πλευρίτιδα, χωρίς να αναφέρεται βακτηριολογική ή ιστολογική επιβεβαίωση",A
A16.7,Πρωτοπαθής φυματίωση του αναπνευστικού χωρίς να αναφέρεται βακτηριολογική ή ιστολογική επιβεβαίωση,A
A16.8,"Άλλες μορφές φυματίωσης του αναπνευστικού, χωρίς να αναφέρεται βακτηριολογική ή ιστολογική επιβεβαίωση",A
A16.9,"Φυματίωση του αναπνευστικού μη καθορισμένη, χωρίς να αναφέρεται βακτηριολογική ή ιστολογική επιβεβαίωση",A
A18,Φυματίωση άλλων οργάνων,A
A18.1,Φυματίωση του ουρογεννητικού συστήματος,A
A18.2,Φυματιώδης περιφερική λεμφαδενοπάθεια,A
A18.3,"Φυματίωση των εντέρων, του περιτοναίου και των μεσεντέριων αδένων",A
A18.4,Φυματίωση του δέρματος και του υποδόριου ιστού,A
A18.5,Φυματίωση του οφθαλμού,A
A18.6,Φυματίωση του ωτός,A
A18.8,Φυματίωση άλλων καθορισμένων οργάνων,A
A19,Κεχροειδής φυματίωση,A
A19.0,Οξεία κεχροειδής φυματίωση μονήρους καθορισμένης εντόπισης,A
A19.1,Οξεία κεχροειδής φυματίωση πολλαπλών εντοπίσεων,A
A19.2,"Οξεία κεχροειδής φυματίωση, μη καθορισμένη",A
A19.8,Άλλη κεχροειδής φυματίωση,A
A19.9,"Κεχροειδής φυματίωση, μη καθορισμένη",A
A20,Πανώλης,A
A20.0,Βουβωνική πανώλης,A
A20.1,Δερματική πανώλης,A
A20.2,Πνευμονική πανώλης,A
A20.3,Μηνιγγίτιδα από πανώλη,A
A20.7,Σηψαιμική πανώλης,A
A20.8,Άλλες μορφές πανώλους,A
A20.9,"Πανώλης, μη καθορισμένη",A
A21,Τουλαραιμία,A
A21.0,Ελκοαδενική τουλαραιμία,A
A21.1,Οφθαλμοαδενική τουλαραιμία,A
A21.2,Πνευμονική τουλαραιμία,A
A21.3,Γαστρεντερική τουλαραιμία,A
A21.7,Γενικευμένη τουλαραιμία,A
A21.8,Άλλες μορφές τουλαραιμίας,A
A21.9,"Τουλαραιμία, μη καθορισμένη",A
A22,Άνθρακας,A
A22.0,Δερματικός άνθρακας,A
A22.1,Πνευμονικός άνθρακας,A
A22.2,Γαστρεντερικός άνθρακας,A
A22.7,Σηψαιμία από άνθρακα,A
A22.8,Άλλες μορφές άνθρακα,A
A22.9,"Άνθρακας, μη καθορισμένος",A
A23,Βρουκέλλωση,A
A23.0,Βρουκέλωση από Brucella melitensis,A
A23.1,Βρουκέλωση από Brucella abortus,A
A23.2,Βρουκέλωση  από Brucella suis,A
A23.3,Βρουκέλωση απόBrucella canis,A
A23.8,Άλλη βρουκέλλωση,A
A23.9,"Βρουκέλλωση, μη καθορισμένη",A
A24,Μάλη και μελιοείδωση,A
A24.0,Μάλη,A
A24.1,Οξεία και κεραυνοβόλος μελιοείδωση,A
A24.2,Υποξεία και χρόνια μελιοείδωση,A
A24.3,Άλλη  μελιοείδωση,A
A24.4,"Μελιοείδωση, μη καθορισμένη",A
A25,Πυρετοί από δάγκωμα επίμυος,A
A25.0,Σπειρίλλωση,A
A25.1,Στρεπτοβακίλλωση,A
A25.9,"Πυρετός από δάγκωμα επίμυος, μη καθορισμένος",A
A26,Ερυσιπελοειδές,A
A26.0,Δερματικό ερυσιπελοειδές,A
A26.7,Σηψαιμία από Erysipelothrix,A
A26.8,Άλλες μορφές ερυσιπελοειδούς,A
A26.9,"Ερυσιπελοειδές, μη καθορισμένο",A
A27,Λεπτοσπείρωση,A
A27.0,Ικτεροαιμορραγική λεπτοσπείρωση,A
A27.8,Άλλες μορφές λεπτοσπείρωσης,A
A27.9,"Λεπτοσπείρωση, μη καθορισμένη",A
A28,"Άλλες βακτηριακές ζωοανθρωπονόσοι, που δεν ταξινομούνται αλλού",A
A28.0,Παστερέλλωση,A
A28.1,Νόσος από αμυχές γάτας,A
A28.2,Εξωεντερική υερσινίωση,A
A28.8,"Άλλες καθορισμένες βακτηριακές ζωοανθρωπονόσοι, που δεν ταξινομούνται αλλού",A
A28.9,"Βακτηριακή ζωοανθρωπονόσος, μη καθορισμένη",A
A30,Λέπρα [νόσος του Hansen],A
A30.0,Ακαθόριστη λέπρα,A
A30.1,Φυματιώδης λέπρα,A
A30.2,Οριακή φυματιώδης λέπρα,A
A30.3,Οριακή λέπρα,A
A30.4,Οριακή λεπρωματώδης λέπρα,A
A30.5,Λεπρωματώδης λέπρα,A
A30.8,Άλλες μορφές λέπρας,A
A30.9,"Λέπρα, μη καθορισμένη",A
A31,Λοίμωξη από άλλα μυκοβακτηρίδια,A
A31.0,Πνευμονική μυκοβακτηριδιακή λοίμωξη,A
A31.1,Δερματική μυκοβακτηριδιακή λοίμωξη,A
A31.8,Άλλες μυκοβακτηριδιακές λοιμώξεις,A
A31.9,"Μυκοβακτηριδιακή λοίμωξη, μη καθορισμένη",A
A32,Λιστερίωση,A
A32.0,Δερματική λιστερίωση,A
A32.7,Σηψαιμία από λιστέρια,A
A32.8,Άλλες μορφές λιστερίωσης,A
A32.9,"Λιστερίωση, μη καθορισμένη",A
A33,Τέτανος νεογνικός,A
A34,Τέτανος μαιευτικός,A
A35,Άλλα είδη τετάνου,A
A36,Διφθερίτιδα,A
A36.0,Φαρυγγική διφθερίτιδα,A
A36.1,Ρινοφαρυγγική διφθερίτιδα,A
A36.2,Λαρυγγική διφθερίτιδα,A
A36.3,Δερματική διφθερίτιδα,A
A36.8,Άλλες μορφές διφθερίτιδας,A
A36.9,"Διφθερίτιδα, μη καθορισμένη",A
A37,Κοκκύτης,A
A37.0,Κοκκύτης  από Bordetella pertussis,A
A37.1,Κοκκύτης από Βordetella parapertussis,A
A37.8,Κοκκύτης  από άλλα είδη Bordetella,A
A37.9,"Κοκκύτης, μη καθορισμένος",A
A38,Οστρακιά,A
A39,Μηνιγγιτιδοκοκκική λοίμωξη,A
A39.2,Οξεία μηνιγγιτιδοκοκκική σηψαιμία,A
A39.3,Χρονία μηνιγγιτιδοκοκκική σηψαιμία,A
A39.4,"Μηνιγγιτιδοκοκκική σηψαιμία, μη καθορισμένη",A
A39.8,Άλλες μηνιγγιτιδοκοκκικές λοιμώξεις,A
A39.9,"Μηνιγγιτιδοκοκκική λοίμωξη, μη καθορισμένη",A
A40,Στρεπτοκοκκική σηψαιμία,A
A40.0,"Σηψαιμία από Streptococcus, ομάδας A",A
A40.1,"Σηψαιμία από Streptococcus, ομάδας B",A
A40.2,"Σηψαιμία από Streptococcus, ομάδας D",A
A40.3,Σηψαιμία από Streptococcus pneumoniae,A
A40.8,Άλλη στρεπτοκοκκική σηψαιμία,A
A40.9,"Στρεπτοκοκκική σηψαιμία, μη καθορισμένη",A
A41,Άλλες μορφές σηψαιμίας,A
A41.0,Σηψαιμία από Staphylococcus aureus,A
A41.1,Σηψαιμία που οφείλεται σε άλλο καθορισμένο σταφυλόκοκκο.,A
A41.2,Σηψαιμία  από μη καθορισμένο σταφυλόκοκκο,A
A41.3,Σηψαιμία  από Haemophilus influenzae,A
A41.4,Σηψαιμία από αναερόβια,A
A41.5,Σηψαιμία από άλλους gram- αρνητικούς μικροοργανισμούς,A
A41.8,Άλλες καθορισμένες μορφές σηψαιμίας,A
A41.9,"Σηψαιμία, μη καθορισμένη",A
A42,Ακτινομυκητίαση,A
A42.0,Πνευμονική ακτινομυκητίαση,A
A42.1,Κοιλιακή ακτινομυκητίαση,A
A42.2,Τραχηλοπροσωπική ακτινομυκητίαση,A
A42.7,Σηψαιμία από ακτινομύκητα,A
A42.8,Άλλες μορφές ακτινομυκητίασης,A
A42.9,"Ακτινομυκητίαση, μη καθορισμένη",A
A43,Νοκαρδίωση,A
A43.0,Πνευμονική νοκαρδίωση,A
A43.1,Δερματική νοκαρδίωση,A
A43.8,Άλλες μορφές νοκαρδίωσης,A
A43.9,"Νοκαρδίωση, μη καθορισμένη",A
A44,Μπαρτονέλλωση,A
A44.0,Συστηματική μπαρτονέλλωση,A
A44.1,Δερματική και βλενογοννοδερματική μπαρτονέλλωση,A
A44.8,Άλλες μορφές μπαρτονέλλωσης,A
A44.9,"Μπαρτονέλλωση, μη καθορισμένη",A
A46,Ερυσίπελας,A
A48,Άλλα βακτηριακά νοσήματα που δεν ταξινομούνται αλλού,A
A48.0,Αεριογόνος γάγγραινα,A
A48.1,Νόσος των Λεγεωναρίων,A
A48.2,Εξωπνευμονική νόσος των Λεγεωναρίων [Πυρετός Pontiac],A
A48.3,Σύνδρομο τοξικής καταπληξίας,A
A48.4,Πορφυρικός πυρετός της Βραζιλίας,A
A48.8,Άλλα καθορισμένα βακτηριακά νοσήματα,A
A49,Βακτηριακή λοίμωξη μη καθορισμένης εντόπισης,A
A49.0,"Σταφυλοκοκκική λοίμωξη, μη καθορισμένης εντόπισης",A
A49.1,"Στρεπτοκοκκική λοίμωξη, μη καθορισμένης εντόπισης",A
A49.2,"Λοίμωξη από Haemophilus influenzae, μη καθορισμένης εντόπισης",A
A49.3,"Λοίμωξη από μυκόπλασμα, μη καθορισμένης εντόπισης",A
A49.8,Άλλες βακτηριακές λοιμώξεις μη καθορισμένης εντόπισης,A
A49.9,"Βακτηριακή λοίμωξη, μη καθορισμένη",A
A50,Συγγενής σύφιλη,A
A50.0,"Πρώιμη συγγενής σύφιλη, συμπτωματική",A
A50.1,"Πρώιμη συγγενής σύφιλη, λανθάνουσα",A
A50.2,"Πρώιμη συγγενής σύφιλη, μη καθορισμένη",A
A50.3,Όψιμη συγγενής συφιλιδική οφθαλμοπάθεια,A
A50.4,Όψιμη συγγενής νευροσύφιλη [νεανική νευροσύφιλη],A
A50.5,"Άλλη όψιμη συγγενής σύφιλη, συμπτωματική",A
A50.6,"Όψιμη συγγενής σύφιλη, λανθάνουσα",A
A50.7,"Όψιμη συγγενής σύφιλη, μη καθορισμένη",A
A50.9,"Συγγενής σύφιλη, μη καθορισμένη",A
A51,Πρώιμη σύφιλη,A
A51.0,Πρωτοπαθής σύφιλη των γεννητικών οργάνων,A
A51.1,Πρωτοπαθής σύφιλη του πρωκτού,A
A51.2,Πρωτοπαθής σύφιλη άλλων εντοπίσεων,A
A51.3,Δευτερογενής σύφιλη του δέρματος και των βλεννογόνων,A
A51.4,Άλλη δευτερογενής σύφιλη,A
A51.5,"Πρώιμη σύφιλη, λανθάνουσα",A
A51.9,"Πρώιμη σύφιλη, μη καθορισμένη",A
A52,Όψιμη σύφιλη,A
A52.1,Συμπτωματική νευροσύφιλη,A
A52.2,Ασυμπτωματική νευροσύφιλη,A
A52.3,"Νευροσύφιλη, μη καθορισμένη",A
A52.7,Άλλη συμπτωματική όψιμη σύφιλη,A
A52.8,"Όψιμη σύφιλη, λανθάνουσα",A
A52.9,"Όψιμη σύφιλη, μη καθορισμένη",A
A53,Άλλη και μη καθορισμένη σύφιλη,A
A53.0,"Λανθάνουσα σύφιλη, μη καθορισμένη ως πρώιμη ή όψιμη",A
A53.9,"Σύφιλη, μη καθορισμένη",A
A54,Γονοκοκκικές λοιμώξεις,A
A54.0,Γονοκοκκική λοίμωξη του κατώτερου ουρογεννητικού συστήματος χωρίς περιουρηθρικό απόστημα ή απόστημα των επικουρικών αδένων,A
A54.1,Γονοκοκκική λοίμωξη του κατώτερου ουρογεννητικού συστήματος με περιουρηθρικό απόστημα και απόστημα των επικουρικών αδένων,A
A54.2,Γονοκοκκική πυελοπεριτονίτιδα και άλλες γονοκοκκικές ουρογεννητικές λοιμώξεις,A
A54.3,Γονοκοκκική λοίμωξη του οφθαλμού,A
A54.5,Γονοκοκκική φαρυγγίτιδα,A
A54.6,Γονοκοκκική λοίμωξη του πρωκτού και του ορθού,A
A54.8,Άλλες γονοκοκκικές λοιμώξεις,A
A54.9,"Γονοκοκκική λοίμωξη, μη καθορισμένη",A
A55,Χλαμυδιακό λεμφοκοκκίωμα (αφροδίσιο),A
A56,Άλλα σεξουαλικώς μεταδιδόμενα χλαμυδιακά νοσήματα,A
A56.0,Χλαμυδιακή λοίμωξη του κατώτερου ουρογεννητικού συστήματος,A
A56.1,Χλαμυδιακή λοίμωξη του πυελικού περιτοναίου και άλλων οργάνων του ουρογεννητικού συστήματος.,A
A56.2,"Χλαμυδιακή λοίμωξη του ουρογεννητικού συστήματος, μη καθορισμένη",A
A56.3,Χλαμυδιακή λοίμωξη του πρωκτού και του ορθού,A
A56.4,Χλαμυδιακή λοίμωξη του φάρυγγα,A
A56.8,Σεξουαλικώς μεταδιδόμενη χλαμυδιακή λοίμωξη άλλων εντοπίσεων,A
A57,Μαλακό έλκος,A
A58,Αφροδίσιο κοκκίωμα,A
A59,Τριχομονάδωση,A
A59.0,Τριχομονάδωση του ουρογεννητικού συστήματος,A
A59.8,Tριχομονάδωση άλλων εντοπίσεων,A
A59.9,"Τριχομονάδωση, μη καθορισμένη",A
A60,Πρωκτογεννητική ερπητική λοίμωξη [από τον ιό του απλού έρπητα],A
A60.0,Ερπητική λοίμωξη των γεννητικών οργάνων και του ουρογεννητικού συστήματος,A
A60.1,Ερπητική λοίμωξη του περιπρωκτικού δέρματος και του ορθού,A
A60.9,"Πρωκτογεννητική ερπητική λοίμωξη, μη καθορισμένη",A
A63,"Άλλα νοσήματα που μεταδίδονται κυρίως με τη σεξουαλική οδό, που δεν ταξινομούνται αλλού",A
A63.0,Οξυτενή κονδυλώματα του πρωκτού και των γεννητικών οργάνων (αφροδίσια),A
A63.8,Άλλα καθορισμένα νοσήματα που μεταδίδονται κυρίως με τη σεξουαλική οδό,A
A64,Μη καθορισμένο σεξουαλικώς μεταδιδόμενο νόσημα,A
A65,Μη αφροδίσια σύφιλη,A
A66,Τροπική μόρωση [τροπικό θήλωμα] [Yaws],A
A66.0,Αρχικές βλάβες της τροπικής μόρωσης,A
A66.1,Πολλαπλά θηλώματα και υγρή «δύστροπη» τροπική μόρωση [wet crab yaws],A
A66.2,Άλλες πρώιμες δερματικές βλάβες της τροπικής μόρωσης,A
A66.3,Υπερκεράτωση της τροπικής μόρωσης,A
A66.4,Κομμιώματα και έλκη της τροπικής μόρωσης,A
A66.5,Gangosa [Διαβρωτική μόρωση],A
A66.6,Βλάβες οστών και αρθρώσεων σε τροπική μόρωση,A
A66.7,Άλλες εκδηλώσεις της τροπικής μόρωσης,A
A66.8,Λανθάνουσα τροπική μόρωση,A
A66.9,"Τροπική μόρωση, μη καθορισμένη",A
A67,Πίντα [κηλιδώδης νόσος],A
A67.0,Πρώιμες βλάβες της κηλιδώδους νόσου,A
A67.1,Ενδιάμεσες βλάβες της κηλιδώδους νόσου,A
A67.2,Όψιμες βλάβες της κηλιδώδους νόσου,A
A67.3,Μικτές βλάβες της κηλιδώδους νόσου,A
A67.9,"Πίντα [κηλιδώδης νόσος], μη καθορισμένη",A
A68,Υπόστροφος πυρετός,A
A68.0,Υπόστροφος πυρετός που μεταδίδεται με φθείρες,A
A68.1,Υπόστροφος πυρετός που μεταδίδεται με κρότωνες,A
A68.9,"Υπόστροφος πυρετός, μη καθορισμένος",A
A69,Άλλες σπειροχαιτικές λοιμώξεις,A
A69.0,Νεκρωτική ελκώδης στοματίτιδα,A
A69.1,Άλλες λοιμώξεις του Vincent,A
A69.2,Νόσος Lyme,A
A69.8,Άλλες καθορισμένες σπειροχαιτικές λοιμώξεις,A
A69.9,"Σπειροχαιτική λοίμωξη, μη καθορισμένη",A
A70,Λοίμωξη από Chlamydia psittaci,A
A71,Τράχωμα,A
A71.0,Αρχικό στάδιο του τραχώματος,A
A71.1,Ενεργό στάδιο του τραχώματος,A
A71.9,"Τράχωμα, μη καθορισμένο.",A
A74,Άλλα νοσήματα που προκαλούνται από χλαμύδια,A
A74.8,Άλλα χλαμυδιακά νοσήματα,A
A74.9,"Χλαμυδική λοίμωξη, μη καθορισμένη",A
A75,Πυρετός τύφου [typhus fever],A
A75.0,Επιδημικός πυρετός τύφου από  Rickettsia prowazekii που μεταδίδεται με τις φθείρες,A
A75.1,Υποτροπιάζων (παροξυσμικός) τύφος [νόσος του Brill],A
A75.2,Τύφος (πυρετός) από Rickettsia typhi,A
A75.3,Τύφος (πυρετός) από Rickettsia tsutsugamushi,A
A75.9,"Τύφος (πυρετός), μη καθορισμένος",A
A77,Κηλιδοβλατιδώδης πυρετός [κροτωνογενείς ρικετσιώσεις],A
A77.0,Κηλιδώδης πυρετός από Rickettsia rickettsii,A
A77.1,Κηλιδοβλατιδώδης πυρετός από Rickettsia conorii,A
A77.2,Κηλιδώδης πυρετός από Rickettsia sibirica,A
A77.3,Κηλιδώδης πυρετός από Rickettsia australis,A
A77.8,Άλλοι κηλιδώδεις πυρετοί,A
A77.9,"Κηλιδώδης πυρετός, μη καθορισμένος",A
A78,Πυρετός Q,A
A79,Άλλες ρικετσιώσεις,A
A79.0,Πυρετός των χαρακωμάτων,A
A79.1,Ρικετσιακή ανεμευλογιά από Rickettsia akari,A
A79.8,Άλλες καθορισμένες ρικετσιώσεις,A
A79.9,"Ρικετσίωση, μη καθορισμένη",A
A80,Οξεία πολιομυελίτιδα,A
A80.0,"Οξεία παραλυτική πολιομυελίτιδα, που σχετίζεται με το εμβόλιο",A
A80.1,"Οξεία παραλυτική πολιομυελίτιδα, από άγριο ιό, εισαγόμενο",A
A80.2,"Οξεία παραλυτική πολιομυελίτιδα, από άγριο ιό, αυτόχθονα",A
A80.3,"Οξεία παραλυτική πολιομυελίτιδα, άλλη και μη καθορισμένη",A
A80.4,Οξεία μη παραλυτική πολιομυελίτιδα,A
A80.9,"Οξεία πολιομυελίτιδα, μη καθορισμένη",A
A81,Άτυπες ιογενείς λοιμώξεις του κεντρικού νευρικού συστήματος.,A
A81.0,Νόσος Creutzfeldt-Jakob,A
A81.1,Υποξεία σκληρυντική πανεγκεφαλίτιδα,A
A81.2,Προϊούσα πολυεστιακή λευκοεγκεφαλοπάθεια,A
A81.8,Άλλες άτυπες ιογενείς λοιμώξεις του κεντρικού νευρικού συστήματος,A
A81.9,"Άτυπη ιογενής λοίμωξη του κεντρικού νευρικού συστήματος, μη καθορισμένη",A
A82,Λύσσα,A
A82.0,Λύσσα των δασών,A
A82.1,Αστικός τύπος λύσσας,A
A82.9,"Λύσσα, μη καθορισμένη",A
A83,Ιογενής εγκεφαλίτιδα που μεταδίδεται με κουνούπια,A
A83.0,Ιαπωνική εγκεφαλίτιδα,A
A83.1,Δυτική εγκεφαλίτιδα των αλόγων,A
A83.2,Ανατολική εγκεφαλίτιδα των αλόγων,A
A83.3,Εγκεφαλίτιδα του St. Louis,A
A83.4,Αυστραλιανή εγκεφαλίτιδα,A
A83.5,Εγκεφαλίτιδα της Καλιφόρνιας,A
A83.6,Νόσος από ιό Rocio,A
A83.8,Άλλη ιογενής εγκεφαλίτιδα που μεταδίδεται με κουνούπια,A
A83.9,"Ιογενής εγκεφαλίτιδα που μεταδίδεται με κουνούπια, μη καθορισμένη",A
A84,Κροτωνογενής ιογενής εγκεφαλίτιδα,A
A84.0,Κροτωνογενής εγκεφαλίτιδα της Άπω Ανατολής [Ρωσσική εγκεφαλίτιδα άνοιξης-καλοκαιριού],A
A84.1,Κροτωνογενής εγκεφαλίτιδα της Κεντρικής Ευρώπης,A
A84.8,Άλλη κροτωνογενής ιογενής εγκεφαλίτιδα,A
A84.9,"Ιογενής κροτωνογενής εγκεφαλίτιδα, μη καθορισμένη",A
A85,"Άλλη ιογενής εγκεφαλίτιδα, που δεν ταξινομείται αλλού",A
A85.2,"Ιογενής εγκεφαλίτιδα μεταδιδόμενη με αρθρόποδα, μη καθορισμένη",A
A85.8,Άλλη καθορισμένη ιογενής εγκεφαλίτιδα,A
A86,Μη καθορισμένη ιογενής εγκεφαλίτιδα,A
A87,Ιογενής μηνιγγίτιδα,A
A87.2,Λεμφοκυτταρική χοριομηνιγγίτιδα,A
A87.8,Άλλη ιογενής μηνιγγίτιδα,A
A87.9,"Ιογενής μηνιγγίτιδα, μη καθορισμένη",A
A88,"Άλλες ιογενείς λοιμώξεις του κεντρικού νευρικού συστήματος, που δεν ταξινομούνται αλλού",A
A88.0,Εξανθηματικός πυρετός από εντεροϊό [εξάνθημα της Βοστώνης],A
A88.1,Επιδημικός ίλιγγος,A
A88.8,Άλλες καθορισμένες ιογενείς λοιμώξεις του κεντρικού νευρικού συστήματος,A
A89,Μη καθορισμένη ιογενής λοίμωξη του κεντρικού νευρικού συστήματος,A
A90,Δάγγειος πυρετός [κλασσικός Δάγγειος],A
A91,Δάγγειος αιμορραγικός πυρετός,A
A92,Άλλοι ιογενείς πυρετοί που μεταδίδονται με κουνούπια,A
A92.0,Ιογενής νόσος  Chikungunya,A
A92.1,Πυρετός O'nyong-nyong,A
A92.2,Πυρετός των αλόγων της Βενεζουέλας,A
A92.3,Ιογενής λοίμωξη του Δυτικού Νείλου [West Nile],A
A92.4,Πυρετός της κοιλάδας Rift [Valley],A
A92.8,Άλλοι καθορισμένοι ιογενείς πυρετοί που μεταδίδονται με κουνούπια,A
A92.9,"Ιογενής πυρετός που μεταδίδεται με κουνούπια, μη καθορισμένος",A
A93,"Άλλοι ιογενείς πυρετοί που μεταδίδονται με αρθρόποδα, που δεν ταξινομούνται αλλού",A
A93.0,Ιογενής νόσος Oropouche,A
A93.1,Πυρετός Sandfly,A
A93.2,Κροτωνογενής πυρετός του Κολοράντο,A
A93.8,Άλλοι καθορισμένοι ιογενείς πυρετοί που μεταδίδονται με αρθρόποδα,A
A94,Μη καθορισμένος ιογενής πυρετός μεταδιδόμενος με αρθρόποδα,A
A95,Κίτρινος πυρετός,A
A95.0,Κίτρινος πυρετός των δασών,A
A95.1,Κίτρινος πυρετός των πόλεων,A
A95.9,"Κίτρινος πυρετός, μη καθορισμένος",A
A96,Αιμορραγικός πυρετός από αρεναϊούς,A
A96.0,Αιμορραγικός πυρετός από ιό Junin,A
A96.1,Αιμορραγικός πυρετός από ιό Machupo,A
A96.2,Πυρετός της Λάσσα [Lassa],A
A96.8,Άλλοι αιμορραγικοί πυρετοί από αρεναϊούς,A
A96.9,"Αιμορραγικός πυρετός από αρεναϊούς, μη καθορισμένος",A
A98,"Άλλοι ιογενείς αιμορραγικοί πυρετοί, που δεν ταξινομούνται αλλού",A
A98.0,Αιμορραγικός πυρετός της Κριμαίας-Κονγκό,A
A98.1,Αιμορραγικός πυρετός του Omsk,A
A98.2,Νόσος του δάσους Kyasanur [Kyasanur Forest],A
A98.3,Νόσος από ιό Marburg,A
A98.4,Νόσος από ιό Ebola,A
A98.5,Αιμορραγικός πυρετός με νεφρικό σύνδρομο,A
A98.8,Άλλοι καθορισμένοι ιογενείς αιμορραγικοί πυρετοί,A
A99,Μη καθορισμένος ιογενής αιμορραγικός πυρετός,A
B00,Λοιμώξεις από ερπητοϊό [ιό του απλού έρπητα],B
B00.0,Ερπητικό έκζεμα,B
B00.1,Φυσαλιδώδης δερματίτιδα από ερπητοϊό,B
B00.2,Ερπητική ουλοστοματίτιδα και φαρυγγοαμυγδαλίτιδα,B
B00.5,Eρπητική οφθαλμοπάθεια,B
B00.7,Διάχυτη ερπητική νόσος,B
B00.8,Άλλες μορφές ερπητικής λοίμωξης,B
B00.9,"Ερπητική λοίμωξη, μη καθορισμένη",B
B01,Ανεμευλογιά,B
B01.8,Ανεμευλογιά με άλλες επιπλοκές,B
B01.9,Ανεμευλογιά χωρίς επιπλοκή,B
B02,Ζωστήρας [έρπητας ζωστήρας],B
B02.3,Οφθαλμοπάθεια του ζωστήρα,B
B02.7,Διάχυτος ζωστήρας,B
B02.8,Ζωστήρας με άλλες επιπλοκές,B
B02.9,Ζωστήρας χωρίς επιπλοκή,B
B03,Ευλογιά,B
B04,Ευλογιά των πιθήκων,B
B05,Ιλαρά,B
B05.4,Ιλαρά με εντερικές επιπλοκές,B
B05.8,Ιλαρά με άλλες επιπλοκές,B
B05.9,Ιλαρά χωρίς επιπλοκή,B
B06,Ερυθρά [Γερμανική Ιλαρά],B
B06.8,Ερυθρά με άλλες επιπλοκές,B
B06.9,Ερυθρά χωρίς επιπλοκή,B
B07,Ιογενείς ακροχορδόνες [μυρμηκίες],B
B08,"Άλλες ιογενείς λοιμώξεις χαρακτηριζόμενες από βλάβες του δέρματος και των βλεννογόνων, που δεν ταξινομούνται αλλού",B
B08.0,Άλλες λοιμώξεις που οφείλονται σε ιό orthopox,B
B08.1,Μολυσματική τέρμινθος,B
B08.2,Αιφνίδιο εξάνθημα [έκτη νόσος],B
B08.3,Λοιμώδες ερύθημα [πέμπτη νόσος],B
B08.4,Φυσαλλιδώδης στοματίτιδα με εξάνθημα από εντεροϊό,B
B08.5,Φυσαλλιδώδης φαρυγγίτιδα από εντεροϊό,B
B08.8,Άλλες καθορισμένες ιογενείς λοιμώξεις χαρακτηριζόμενες από βλάβες του δέρματος και των βλεννογόνων,B
B09,Μη καθορισμένες ιογενείς λοιμώξεις χαρακτηριζόμενες από βλάβες του δέρματος και των βλεννογόνων,B
B15,Οξεία ηπατίτιδα Α,B
B15.0,Ηπατίτιδα Α με ηπατικό κώμα,B
B15.9,Ηπατίτιδα Α χωρίς ηπατικό κώμα,B
B16,Οξεία ηπατίτιδα Β,B
B16.0,Οξεία ηπατίτιδα Β με παράγοντα δέλτα (συλλοίμωξη) με ηπατικό κώμα,B
B16.1,Οξεία ηπατίτιδα Β με παράγοντα δέλτα (συλλοίμωξη) χωρίς ηπατικό κώμα,B
B16.2,Οξεία ηπατίτιδα Β χωρίς  παράγοντα δέλτα με ηπατικό κώμα,B
B16.9,Οξεία ηπατίτιδα Β χωρίς  παράγοντα δέλτα χωρίς ηπατικό κώμα,B
B17,Άλλη οξεία ιογενής ηπατίτιδα,B
B17.0,Οξεία (υπερ)λοίμωξη με παράγοντα δέλτα του φορέα ηπατίτιδας Β,B
B17.1,Οξεία ηπατίτιδα C,B
B17.2,Οξεία ηπατίτιδα Ε,B
B17.8,Άλλη καθορισμένη οξεία ιογενής ηπατίτιδα,B
B18,Χρόνια ιογενής ηπατίτιδα,B
B18.0,Χρόνια ιογενής ηπατίτιδα Β με παράγοντα δέλτα,B
B18.1,Χρόνια ιογενής ηπατίτιδα Β χωρίς παράγοντα δέλτα,B
B18.2,Χρόνια ιογενής ηπατίτιδα C,B
B18.8,Άλλη χρόνια ιογενής ηπατίτιδα,B
B18.9,"Χρόνια ιογενής ηπατίτιδα, μη καθορισμένη",B
B19,Μη καθορισμένη ιογενής ηπατίτιδα,B
B19.0,Μη καθορισμένη ιογενής ηπατίτιδα με ηπατικό κώμα,B
B19.9,Μη καθορισμένη ιογενής ηπατίτιδα χωρίς ηπατικό κώμα,B
B20,Νόσος από τον ιό της ανοσολογικής ανεπάρκειας του ανθρώπου [HIV] που καταλήγει σε λοιμώδη και παρασιτικά νοσήματα,B
B20.0,Νόσος HIV που καταλήγει σε μυκοβακτηριδιακή λοίμωξη,B
B20.1,Νόσος HIV που καταλήγει σε άλλες βακτηριακές λοιμώξεις,B
B20.2,Νόσος HIV που καταλήγει σε νόσο από κυτταρομεγαλοϊό,B
B20.3,Νόσος HIV που καταλήγει σε άλλες ιογενείς λοιμώξεις,B
B20.4,Νόσος HIV που καταλήγει σε καντιντίαση,B
B20.5,Νόσος HIV που καταλήγει σε άλλες μυκητιάσεις,B
B20.6,Νόσος HIV που καταλήγει σε πνευμονία από Pneumocystis jirovecii,B
B20.7,Νόσος HIV που καταλήγει σε πολλαπλές λοιμώξεις,B
B20.8,Νόσος HIV που καταλήγει σε άλλα λοιμώδη και παρασιτικά νοσήματα,B
B20.9,Νόσος HIV που καταλήγει σε μη καθορισμένο λοιμώδες ή παρασιτικό νόσημα,B
B21,Νόσος από τον ιό της ανοσολογικής ανεπάρκειας του ανθρώπου [HIV] που καταλήγει σε κακοήθη νεοπλάσματα,B
B21.0,Νόσος HIV που καταλήγει σε σάρκωμα Kaposi,B
B21.1,Νόσος HIV που καταλήγει σε λέμφωμα Burkitt,B
B21.2,Νόσος HIV που καταλήγει σε άλλους τύπους μη-Hodgkin λεμφώματος,B
B21.3,"Νόσος HIV που καταλήγει σε άλλα κακοήθη νεοπλάσματα του λεμφικού, αιμοποιητικού και  συσχετιζόμενων ιστών",B
B21.7,Νόσος HIV που καταλήγει σε πολλαπλά κακοήθη νεοπλάσματα,B
B21.8,Νόσος HIV που καταλήγει σε άλλα κακοήθη νεοπλάσματα,B
B21.9,Νόσος HIV που καταλήγει σε μη καθορισμένα κακοήθη νεοπλάσματα,B
B22,Νόσος από τον ιό της ανοσολογικής ανεπάρκειας του ανθρώπου [HIV] που καταλήγει σε άλλα καθορισμένα νοσήματα,B
B22.0,Νόσος HIV που καταλήγει σε εγκεφαλοπάθεια,B
B22.1,Νόσος HIV που καταλήγει σε λεμφοειδή διάμεση πνευμονίτιδα,B
B22.2,Νόσος HIV που καταλήγει σε σύνδρομο απίσχνασης,B
B22.7,Νόσος HIV που καταλήγει σε πολλαπλά νοσήματα που ταξινομούνται αλλού,B
B23,Νόσος από τον ιό της ανοσολογικής ανεπάρκειας του ανθρώπου [HIV] που καταλήγει σε άλλες καταστάσεις,B
B23.0,Οξύ σύνδρομο της HIV λοίμωξης,B
B23.1,Νόσος HIV που καταλήγει σε (εμμένουσα) γενικευμένη λεμφαδενοπάθεια,B
B23.2,"Νόσος HIV που καταλήγει σε αιματολογικές και ανοσολογικές ανωμαλίες, που δεν ταξινομούνται αλλού",B
B23.8,Νόσος HIV που καταλήγει σε άλλες καθορισμένες καταστάσεις,B
B24,Μη καθορισμένη νόσος από τον ιό της ανοσολογικής ανεπάρκειας του ανθρώπου [HIV],B
B25,Νόσος από κυτταρομεγαλοϊό,B
B25.8,Άλλα νοσήματα από κυτταρομεγαλοϊό,B
B25.9,"Νόσος από κυτταρομεγαλοϊό, μη καθορισμένο",B
B26,Παρωτίτιδα,B
B26.8,Παρωτίτιδα με άλλες επιπλοκές,B
B26.9,Παρωτίτιδα χωρίς επιπλοκές,B
B27,Λοιμώδης μονοπυρήνωση,B
B27.0,Γραμμαερπητική μονοπυρήνωση,B
B27.1,Μονοπυρήνωση που οφείλεται στον κυτταρομεγαλοϊό,B
B27.8,Άλλη λοιμώδης μονοπυρήνωση,B
B27.9,"Λοιμώδης μονοπυρήνωση, μη καθορισμένη",B
B30,Ιογενής επιπεφυκίτιδα,B
B30.2,Ιογενής φαρυγγοεπιπεφυκίτιδα,B
B30.9,"Ιογενής επιπεφυκίτιδα, μη καθορισμένη",B
B33,"Άλλα ιογενή νοσήματα, που δεν ταξινομούνται αλλού",B
B33.0,Επιδημική μυαλγία,B
B33.1,Νόσος του ποταμού Ross [Ross River],B
B33.2,Ιογενής καρδίτιδα,B
B33.3,"Λοιμώξεις από ρετροϊούς, που δεν ταξινομούνται αλλού",B
B33.8,Άλλα καθορισμένα ιογενή νοσήματα,B
B34,Ιογενείς λοιμώξεις μη καθορισμένης εντόπισης,B
B34.0,"Λοίμωξη από αδενοϊό, μη καθορισμένης εντόπισης",B
B34.1,"Λοίμωξη από εντεροϊό, μη καθορισμένης εντόπισης",B
B34.2,"Λοίμωξη από ιό Corona, μη καθορισμένης εντόπισης",B
B34.3,"Λοίμωξη από ιό Parvo, μη καθορισμένης εντόπισης",B
B34.4,"Λοίμωξη από ιό Papova, μη καθορισμένης εντόπισης",B
B34.8,Άλλες ιογενείς λοιμώξεις μη καθορισμένης εντόπισης,B
B34.9,"Ιογενής λοίμωξη, μη καθορισμένη",B
B35,Δερματοφύτωση,B
B35.0,Τριχοφυτία (παράτριμμα) της γενειάδας και του τριχωτού της κεφαλής,B
B35.1,Τριχοφυτία του νυχιού,B
B35.2,Τριχοφυτία του χεριού,B
B35.3,Τριχοφυτία του ποδιού,B
B35.4,Τριχοφυτία του σώματος,B
B35.5,Ανατολική ή Ινδική τριχοφυτία,B
B35.6,Τριχοφυτία των μηρογεννητικών πτυχών,B
B35.8,Άλλες δερματοφυτώσεις,B
B35.9,"Δερματοφύτωση, μη καθορισμένη",B
B36,Άλλες επιπολής μυκητιάσεις,B
B36.0,Ποικιλόχρους πιτυρίαση,B
B36.1,Τριχοφυτία μελανή,B
B36.2,Λευκή πιέδρα,B
B36.3,Μελανή πιέδρα,B
B36.8,Άλλες καθορισμένες επιπολής μυκητιάσεις,B
B36.9,"Επιπολής μυκητιάσεις, μη καθορισμένες",B
B37,Καντιντίαση,B
B37.0,Καντιντιασική στοματίτιδα,B
B37.1,Πνευμονική καντιντίαση,B
B37.2,Καντιντίαση του δέρματος και των νυχιών,B
B37.4,Καντιντίαση άλλων εντοπίσεων του ουρογεννητικού συστήματος,B
B37.7,Καντιντιασική σηψαιμία,B
B37.8,Καντιντίαση άλλων εντοπίσεων,B
B37.9,"Καντιντίαση, μη καθορισμένη",B
B38,Κοκκιδιοειδομυκητίαση,B
B38.0,Οξεία πνευμονική κοκκιδιοειδομυκητίαση,B
B38.1,Χρόνια πνευμονική κοκκιδιοειδομυκητίαση,B
B38.2,"Πνευμονική κοκκιδιοειδομυκητίαση, μη καθορισμένη",B
B38.3,Δερματική κοκκιδιοειδομυκητίαση,B
B38.7,Διάσπαρτη κοκκιδιοειδομυκητίαση,B
B38.8,Άλλες μορφές κοκκιδιοειδομυκητίασης,B
B38.9,"Κοκκιδιοειδομυκητίαση, μη καθορισμένη",B
B39,Ιστοπλάσμωση,B
B39.0,Οξεία πνευμονική ιστοπλάσμωση από Histoplasma capsulatum,B
B39.1,Χρόνια πνευμονική ιστοπλάσμωση από Histoplasma capsulatum,B
B39.2,"Πνευμονική ιστοπλάσμωση από Histoplasma capsulatum, μη καθορισμένη",B
B39.3,Διάσπαρτη ιστοπλάσμωση από Histoplasma capsulatum,B
B39.4,"Ιστοπλάσμωση από Histoplasma capsulatum, μη καθορισμένη",B
B39.5,Ιστοπλάσμωση από Histoplasma duboisii,B
B39.9,"Ιστοπλάσμωση, μη καθορισμένη",B
B40,Βλαστομυκητίαση,B
B40.0,Οξεία πνευμονική βλαστομυκητίαση,B
B40.1,Χρόνια πνευμονική βλαστομυκητίαση,B
B40.2,"Πνευμονική βλαστομυκητίαση, μη καθορισμένη",B
B40.3,Δερματική βλαστομυκητίαση,B
B40.7,Διάσπαρτη βλαστομυκητίαση,B
B40.8,Άλλες μορφές βλαστομυκητίασης,B
B40.9,"Βλαστομυκητίαση, μη καθορισμένη",B
B41,Παρακοκκιδιοειδομυκητίαση,B
B41.0,Πνευμονική παρακοκκιδιοειδομυκητίαση,B
B41.7,Διάσπαρτη παρακοκκιδιοειδομυκητίαση,B
B41.8,Άλλες μορφές παρακοκκιδιοειδομυκητίασης,B
B41.9,"Παρακοκκιδιοειδομυκητίαση, μη καθορισμένη",B
B42,Σποροτρίχωση,B
B42.1,Λεμφοδερματική σποροτρίχωση,B
B42.7,Διάσπαρτη σποροτρίχωση,B
B42.8,Άλλες μορφές σποροτρίχωσης,B
B42.9,"Σποροτρίχωση, μη καθορισμένη",B
B43,Χρωμομυκητίαση και φαιομυκητιασικό απόστημα,B
B43.0,Δερματική χρωμομυκητίαση,B
B43.1,Φαιομυκητιασικό εγκεφαλικό απόστημα,B
B43.2,Υποδόριο φαιομυκητιασικό απόστημα και κύστη,B
B43.8,Άλλες μορφές χρωμομυκητίασης,B
B43.9,"Χρωμομυκητίαση, μη καθορισμένη",B
B44,Ασπεργίλλωση,B
B44.0,Διηθητική πνευμονική ασπεργίλλωση,B
B44.1,Άλλη πνευμονική ασπεργίλλωση,B
B44.2,Ασπεργίλλωση των αμυγδαλών,B
B44.7,Διάσπαρτη ασπεργίλλωση,B
B44.8,Άλλες μορφές ασπεργίλλωσης,B
B44.9,"Ασπεργίλλωση, μη καθορισμένη",B
B45,Κρυπτοκόκκωση,B
B45.0,Πνευμονική κρυπτοκόκκωση,B
B45.1,Εγκεφαλική κρυπτοκόκκωση,B
B45.2,Δερματική κρυπτοκόκκωση,B
B45.3,Οστική κρυπτοκόκκωση,B
B45.7,Διάσπαρτη κρυπτοκόκκωση,B
B45.8,Άλλες μορφές κρυπτοκόκκωσης,B
B45.9,"Κρυπτοκόκκωση, μη καθορισμένη",B
B46,Ζυγομύκωση,B
B46.0,Πνευμονική μουκορμυκητίαση,B
B46.1,Ρινοεγκεφαλική μουκορμυκητίαση,B
B46.2,Γαστρεντερική μουκορμυκητίαση,B
B46.3,Δερματική μουκορμυκητίαση,B
B46.4,Διάσπαρτη μουκορμυκητίαση,B
B46.5,"Μουκορμυκητίαση, μη καθορισμένη",B
B46.8,Άλλες μορφές ζυγομύκωσης,B
B46.9,"Ζυγομύκωση, μη καθορισμένη",B
B47,Μυκήτωμα,B
B47.0,Ευμυκήτωμα,B
B47.1,Ακτινομυκήτωμα,B
B47.9,"Μυκήτωμα, μη καθορισμένο",B
B48,"Άλλες μυκητιάσεις, που δεν ταξινομούνται αλλού",B
B48.0,Λομπομύκωση,B
B48.1,Ρινοσποριδίωση,B
B48.2,Αλλεσχερίαση,B
B48.3,Γεωτρίχωση,B
B48.4,Πενικίλλωση,B
B48.7,Ευκαιριακές μυκητιάσεις,B
B48.8,Άλλες μυκητιάσεις,B
B49,Μη καθορισμένη μυκητίαση,B
B50,Ελονοσία από Plasmodium falciparum,B
B50.0,Ελονοσία από Plasmodium falciparum με εγκεφαλικές επιπλοκές,B
B50.8,Άλλες μορφές σοβαρής και επιπλεγμένης ελονοσίας από Plasmodium falciparum,B
B50.9,"Ελονοσία από Plasmodium falciparum, μη καθορισμένη",B
B51,Ελονοσία από Plasmodium vivax,B
B51.0,Ελονοσία από Plasmodium vivax με ρήξη σπληνός,B
B51.8,Ελονοσία από Plasmodium vivax με άλλες επιπλοκές,B
B51.9,Ελονοσία από Plasmodium vivax χωρίς επιπλοκή,B
B52,Ελονοσία από Plasmodium malariae,B
B52.0,Ελονοσία από Plasmodium malariae με νεφροπάθεια,B
B52.8,Ελονοσία από Plasmodium malariae με άλλες επιπλοκές,B
B52.9,Ελονοσία από Plasmodium malariae χωρίς επιπλοκή,B
B53,Άλλες μορφές ελονοσίας επιβεβαιωμένες παρασιτολογικά,B
B53.0,Ελονοσία από Plasmodium ovale,B
B53.1,Ελονοσία από πλασμώδια των πιθήκων,B
B53.8,"Άλλες μορφές ελονοσίας επιβεβαιωμένες παρασιτολογικά, που δεν ταξινομούνται αλλού",B
B54,Μη καθορισμένη ελονοσία,B
B55,Λεϊσμανίαση,B
B55.0,Σπλαχνική λεϊσμανίαση,B
B55.1,Δερματική λεϊσμανίαση,B
B55.2,Βλεννογονοδερματική λεϊσμανίαση,B
B55.9,"Λεϊσμανίαση, μη καθορισμένη",B
B56,Αφρικανική τρυπανοσωμίαση,B
B56.0,Γαμβιανή τρυπανοσωμίαση,B
B56.1,Ροδεσιανή τρυπανοσωμίαση,B
B56.9,"Αφρικανική τρυπανοσωμίαση, μη καθορισμένη",B
B57,Νόσος του Chagas,B
B57.1,Οξεία νόσος του Chagas χωρίς συμμετοχή της καρδιάς,B
B57.2,Νόσος του Chagas (χρόνια) με συμμετοχή της καρδιάς,B
B57.3,Νόσος του Chagas (χρόνια) με συμμετοχή του πεπτικού συστήματος,B
B57.4,Νόσος του Chagas (χρόνια) με συμμετοχή του νευρικού συστήματος,B
B57.5,Νόσος του Chagas (χρόνια) με συμμετοχή άλλου οργάνου,B
B58,Τοξοπλάσμωση,B
B58.8,Τοξοπλάσμωση με συμμετοχή άλλου οργάνου,B
B58.9,"Τοξοπλάσμωση, μη καθορισμένη",B
B60,"Άλλα πρωτοζωικά νοσήματα, που δεν ταξινομούνται αλλού",B
B60.0,Μπαμπεσίωση,B
B60.1,Ακανθαμοιβάδωση,B
B60.2,Nεγκλερίωση,B
B60.8,Άλλα καθορισμένα πρωτοζωικά νοσήματα,B
B64,Μη καθορισμένο πρωτοζωικό νόσημα,B
B65,Σχιστοσωμίαση [βιλαρζίαση],B
B65.0,Σχιστοσωμίαση από Schistosoma haematobium [σχιστοσωμίαση του ουροποιητικού],B
B65.1,Σχιστοσωμίαση από Schistosoma mansoni [εντερική σχιστοσωμίαση],B
B65.2,Σχιστοσωμίαση από Schistosoma japonicum,B
B65.3,Δερματίτιδα από κερκάριες,B
B65.8,Άλλες σχιστοσωμιάσεις,B
B65.9,"Σχιστοσωμίαση, μη καθορισμένη",B
B66,Άλλες λοιμώξεις από τρηματώδεις σκώληκες,B
B66.0,Οπισθορχίαση,B
B66.1,Κλωνορχίαση,B
B66.2,Δικροκοιλίαση,B
B66.3,Διστομίαση,B
B66.4,Παραγονιμίαση,B
B66.5,Φασιολοψίαση,B
B66.8,Άλλες καθορισμένες λοιμώξεις από τρηματώδεις σκώληκες,B
B66.9,"Λοίμωξη από τρηματώδεις σκώληκες, μη καθορισμένη",B
B67,Εχινοκοκκίαση,B
B67.0,Λοίμωξη του ήπατος από Echinococcus granulosus,B
B67.1,Λοίμωξη του πνεύμονα από Echinococcus granulosus,B
B67.2,Λοίμωξη των οστών από τον Echinococcus granulosus,B
B67.3,"Λοίμωξη από Echinococcus granulosus, άλλων και πολλαπλών εντοπίσεων",B
B67.4,"Λοίμωξη από Echinococcus granulosus, μη καθορισμένη",B
B67.5,Λοίμωξη του ήπατος από Echinococcus  multilocularis,B
B67.6,"Λοίμωξη από Echinococcus multilocularis,  άλλων και πολλαπλών εντοπίσεων",B
B67.7,Λοίμωξη από Echinococcus multilocularis μη καθορισμένη,B
B67.8,"Εχινοκοκκίαση μη καθορισμένη, του ήπατος",B
B67.9,"Εχινοκοκκίαση, άλλη και μη καθορισμένη",B
B68,Ταινίαση,B
B68.0,Ταινίαση από Taenia solium,B
B68.1,Ταινίαση από Taenia saginata,B
B68.9,"Ταινίαση, μη καθορισμένη",B
B69,Κυστικέρκωση,B
B69.0,Κυστικέρκωση του κεντρικού νευρικού συστήματος,B
B69.1,Κυστικέρκωση του οφθαλμού,B
B69.8,Κυστικέρκωση άλλων εντοπίσεων,B
B69.9,"Κυστικέκρωση, μη καθορισμένη",B
B70,Διφυλλοβοθρίαση και σπαργάνωση,B
B70.0,Διφυλλοβοθρίαση,B
B70.1,Σπαργάνωση,B
B71,Άλλες λοιμώξεις από κεστώδεις σκώληκες,B
B71.0,Υμενολεπίαση,B
B71.1,Διπυλιδίαση,B
B71.8,Άλλες καθορισμένες λοιμώξεις από κεστώδεις σκώληκες,B
B71.9,"Λοίμωξη από κεστώδεις σκώληκες, μη καθορισμένη",B
B72,Δρακοντίαση,B
B73,Ογκοκέρκωση,B
B74,Φιλαρίαση,B
B74.0,Φιλαρίαση από Wuchereria bancrofti,B
B74.1,Φιλαρίαση  από  Brugia malayi,B
B74.2,Φιλαρίαση  από Brugia timori,B
B74.3,Λοΐαση [Loiasis],B
B74.4,Μανσονελλίαση,B
B74.8,Άλλες φιλαριάσεις,B
B74.9,"Φιλαρίαση, μη καθορισμένη",B
B75,Τριχινέλλωση,B
B76,Αγκυλοστομιάσεις,B
B76.0,Αγκυλοστομίαση,B
B76.1,Νεκατορίαση,B
B76.8,Άλλες αγκυλοστομιάσεις,B
B76.9,"Αγκυλοστομίαση, μη καθορισμένη",B
B77,Ασκαριδίαση,B
B77.0,Ασκαριδίαση με εντερικές επιπλοκές,B
B77.8,Ασκαριδίαση με άλλες επιπλοκές,B
B77.9,"Ασκαριδίαση, μη καθορισμένη",B
B78,Στρογγυλοειδίαση,B
B78.0,Εντερική στρογγυλοειδίαση,B
B78.1,Δερματική στρογγυλοειδίαση,B
B78.7,Διάσπαρτη στρογγυλοειδίαση,B
B78.9,"Στρογγυλοειδίαση, μη καθορισμένη",B
B79,Τριχουρίαση,B
B80,Εντεροβίαση (Λοίμωξη από νηματέλμηνθες),B
B81,"Άλλες εντερικές ελμινθιάσεις, που δεν ταξινομούνται αλλού",B
B81.0,Ανισακίαση,B
B81.1,Εντερική καπιλλαρίαση,B
B81.2,Τριχοστρογγυλίαση,B
B81.3,Εντερική αγγειοστρογγυλίαση,B
B81.4,Μικτές εντερικές ελμινθιάσεις,B
B81.8,Άλλες καθορισμένες εντερικές ελμινθιάσεις,B
B82,Μη καθορισμένη εντερική παρασίτωση,B
B82.0,"Εντερική ελμινθίαση, μη καθορισμένη",B
B82.9,"Εντερική παρασίτωση, μη καθορισμένη",B
B83,Άλλες ελμινθιάσεις,B
B83.0,Σπλαχνική μεταναστευτική προνύμφη,B
B83.1,Γναθοστομίαση,B
B83.2,Αγγειοστρογγυλίαση από Parastrongylus cantonensis,B
B83.3,Συγγαμίαση,B
B83.4,Εσωτερική ιρουδινίαση,B
B83.8,Άλλες καθορισμένες ελμινθιάσεις,B
B83.9,"Ελμινθίαση, μη καθορισμένη",B
B85,Φθειρίαση,B
B85.0,Φθειρίαση από Pediculus humanus capitis,B
B85.1,Φθειρίαση που οφείλεται σε Pediculus humanus corporis,B
B85.2,"Φθειρίαση, μη καθορισμένη",B
B85.3,Φθειρίαση,B
B85.4,Μικτή φθειρίαση,B
B86,Ψώρα,B
B87,Μυΐαση,B
B87.0,Δερματική μυΐαση,B
B87.1,Τραυματική μυΐαση,B
B87.2,Οφθαλμική μυΐαση,B
B87.3,Ρινοφαρυγγική μυΐαση,B
B87.4,Μυΐαση του ωτός,B
B87.8,Μυΐαση άλλων εντοπίσεων,B
B87.9,"Μυΐαση, μη καθορισμένη",B
B88,Άλλες παρασιτώσεις,B
B88.0,Άλλη ακαρίαση,B
B88.1,Δερματική λοίμωξη από ψύλλο,B
B88.2,Άλλες λοιμώξεις από αρθρόποδα,B
B88.3,Εξωτερική ιρουδινίαση,B
B88.8,Άλλες καθορισμένες μολύνσεις από παράσιτα,B
B88.9,"Παρασίτωση, μη καθορισμένη",B
B89,Μη καθορισμένο παρασιτικό νόσημα,B
B90,Όψιμα αποτελέσματα της φυματίωσης,B
B90.0,Όψιμα αποτελέσματα της φυματίωσης του κεντρικού νευρικού συστήματος,B
B90.1,Όψιμα αποτελέσματα της φυματίωσης του ουρογεννητικού συστήματος,B
B90.2,Όψιμα αποτελέσματα της φυματίωσης των οστών και των αρθρώσεων,B
B90.8,Όψιμα αποτελέσματα της φυματίωσης άλλων οργάνων,B
B90.9,Όψιμα αποτελέσματα της φυματίωσης του αναπνευστικού συστήματος και μη καθορισμένων μορφών φυματίωσης,B
B91,Όψιμα αποτελέσματα της πολιομυελίτιδας,B
B92,Όψιμα αποτελέσματα της λέπρας,B
B94,Όψιμα αποτελέσματα άλλων και μη καθορισμένων λοιμωδών και παρασιτικών νοσημάτων,B
B94.0,Όψιμα αποτελέσματα του τραχώματος,B
B94.1,Όψιμα αποτελέσματα της ιογενούς εγκεφαλίτιδας,B
B94.2,Όψιμα αποτελέσματα της ιογενούς ηπατίτιδας,B
B94.8,Όψιμα αποτελέσματα άλλων καθορισμένων λοιμωδών και παρασιτικών νοσημάτων,B
B94.9,Όψιμα αποτελέσματα μη καθορισμένων λοιμωδών και παρασιτικών νοσημάτων,B
B95,Streptococcus και Staphylococcus ως η αιτία νοσημάτων που ταξινομούνται σε άλλα κεφάλαια,B
B95.0,"Streptococcus, ομάδας Α, ως η αιτία νοσημάτων που ταξινομούνται σε άλλα κεφάλαια",B
B95.1,"Streptococcus, ομάδας Β, ως η αιτία νοσημάτων που ταξινομούνται σε άλλα κεφάλαια",B
B95.2,"Streptococcus, ομάδας D, ως η αιτία νοσημάτων που ταξινομούνται σε άλλα κεφάλαια",B
B95.3,Streptococcus pneumoniae ως η αιτία νοσημάτων που ταξινομούνται σε άλλα κεφάλαια,B
B95.4,Άλλος Streptococcus ως η αιτία νοσημάτων που ταξινομούνται σε άλλα κεφάλαια,B
B95.5,Μη καθορισμένος Streptococcus ως η αιτία νοσημάτων που ταξινομούνται σε άλλα κεφάλαια,B
B95.6,Χρυσίζων σταφυλόκοκκος [S. aureus] ως η αιτία νοσημάτων που ταξινομούνται σε άλλα κεφάλαια,B
B95.7,Άλλος Staphylococcus ως η αιτία νοσημάτων που ταξινομούνται σε άλλα κεφάλαια,B
B95.8,Mη καθορισμένος Staphylococcus ως η αιτία νοσημάτων που ταξινομούνται σε άλλα κεφάλαια,B
B96,Άλλοι βακτηριακοί παράγοντες ως η αιτία νοσημάτων που ταξινομούνται σε άλλα κεφάλαια,B
B96.0,Mycoplasma  pneumoniae ως η αιτία νοσημάτων που ταξινομούνται σε άλλα κεφάλαια,B
B96.1,Klebsiella pneumonia ως αιτία η νοσημάτων που ταξινομούνται σε άλλα κεφάλαια,B
B96.2,Escherichia coli ως η αιτία νοσημάτων που ταξινομούνται σε άλλα κεφάλαια,B
B96.3,Haemophilus. influenzae ως η αιτία νοσημάτων που ταξινομούνται σε άλλα κεφάλαια,B
B96.4,Proteus (mirabilis) (morganii) ως η αιτία νοσημάτων που ταξινομούνται σε άλλα κεφάλαια,B
B96.5,Pseudomonas (aerigunosa) (mallei) (pseudomallei) ως η αιτία νοσημάτων που ταξινομούνται σε άλλα κεφάλαια,B
B96.6,Bacillus fragilis ως η αιτία νοσημάτων που ταξινομούνται σε άλλα κεφάλαια,B
B96.7,Clostridium  perfrigens ως η αιτία νοσημάτων που ταξινομούνται σε άλλα κεφάλαια,B
B96.8,Άλλοι καθορισμένοι βακτηριακοί παράγοντες ως η αιτία νοσημάτων που ταξινομούνται σε άλλα κεφάλαια,B
B97,Ιογενείς παράγοντες ως η αιτία νοσημάτων που ταξινομούνται σε άλλα κεφάλαια,B
B97.0,Αδενοϊός ως η αιτία νοσημάτων που ταξινομούνται σε άλλα κεφάλαια,B
B97.1,Εντεροϊός ως η αιτία νοσημάτων που ταξινομούνται σε άλλα κεφάλαια,B
B97.2,Ιός corona ως η αιτία νοσημάτων που ταξινομούνται σε άλλα κεφάλαια,B
B97.3,Ρετροϊός (retrovirus) ως η αιτία νοσημάτων που ταξινομούνται σε άλλα κεφάλαια,B
B97.4,Συγκυτιακός ιός του αναπνευστικού ως η αιτία νοσημάτων που ταξινομούνται σε άλλα κεφάλαια,B
B97.5,Ρεοϊός (reovirus) ως η αιτία νοσημάτων που ταξινομούνται σε άλλα κεφάλαια,B
B97.6,Παρβοϊός (parvovirus) ως η αιτία νοσημάτων που ταξινομούνται σε άλλα κεφάλαια,B
B97.7,Ιός του θηλώματος (papillomavirus) ως η αιτία νοσημάτων που ταξινομούνται σε άλλα  κεφάλαια,B
B97.8,Άλλοι ιογενείς παράγοντες ως η αιτία νοσημάτων που ταξινομούνται σε άλλα κεφάλαια,B
B98,Άλλοι καθορισμένοι λοιμογόνοι παράγοντες ως η αιτία νοσημάτων που ταξινομούνται σε άλλα κεφάλαια,B
B99,Άλλα και μη καθορισμένα λοιμώδη νοσήματα,B
C00,Κακόηθες νεόπλασμα του χείλους,C
C00.0,Εξωτερικής επιφάνειας του άνω χείλους,C
C00.1,Εξωτερικής επιφάνειας του κάτω χείλους,C
C00.2,"Εξωτερικής επιφάνειας του χείλους, μη καθορισμένο",C
C00.3,Εσωτερικής επιφάνειας [βλεννογόνου] του άνω χείλους,C
C00.4,Εσωτερικής επιφάνειας [βλεννογόνου] του κάτω χείλους,C
C00.5,"Εσωτερικής επιφάνειας [βλεννογόνου] του χείλους, μη καθορισμένο",C
C00.6,Γωνίας του στόματος [συγχειλίας],C
C00.8,Επικαλύπτουσα αλλοίωση του χείλους,C
C00.9,"Χείλους, μη καθορισμένο",C
C01,Κακόηθες νεόπλασμα της βάσης της γλώσσας,C
C02,Κακόηθες νεόπλασμα άλλων και μη καθορισμένων τμημάτων της γλώσσας,C
C02.0,Ραχιαίας [άνω] επιφάνειας της γλώσσας,C
C02.1,Ορίου της γλώσσας,C
C02.2,Κάτω επιφάνειας της γλώσσας,C
C02.3,"Προσθίων δύο τριτημορίων της γλώσσας, μη καθορισμένης εντόπισης",C
C02.4,Γλωσσικής αμυγδαλής,C
C02.8,Επικαλύπτουσα αλλοίωση της γλώσσας,C
C02.9,"Γλώσσας, μη καθορισμένο",C
C03,Κακόηθες νεόπλασμα των ούλων,C
C03.0,Άνω ούλων,C
C03.1,Κάτω ούλων,C
C03.9,"Ούλων, μη καθορισμένο",C
C04,Κακόηθες νεόπλασμα του εδάφους του στόματος,C
C04.0,Πρόσθιου τμήματος του εδάφους του στόματος,C
C04.1,Πλαγίου τμήματος του εδάφους του στόματος,C
C04.8,Επικαλύπτουσα αλλοίωση του εδάφους του στόματος,C
C04.9,"Εδάφους του στόματος, μη καθορισμένο",C
C05,Κακόηθες νεόπλασμα της υπερώας,C
C05.0,Σκληράς υπερώας,C
C05.1,Μαλθακής υπερώας,C
C05.2,Σταφυλής,C
C05.8,Επικαλύπτουσα αλλοίωση της υπερώας,C
C05.9,"Υπερώας, μη καθορισμένο",C
C06,Κακόηθες νεόπλασμα άλλων και μη καθορισμένων  τμημάτων του στόματος,C
C06.0,Βλεννογόνου της παρειάς,C
C06.1,Προστομίου,C
C06.2,Οπισθογόμφιου περιοχής,C
C06.8,Επικαλύπτουσα αλλοίωση άλλων και μη καθορισμένων τμημάτων του στόματος,C
C06.9,"Στόματος, μη καθορισμένο",C
C07,Κακόηθες νεόπλασμα της παρωτίδας,C
C08,Κακόηθες  νεόπλασμα  άλλων και μη καθορισμένων μειζόνων σιελογόνων αδένων,C
C08.0,Υπογνάθιου αδένα [κάτω γνάθου],C
C08.1,Υπογλώσσιου αδένα,C
C08.8,Επικαλύπτουσα αλλοίωση μειζόνων σιελογόνων αδένων,C
C08.9,"Μείζονος σιελογόνου αδένα, μη καθορισμένου",C
C09,Κακόηθες νεόπλασμα της αμυγδαλής,C
C09.0,Αμυγδαλικού βοθρίου,C
C09.1,Αμυγδαλικής [παρίσθμιας] καμάρας (πρόσθιας) (οπίσθιας),C
C09.8,Επικαλύπτουσα αλλοίωση της αμυγδαλής,C
C09.9,"Αμυγδαλής, μη καθορισμένο",C
C10,Κακόηθες νεόπλασμα του στοματοφάρυγγα,C
C10.0,Γλωσσοεπιγλωττιδικού βοθρίου,C
C10.1,Πρόσθιας επιφάνειας της επιγλωττίδας,C
C10.2,Πλάγιου τοιχώματος του στοματοφάρυγγα,C
C10.3,Οπίσθιου τοιχώματος του στοματοφάρυγγα,C
C10.4,Βραγχιακής σχισμής,C
C10.8,Επικαλύπτουσα αλλοίωση του στοματοφάρυγγα,C
C10.9,"Στοματοφάρυγγα, μη καθορισμένο",C
C11,Κακόηθες νεόπλασμα του ρινοφάρυγγα,C
C11.0,Άνω τοιχώματος του ρινοφάρυγγα,C
C11.1,Οπίσθιου τοιχώματος του ρινοφάρυγγα,C
C11.2,Πλάγιου τοιχώματος του ρινοφάρυγγα,C
C11.3,Πρόσθιου τοιχώματος του ρινοφάρυγγα,C
C11.8,Επικαλύπτουσα αλλοίωση του ρινοφάρυγγα,C
C11.9,"Ρινοφάρυγγα, μη καθορισμένο",C
C12,Κακόηθες νεόπλασμα του απιοειδούς κόλπου,C
C13,Κακόηθες νεόπλασμα του υποφάρυγγα,C
C13.0,Οπισθοκρικοειδούς περιοχής,C
C13.1,"Αρυταινοεπιγλωττιδικής πτυχής, υποφαρυγγικής μοίρας",C
C13.2,Οπίσθιου τοιχώματος του υποφάρυγγα,C
C13.8,Επικαλύπτουσα αλλοίωση του υποφάρυγγα,C
C13.9,"Υποφάρυγγα, μη καθορισμένο",C
C14,"Κακόηθες νεόπλασμα άλλων και ασαφώς καθοριζόμενων εντοπίσεων στο χείλος, τη στοματική κοιλότητα και το φάρυγγα",C
C14.0,"Φάρυγγα, μη καθορισμένο",C
C14.2,Δακτυλίου του Waldeyer,C
C14.8,"Επικαλύπτουσα αλλοίωση του χείλους, της στοματικής κοιλότητας και του φάρυγγα",C
C15,Κακόηθες νεόπλασμα του οισοφάγου,C
C15.0,Τραχηλικής μοίρας του οισοφάγου,C
C15.1,Θωρακικής μοίρας του οισοφάγου,C
C15.2,Κοιλιακής μοίρας του οισοφάγου,C
C15.3,Άνω τριτημόριου του οισοφάγου,C
C15.4,Μέσου τριτημόριου του οισοφάγου,C
C15.5,Κάτω τριτημόριου του οισοφάγου,C
C15.8,Επικαλύπτουσα αλλοίωση του οισοφάγου,C
C15.9,"Οισοφάγου, μη καθορισμένο",C
C16,Κακόηθες νεόπλασμα του στομάχου,C
C16.0,Καρδίας του στομάχου,C
C16.1,Θόλου του στομάχου,C
C16.2,Σώματος του στομάχου,C
C16.3,Πυλωρικού άντρου,C
C16.4,Πυλωρού,C
C16.5,"Ελάσσονος τόξου του στομάχου, μη καθορισμένο",C
C16.6,"Μείζονος τόξου του στομάχου, μη καθορισμένο",C
C16.8,Επικαλύπτουσα αλλοίωση του στομάχου,C
C16.9,"Στομάχου, μη καθορισμένο",C
C17,Κακόηθες νεόπλασμα του λεπτού εντέρου,C
C17.0,Δωδεκαδακτύλου,C
C17.1,Νήστιδας,C
C17.2,Ειλεού,C
C17.3,Μεκελλείου απόφυσης,C
C17.8,Επικαλύπτουσα αλλοίωση του λεπτού εντέρου,C
C17.9,"Λεπτού εντέρου, μη καθορισμένο",C
C18,Κακόηθες νεόπλασμα του παχέος εντέρου [κόλου],C
C18.0,Τυφλού,C
C18.1,Σκωληκοειδούς απόφυσης,C
C18.2,Ανιόντος κόλου,C
C18.3,Ηπατικής καμπής,C
C18.4,Εγκάρσιου κόλου,C
C18.5,Σπληνικής καμπής,C
C18.6,Κατιόντος κόλου,C
C18.7,Σιγμοειδούς κόλου,C
C18.8,Επικαλύπτουσα αλλοίωση του παχέος εντέρου [κόλου],C
C18.9,"Παχέος εντέρου [κόλου], μη καθορισμένο",C
C19,Κακόηθες νεόπλασμα της ορθοσιγμοειδικής συμβολής,C
C20,Κακόηθες νεόπλασμα του ορθού,C
C21,Κακόηθες νεόπλασμα του πρωκτού και του πρωκτικού σωλήνα,C
C21.0,"Πρωκτού, μη καθορισμένο",C
C21.1,Πρωκτικού σωλήνα,C
C21.2,Κλοακογενούς ζώνης,C
C21.8,"Επικαλύπτουσα αλλοίωση του ορθού, του πρωκτού και του πρωκτικού σωλήνα",C
C22,Κακόηθες νεόπλασμα του ήπατος και των ενδοηπατικών χοληφόρων πόρων,C
C22.0,Καρκίνωμα ηπατικών κυττάρων,C
C22.1,Καρκίνωμα του ενδοηπατικού χοληφόρου πόρου,C
C22.2,Ηπατοβλάστωμα,C
C22.3,Αγγειοσάρκωμα του ήπατος,C
C22.4,Άλλα σαρκώματα του ήπατος,C
C22.7,Άλλα καθορισμένα καρκινώματα του ήπατος,C
C22.9,"Ήπατος, μη καθορισμένο",C
C23,Κακόηθες νεόπλασμα της χοληδόχου κύστης,C
C24,Κακόηθες νεόπλασμα άλλων και μη καθορισμένων τμημάτων της χοληφόρου οδού,C
C24.0,Εξωηπατικού χοληφόρου πόρου,C
C24.1,Ληκύθου του Vater,C
C24.8,Επικαλύπτουσα αλλοίωση της χοληφόρου οδού,C
C24.9,"Χοληφόρου οδού, μη καθορισμένο",C
C25,Κακόηθες νεόπλασμα του παγκρέατος,C
C25.0,Κεφαλής του παγκρέατος,C
C25.1,Σώματος του παγκρέατος,C
C25.2,Ουράς του παγκρέατος,C
C25.3,Παγκρεατικού πόρου,C
C25.4,Ενδοκρινούς μοίρας του παγκρέατος,C
C25.7,Άλλων τμημάτων του παγκρέατος,C
C25.8,Επικαλύπτουσα αλλοίωση του παγκρέατος,C
C25.9,"Παγκρέατος, μη καθορισμένο",C
C26,Κακόηθες νεόπλασμα άλλων και ασαφώς καθοριζόμενων οργάνων του πεπτικού συστήματος,C
C26.0,"Εντερικού σωλήνα, μη καθορισμένου τμήματος",C
C26.1,Σπλήνα,C
C26.8,Επικαλύπτουσα αλλοίωση του πεπτικού συστήματος,C
C26.9,Ασαφώς καθοριζόμενων εντοπίσεων μέσα στο πεπτικό σύστημα,C
C30,Κακόηθες νεόπλασμα της ρινικής κοιλότητας και του μέσου ωτός,C
C30.0,Ρινικής κοιλότητας,C
C30.1,Μέσου ωτός,C
C31,Κακόηθες νεόπλασμα των επικουρικών [παραρινίων] κόλπων,C
C31.0,Γναθιαίου κόλπου,C
C31.1,Ηθμοειδούς κόλπου,C
C31.2,Μετωπιαίου κόλπου,C
C31.3,Σφηνοειδούς κόλπου,C
C31.8,Επικαλύπτουσα αλλοίωση των επικουρικών [παραρινίων] κόλπων,C
C31.9,"Επικουρικών [παραρινίων] κόλπων, μη καθορισμένο",C
C32,Κακόηθες νεόπλασμα του λάρυγγα,C
C32.0,Γλωττίδας,C
C32.1,Υπεργλωττιδικής μοίρας,C
C32.2,Υπογλωττιδικής μοίρας,C
C32.3,Λαρυγγικού χόνδρου,C
C32.8,Επικαλύπτουσα αλλοίωση του λάρυγγα,C
C32.9,"Λάρυγγα, μη καθορισμένο",C
C33,Κακόηθες νεόπλασμα της τραχείας,C
C34,Κακόηθες νεόπλασμα βρόγχου και πνεύμονα,C
C34.0,Κύριου βρόγχου,C
C34.1,"Άνω λοβού, βρόγχου ή πνεύμονα",C
C34.2,"Μέσου λοβού, βρόγχου ή πνεύμονα",C
C34.3,"Κάτω λοβού, βρόγχου ή πνεύμονα",C
C34.8,Επικαλύπτουσα αλλοίωση του βρόγχου και του πνεύμονα,C
C34.9,"Βρόγχου ή πνεύμονα, μη καθορισμένο",C
C37,Κακόηθες νεόπλασμα του θύμου αδένα,C
C38,"Κακόηθες νεόπλασμα της καρδιάς, του μεσοθωράκιου και του υπεζωκότα",C
C38.0,Καρδιάς,C
C38.1,Πρόσθιου μεσοθωράκιου,C
C38.2,Οπίσθιου μεσοθωράκιου,C
C38.3,"Μεσοθωράκιου, μη καθορισμένου τμήματος",C
C38.4,Υπεζωκότα,C
C38.8,"Επικαλύπτουσα αλλοίωση της καρδιάς, του μεσοθωράκιου και του υπεζωκότα",C
C39,Κακόηθες νεόπλασμα άλλων και ασαφώς καθοριζόμενων εντοπίσεων του αναπνευστικού συστήματος και των ενδοθωρακικών οργάνων,C
C39.0,"Ανώτερης αναπνευστικής οδού, μη καθορισμένου τμήματος",C
C39.8,Επικαλύπτουσα αλλοίωση του αναπνευστικού και των ενδοθωρακικών οργάνων,C
C39.9,Ασαφώς καθοριζόμενων εντοπίσεων μέσα στο αναπνευστικό σύστημα,C
C40,Κακόηθες νεόπλασμα των οστών και των αρθρικών χόνδρων των άκρων,C
C40.0,Ωμοπλάτης και μακρών οστών του άνω άκρου,C
C40.1,Βραχέων οστών του άνω άκρου,C
C40.2,Μακρών οστών του κάτω άκρου,C
C40.3,Βραχέων οστών του κάτω άκρου,C
C40.8,Επικαλύπτουσα αλλοίωση των οστών και των αρθρικών χόνδρων των άκρων,C
C40.9,"Οστών και αρθρικών χόνδρων των άκρων, μη καθορισμένο",C
C41,Κακόηθες νεόπλασμα των οστών και των αρθρικών χόνδρων άλλων και μη καθορισμένων εντοπίσεων,C
C41.0,Οστών του κρανίου και του προσώπου,C
C41.1,Κάτω γνάθου,C
C41.2,Σπονδυλικής στήλης,C
C41.3,"Πλευρών, στέρνου και κλείδας",C
C41.4,"Οστών της πυέλου, ιερού οστού και κόκκυγα",C
C41.8,Επικαλύπτουσα αλλοίωση των οστών και των αρθρικών χόνδρων,C
C41.9,"Οστών και αρθρικών χόνδρων, μη καθορισμένο",C
C43,Κακόηθες μελάνωμα του δέρματος,C
C43.0,Κακόηθες μελάνωμα του χείλους,C
C43.1,"Κακόηθες μελάνωμα του βλεφάρου, συμπεριλαμβανομένου του κανθού",C
C43.2,Κακόηθες μελάνωμα του ωτός και του έξω ακουστικού πόρου,C
C43.3,Κακόηθες μελάνωμα άλλων και μη καθορισμένων τμημάτων του προσώπου,C
C43.4,Κακόηθες μελάνωμα του τριχωτού της κεφαλής και του τραχήλου,C
C43.5,Κακόηθες μελάνωμα του κορμού,C
C43.6,"Κακόηθες μελάνωμα του άνω άκρου, συμπεριλαμβανομένου του ώμου",C
C43.7,"Κακόηθες μελάνωμα του κάτω άκρου, συμπεριλαμβανομένου του ισχίου",C
C43.8,Επικαλύπτον κακόηθες μελάνωμα του δέρματος,C
C43.9,"Κακόηθες μελάνωμα του δέρματος, μη καθορισμένο",C
C44,Άλλα κακοήθη νεοπλάσματα του δέρματος,C
C44.0,Δέρματος του χείλους,C
C44.1,"Δέρματος του βλεφάρου, συμπεριλαμβανομένου του κανθού",C
C44.2,Δέρματος του ωτός και του έξω ακουστικού πόρου,C
C44.3,Δέρματος άλλων και μη καθορισμένων τμημάτων του προσώπου,C
C44.4,Δέρματος του τριχωτού της κεφαλής και του τραχήλου (αυχένα),C
C44.5,Δέρματος του κορμού,C
C44.6,"Δέρματος του άνω άκρου, συμπεριλαμβανομένου του ώμου",C
C44.7,"Δέρματος του κάτω άκρου, συμπεριλαμβανομένου του ισχίου",C
C44.8,Επικαλύπτουσα αλλοίωση του δέρματος,C
C44.9,"Κακόηθες νεόπλασμα του δέρματος, μη καθορισμένο",C
C45,Μεσοθηλίωμα,C
C45.0,Μεσοθηλίωμα του υπεζωκότα,C
C45.1,Μεσοθηλίωμα του περιτόναιου,C
C45.2,Μεσοθηλίωμα του περικάρδιου,C
C45.7,Μεσοθηλίωμα άλλων εντοπίσεων,C
C45.9,"Μεσοθηλίωμα, μη καθορισμένο",C
C46,Σάρκωμα Kaposi,C
C46.0,Σάρκωμα Kaposi του δέρματος,C
C46.1,Σάρκωμα Kaposi  των μαλακών ιστών,C
C46.2,Σάρκωμα Kaposi  της υπερώας,C
C46.3,Σάρκωμα Kaposi των λεμφαδένων,C
C46.7,Σάρκωμα Kaposi άλλων εντοπίσεων,C
C46.8,Σάρκωμα Kaposi πολλαπλών οργάνων,C
C46.9,"Σάρκωμα Kaposi, μη καθορισμένο",C
C47,Κακόηθες νεόπλασμα των περιφερικών νεύρων και του αυτόνομου νευρικού συστήματος,C
C47.0,"Περιφερικών νεύρων της κεφαλής, του προσώπου και του τραχήλου",C
C47.1,"Περιφερικών νεύρων του άνω άκρου, συμπεριλαμβανομένου του ώμου",C
C47.2,"Περιφερικών νεύρων του κάτω άκρου, συμπεριλαμβανομένου του ισχίου",C
C47.3,Περιφερικών νεύρων του θώρακα,C
C47.4,Περιφερικών νεύρων της κοιλίας,C
C47.5,Περιφερικών νεύρων της πυέλου,C
C47.6,"Περιφερικών νεύρων του κορμού, μη καθορισμένο",C
C47.8,Επικαλύπτουσα αλλοίωση των περιφερικών νεύρων και του αυτόνομου νευρικού συστήματος,C
C47.9,"Περιφερικών νεύρων και του αυτόνομου νευρικού συστήματος, μη καθορισμένο",C
C48,Κακόηθες νεόπλασμα του οπισθοπεριτόναιου και του περιτόναιου,C
C48.0,Οπισθοπεριτόναιου,C
C48.1,Καθορισμένων τμημάτων του περιτόναιου,C
C48.2,"Περιτόναιου, μη καθορισμένο",C
C48.8,Επικαλύπτουσα αλλοίωση του οπισθοπεριτόναιου και του περιτόναιου,C
C49,Κακόηθες νεόπλασμα άλλου συνδετικού και μαλακών ιστών,C
C49.0,"Συνδετικού ιστού και μαλακών ιστών της κεφαλής, του προσώπου και του τραχήλου",C
C49.1,"Συνδετικού ιστού και μαλακών ιστών του άνω άκρου, συμπεριλαμβανομένου του ώμου",C
C49.2,"Συνδετικού ιστού και μαλακών ιστών του κάτω άκρου, συμπεριλαμβανομένου του ισχίου",C
C49.3,Συνδετικού ιστού και μαλακών ιστών του θώρακα,C
C49.4,Συνδετικού ιστού και μαλακών ιστών της κοιλίας,C
C49.5,Συνδετικού ιστού και μαλακών ιστών της πυέλου,C
C49.6,"Συνδετικού ιστού και μαλακών ιστών του κορμού, μη καθορισμένο",C
C49.8,Επικαλύπτουσα αλλοίωση του συνδετικού ιστού και των μαλακών ιστών,C
C49.9,"Συνδετικού ιστού και μαλακών ιστών, μη καθορισμένο",C
C50,Κακόηθες νεόπλασμα του μαστού,C
C50.0,Θηλής και θηλαίας άλω,C
C50.1,Κεντρικού τμήματος του μαστού,C
C50.2,Άνω - έσω τεταρτημορίου του μαστού,C
C50.3,Κάτω - έσω τεταρτημορίου του μαστού,C
C50.4,Άνω - έξω τεταρτημορίου του μαστού,C
C50.5,Κάτω - έξω τεταρτημορίου του μαστού,C
C50.6,Μασχαλιαίας ουράς του μαστού,C
C50.8,Επικαλύπτουσα αλλοίωση του μαστού,C
C50.9,"Μαστού, μη καθορισμένο",C
C51,Κακόηθες νεόπλασμα του αιδοίου,C
C51.0,Μεγάλου χείλους,C
C51.1,Μικρού χείλους,C
C51.2,Κλειτορίδας,C
C51.8,Επικαλύπτουσα αλλοίωση του αιδοίου,C
C51.9,"Αιδοίου, μη καθορισμένο",C
C52,Κακόηθες νεόπλασμα του κόλπου,C
C53,Κακόηθες νεόπλασμα του τραχήλου της μήτρας,C
C53.0,Ενδοτραχήλου,C
C53.1,Εξωτραχήλου,C
C53.8,Επικαλύπτουσα αλλοίωση του τραχήλου της μήτρας,C
C53.9,"Τραχήλου της μήτρας, μη καθορισμένο",C
C54,Κακόηθες νεόπλασμα του σώματος της μήτρας,C
C54.0,Ισθμού της μήτρας,C
C54.1,Ενδομητρίου,C
C54.2,Μυομητρίου,C
C54.3,Πυθμένα της μήτρας,C
C54.8,Επικαλύπτουσα αλλοίωση του σώματος της μήτρας,C
C54.9,"Σώματος της μήτρας, μη καθορισμένο",C
C55,"Κακόηθες νεόπλασμα της μήτρας, μη καθορισμένου τμήματος",C
C56,Κακόηθες νεόπλασμα της ωοθήκης,C
C57,Κακόηθες νεόπλασμα άλλων και μη καθορισμένων γυναικείων γεννητικών οργάνων,C
C57.0,Φαλοπιανού πόρου,C
C57.1,Πλατιού συνδέσμου της μήτρας,C
C57.2,Στρογγύλου συνδέσμου της μήτρας,C
C57.3,Παραμητρίου,C
C57.4,"Εξαρτημάτων της μήτρας, μη καθορισμένο",C
C57.7,Άλλων καθορισμένων γυναικείων γεννητικών οργάνων,C
C57.8,Επικαλύπτουσα αλλοίωση των γυναικείων γεννητικών οργάνων,C
C57.9,"Γυναικείων γεννητικών οργάνων, μη καθορισμένο",C
C58,Κακόηθες νεόπλασμα του πλακούντα,C
C60,Κακόηθες νεόπλασμα του πέους,C
C60.0,Ακροπροσθίας,C
C60.1,Βαλάνου του πέους,C
C60.2,Σώματος του πέους,C
C60.8,Επικαλύπτουσα αλλοίωση του πέους,C
C60.9,"Πέους, μη καθορισμένο",C
C61,Κακόηθες νεόπλασμα του προστάτη,C
C62,Κακόηθες νεόπλασμα του όρχεος,C
C62.0,Μη κατελθόντος όρχεος [κρυψορχίας],C
C62.1,Κατελθόντος όρχεος,C
C62.9,"Όρχεος, μη καθορισμένο",C
C63,Κακόηθες νεόπλασμα άλλων και μη καθορισμένων ανδρικών γεννητικών οργάνων,C
C63.0,Επιδιδυμίδας,C
C63.1,Σπερματικού τόνου,C
C63.2,Οσχέου,C
C63.7,Άλλων καθορισμένων ανδρικών γεννητικών οργάνων,C
C63.8,Επικαλύπτουσα αλλοίωση των ανδρικών γεννητικών οργάνων,C
C63.9,"Ανδρικών γεννητικών οργάνων, μη καθορισμένο",C
C64,"Κακόηθες νεόπλασμα του νεφρού, εκτός της νεφρικής πυέλου",C
C65,Κακόηθες νεόπλασμα της νεφρικής πυέλου,C
C66,Κακόηθες νεόπλασμα του ουρητήρα,C
C67,Κακόηθες νεόπλασμα της ουροδόχου κύστης,C
C67.0,Tριγώνου της ουροδόχου κύστης,C
C67.1,Θόλου της ουροδόχου κύστης,C
C67.2,Πλάγιου τοιχώματος της ουροδόχου κύστης,C
C67.3,Πρόσθιου τοιχώματος της ουροδόχου κύστης,C
C67.4,Οπίσθιου τοιχώματος της ουροδόχου κύστης,C
C67.5,Αυχένα της ουροδόχου κύστης,C
C67.6,Ουρητηρικού στομίου,C
C67.7,Ουραχού,C
C67.8,Επικαλύπτουσα αλλοίωση της ουροδόχου κύστης,C
C67.9,"Ουροδόχου κύστης, μη καθορισμένο",C
C68,Κακόηθες νεόπλασμα άλλων και μη καθορισμένων οργάνων του ουροποιητικού,C
C68.0,Ουρήθρας,C
C68.1,Παραουρηθρικού αδένα,C
C68.8,Επικαλύπτουσα αλλοίωση των οργάνων του ουροποιητικού,C
C68.9,"Οργάνου του ουροποιητικού, μη καθορισμένο",C
C69,Κακόηθες νεόπλασμα του οφθαλμού και των εξαρτημάτων του,C
C69.0,Επιπεφυκότα,C
C69.1,Κερατοειδούς,C
C69.2,Αμφιβληστροειδούς,C
C69.3,Χοριοειδούς,C
C69.4,Ακτινωτού σώματος,C
C69.5,Δακρυϊκού αδένα και πόρου,C
C69.6,Οφθαλμικού κόγχου,C
C69.8,Επικαλύπτουσα αλλοίωση του οφθαλμού και των εξαρτημάτων του,C
C69.9,"Οφθαλμού, μη καθορισμένο",C
C70,Κακόηθες νεόπλασμα των μηνίγγων,C
C70.0,Εγκεφαλικών μηνίγγων,C
C70.1,Νωτιαίων μηνίγγων,C
C70.9,"Μηνίγγων, μη καθορισμένο",C
C71,Κακόηθες νεόπλασμα του εγκεφάλου,C
C71.0,"Εγκεφάλου, εκτός των λοβών και των κοιλιών",C
C71.1,Μετωπιαίου λοβού,C
C71.2,Κροταφικού λοβού,C
C71.3,Βρεγματικού λοβού,C
C71.4,Ινιακού λοβού,C
C71.5,Εγκεφαλικής κοιλίας,C
C71.6,Παρεγκεφαλίδας,C
C71.7,Εγκεφαλικού στελέχους,C
C71.8,Επικαλύπτουσα αλλοίωση του εγκεφάλου,C
C71.9,"Εγκεφάλου, μη καθορισμένο",C
C72,"Κακόηθες νεόπλασμα του νωτιαίου μυελού, των κρανιακών νεύρων και άλλων τμημάτων του κεντρικού νευρικού συστήματος",C
C72.0,Νωτιαίου μυελού,C
C72.1,Ιππουρίδας,C
C72.2,Οσφρητικού νεύρου,C
C72.3,Οπτικού νεύρου,C
C72.4,Ακουστικού νεύρου,C
C72.5,Άλλων και μη καθορισμένων κρανιακών νεύρων,C
C72.8,Επικαλύπτουσα αλλοίωση του εγκεφάλου και άλλων τμημάτων του κεντρικού νευρικού συστήματος,C
C72.9,"Κεντρικού νευρικού συστήματος, μη καθορισμένο",C
C73,Κακόηθες νεόπλασμα του θυρεοειδούς αδένα,C
C74,Κακόηθες νεόπλασμα του επινεφριδίου,C
C74.0,Φλοιού του επινεφριδίου,C
C74.1,Μυελού του επινεφριδίου,C
C74.9,"Επινεφριδίου, μη καθορισμένο",C
C75,Κακόηθες νεόπλασμα άλλων ενδοκρινών αδένων και των συνοδών τους δομών,C
C75.0,Παραθυρεοειδούς αδένα,C
C75.1,Υπόφυσης,C
C75.2,Κρανιοφαρυγγικού πόρου,C
C75.3,Κωναρίου [επίφυσης],C
C75.4,Καρωτιδικού σωματίου,C
C75.5,Αορτικού σωματίου και άλλων παραγαγγλίων,C
C75.8,"Πολυαδενική συμμετοχή, μη καθορισμένη",C
C75.9,"Ενδοκρινούς αδένα, μη καθορισμένο",C
C76,Κακόηθες νεόπλασμα άλλων και ασαφώς καθοριζόμενων εντοπίσεων,C
C76.0,"Κεφαλής, προσώπου και τραχήλου",C
C76.1,Θώρακα,C
C76.2,Κοιλίας,C
C76.3,Πυέλου,C
C76.4,Άνω άκρου,C
C76.5,Κάτω άκρου,C
C76.7,Άλλων ασαφώς καθοριζόμενων εντοπίσεων,C
C76.8,Επικαλύπτουσα αλλοίωση άλλων και ασαφώς καθοριζόμενων εντοπίσεων,C
C77,Δευτεροπαθές και μη καθορισμένο κακόηθες νεόπλασμα των λεμφαδένων,C
C77.0,"Λεμφαδένων της κεφαλής, του προσώπου και του τραχήλου",C
C77.1,Ενδοθωρακικών λεμφαδένων,C
C77.2,Ενδοκοιλιακών λεμφαδένων,C
C77.3,Μασχαλιαίων και λεμφαδένων του άνω άκρου,C
C77.4,Βουβωνικών και λεμφαδένων του κάτω άκρου,C
C77.5,Πυελικών λεμφαδένων,C
C77.8,Λεμφαδένων πολλαπλών εντοπίσεων,C
C77.9,"Λεμφαδένα, μη καθορισμένο",C
C78,Δευτεροπαθές κακόηθες νεόπλασμα οργάνων του αναπνευστικού και του πεπτικού συστήματος,C
C78.0,Δευτεροπαθές κακόηθες νεόπλασμα του πνεύμονα,C
C78.1,Δευτεροπαθές κακόηθες νεόπλασμα του μεσοθωρακίου,C
C78.2,Δευτεροπαθές κακόηθες νεόπλασμα του υπεζωκότα,C
C78.3,Δευτεροπαθές κακόηθες νεόπλασμα άλλων και μη καθορισμένων οργάνων του αναπνευστικού,C
C78.4,Δευτεροπαθές κακόηθες νεόπλασμα του λεπτού εντέρου,C
C78.5,Δευτεροπαθές κακόηθες νεόπλασμα του παχέος εντέρου και του ορθού,C
C78.6,Δευτεροπαθές κακόηθες νεόπλασμα του οπισθοπεριτοναίου και του περιτοναίου,C
C78.7,Δευτεροπαθές κακόηθες νεόπλασμα του ήπατος,C
C78.8,Δευτεροπαθές κακόηθες νεόπλασμα άλλων και μη καθορισμένων οργάνων του πεπτικού συστήματος,C
C79,Δευτεροπαθές κακόηθες νεόπλασμα άλλων εντοπίσεων,C
C79.0,Δευτεροπαθές κακόηθες νεόπλασμα του νεφρού και της νεφρικής πυέλου,C
C79.1,Δευτεροπαθές κακόηθες νεόπλασμα της ουροδόχου κύστης και άλλων και μη καθορισμένων οργάνων του ουροποιητικού συστήματος,C
C79.2,Δευτεροπαθές κακόηθες νεόπλασμα του δέρματος,C
C79.3,Δευτεροπαθές κακόηθες νεόπλασμα του εγκεφάλου και των εγκεφαλικών μηνίγγων,C
C79.4,Δευτεροπαθές κακόηθες νεόπλασμα άλλων και μη καθορισμένων τμημάτων του νευρικού συστήματος,C
C79.5,Δευτεροπαθές κακόηθες νεόπλασμα των οστών και του μυελού των οστών,C
C79.6,Δευτεροπαθές κακόηθες νεόπλασμα της ωοθήκης,C
C79.7,Δευτεροπαθές κακόηθες νεόπλασμα του επινεφριδίου,C
C79.8,Δευτεροπαθές κακόηθες νεόπλασμα άλλων καθορισμένων εντοπίσεων,C
C80,Κακόηθες νεόπλασμα χωρίς καθορισμένη εντόπιση,C
C81,Νόσος του Hodgkin,C
C81.0,Τύπος με λεμφοκυτταρική επικράτηση [λεμφοεπικρατητικός],C
C81.1,Οζώδης σκλήρυνση,C
C81.2,Τύπος μικτής κυτταροβρίθειας,C
C81.3,Λεμφοπενικός τύπος,C
C81.7,Άλλες μορφές της νόσου του Hodgkin,C
C81.9,"Νόσος του Hodgkin, μη καθορισμένη",C
C82,Θυλακιώδες [οζώδες] μη-Hodgkin λέμφωμα,C
C82.0,"Μικρό-σχιστοκυτταρικό, θυλακιώδες",C
C82.1,"Μικτό  μικρό-σχιστοκυτταρικό και μακροκυτταρικό, θυλακιώδες",C
C82.2,"Μεγαλοκυτταρικό, θυλακιώδες",C
C82.7,Άλλοι τύποι θυλακιώδους μη-Hodgkin λεμφώματος,C
C82.9,"Θυλακιώδες μη-Hodgkin λέμφωμα, μη καθορισμένο",C
C83,Διάχυτο μη-Hodgkin λέμφωμα,C
C83.0,Μικροκυτταρικό (διάχυτο),C
C83.1,Μικρο-σχιστοκυτταρικό (διάχυτο),C
C83.2,Μικτό μικρό- και μεγαλοκυτταρικό (διάχυτο),C
C83.3,Μεγαλοκυτταρικό (διάχυτο),C
C83.4,"Ανοσοβλαστικό, διάχυτο",C
C83.5,"Λεμφοβλαστικό, διάχυτο",C
C83.6,"Αδιαφοροποίητο, διάχυτο",C
C83.7,Λέμφωμα Burkitt,C
C83.8,Άλλοι τύποι διάχυτου μη -Hodgkin λεμφώματος,C
C83.9,"Διάχυτο μη-Hodgkin λέμφωμα, μη καθορισμένο",C
C84,Περιφερικά και δερματικά Τ-κυτταρικά λεμφώματα,C
C84.0,Σπογγοειδής μυκητίαση,C
C84.1,Νόσος του Sézary,C
C84.2,Λέμφωμα Τ-ζώνης,C
C84.3,Λεμφοεπιθηλιοειδές λέμφωμα,C
C84.4,Περιφερικό Τ-κυτταρικό λέμφωμα,C
C84.5,Άλλα και μη καθορισμένα Τ-κυτταρικά  λεμφώματα,C
C85,Άλλοι και μη καθορισμένοι τύποι μη-Hodgkin λεμφώματος,C
C85.0,Λεμφοσάρκωμα,C
C85.1,"Β–κυτταρικό λέμφωμα, μη καθορισμένο",C
C85.7,Άλλοι καθορισμένοι τύποι μη -Hodgkin λεμφώματος,C
C85.9,"Μη-Hodgkin λέμφωμα, μη καθορισμένος τύπος",C
C88,Κακοήθη  ανοσοϋπερπλαστικά νοσήματα,C
C88.0,Μακροσφαιριναιμία του Waldenström,C
C88.1,Νόσος των α -βαρέων αλύσεων,C
C88.2,Νόσος των γ-βαρέων αλύσεων,C
C88.3,Ανοσοϋπερπλαστική νόσος του λεπτού εντέρου,C
C88.7,Άλλα κακοήθη ανοσοϋπερπλαστικά νοσήματα,C
C88.9,"Κακοήθη ανοσοϋπερπλαστικά νοσήματα, μη καθορισμένα",C
C90,Πολλαπλούν μυέλωμα και κακοήθη πλασματοκυτταρικά νεοπλάσματα,C
C90.0,Πολλαπλούν μυέλωμα,C
C90.1,Πλασματοκυτταρική λευχαιμία,C
C90.2,"Πλασματοκύτωμα, εξωμυελικό",C
C91,Λεμφογενής λευχαιμία,C
C91.0,Οξεία λεμφοβλαστική λευχαιμία,C
C91.1,Χρόνια λεμφοκυτταρική λευχαιμία,C
C91.2,Υποξεία  λεμφοκυτταρική λευχαιμία,C
C91.3,Προλεμφοκυτταρική λευχαιμία,C
C91.4,Λευχαιμία από τριχωτά κύτταρα,C
C91.5,Τ-κυτταρική λευχαιμία των ενηλίκων,C
C91.7,Άλλη λεμφογενής λευχαιμία,C
C91.9,"Λεμφογενής λευχαιμία, μη καθορισμένη",C
C92,Μυελογενής λευχαιμία,C
C92.0,Οξεία μυελογενής λευχαιμία,C
C92.1,Χρόνια μυελογενής λευχαιμία,C
C92.2,Υποξεία μυελογενής λευχαιμία,C
C92.3,Μυελοειδές σάρκωμα,C
C92.4,Οξεία προμυελοκυτταρική λευχαιμία,C
C92.5,Οξεία μυελομονοκυτταρική λευχαιμία,C
C92.7,Άλλη μυελογενής λευχαιμία,C
C92.9,"Μυελογενής λευχαιμία, μη καθορισμένη",C
C93,Μονοκυτταρική λευχαιμία,C
C93.0,Οξεία μονοκυτταρική λευχαιμία,C
C93.1,Χρόνια μονοκυτταρική λευχαιμία,C
C93.2,Υποξεία μονοκυτταρική λευχαιμία,C
C93.7,Άλλη μονοκυτταρική λευχαιμία,C
C93.9,"Μονοκυτταρική λευχαιμία, μη καθορισμένη",C
C94,Άλλες λευχαιμίες καθορισμένου κυτταρικού τύπου,C
C94.0,Οξεία ερυθραιμία και ερυθρολευχαιμία,C
C94.1,Χρόνια ερυθραιμία,C
C94.2,Οξεία μεγακαρυοβλαστική λευχαιμία,C
C94.3,Mαστοκυτταρική λευχαιμία,C
C94.4,Οξεία πανμυέλωση,C
C94.5,Οξεία μυελοΐνωση,C
C94.7,Άλλες καθορισμένες λευχαιμίες,C
C95,Λευχαιμία μη καθορισμένου κυτταρικού τύπου,C
C95.0,Οξεία λευχαιμία μη καθορισμένου κυτταρικού τύπου,C
C95.1,Χρόνια λευχαιμία μη καθορισμένου κυτταρικού τύπου,C
C95.2,Υποξεία λευχαιμία μη καθορισμένου κυτταρικού τύπου,C
C95.7,Άλλη λευχαιμία μη καθορισμένου κυτταρικού τύπου,C
C95.9,"Λευχαιμία, μη καθορισμένη",C
C96,"Άλλα και μη καθορισμένα κακοήθη νεοπλάσματα του λεμφικού, αιμοποιητικού και των σχετικών τους ιστών",C
C96.0,Νόσος Letterer- Siwe,C
C96.1,Κακοήθης ιστιοκυττάρωση,C
C96.2,Κακοήθης μαστοκυτταρικός όγκος,C
C96.3,Γνήσιο ιστιοκυτταρικό λέμφωμα,C
C96.7,"Άλλα καθορισμένα κακοήθη νεοπλάσματα του λεμφικού, αιμοποιητικού και των σχετικών τους ιστών",C
C96.9,"Κακοήθη νεοπλάσματα του λεμφικού, αιμοποιητικού και των σχετικών ιστών, μη καθορισμένα",C
C97,Κακοήθη νεοπλάσματα με ανεξάρτητες (πρωτοπαθείς) πολλαπλές εντοπίσεις,C
D00,"Καρκίνωμα in situ της στοματικής κοιλότητας, του οισοφάγου και του στομάχου",D
D00.0,"Χείλους, στοματικής κοιλότητας και φάρυγγα",D
D00.1,Οισοφάγου,D
D00.2,Στομάχου,D
D01,Καρκίνωμα in situ άλλων και μη καθορισμένων οργάνων του πεπτικού συστήματος,D
D01.0,Κόλου,D
D01.1,Ορθοσιγμοειδικής συμβολής,D
D01.2,Ορθού,D
D01.3,Πρωκτού και πρωκτικού σωλήνα,D
D01.4,Άλλων και μη καθορισμένων τμημάτων του εντέρου,D
D01.5,"Ήπατος, χοληδόχου κύστης και χοληφόρων πόρων",D
D01.7,Άλλων καθορισμένων οργάνων του πεπτικού συστήματος,D
D01.9,"Οργάνου του πεπτικού συστήματος, μη καθορισμένο",D
D02,Καρκίνωμα in situ του μέσου ωτός και του αναπνευστικού συστήματος,D
D02.0,Λάρυγγα,D
D02.1,Τραχείας,D
D02.2,Βρόγχου και πνεύμονα,D
D02.3,Άλλων τμημάτων του αναπνευστικού συστήματος,D
D02.4,"Αναπνευστικού συστήματος, μη καθορισμένο",D
D03,Μελάνωμα in situ,D
D03.0,Μελάνωμα in situ του χείλους,D
D03.1,"Μελάνωμα in situ του βλεφάρου, συμπεριλαμβανομένου του κανθού",D
D03.2,Μελάνωμα in situ του ωτός και του έξω ακουστικού πόρου,D
D03.3,Μελάνωμα in situ άλλων και μη καθορισμένων τμημάτων του προσώπου,D
D03.4,Μελάνωμα in situ του τριχωτού της κεφαλής και του τραχήλου,D
D03.5,Μελάνωμα in situ του κορμού,D
D03.6,"Μελάνωμα in situ του άνω άκρου, συμπεριλαμβανομένου του ώμου",D
D03.7,"Μελάνωμα in situ του κάτω άκρου, συμπεριλαμβανομένου του ισχίου",D
D03.8,Μελάνωμα in situ άλλων εντοπίσεων,D
D03.9,"Μελάνωμα in situ, μη καθορισμένο",D
D04,Καρκίνωμα in situ του δέρματος,D
D04.0,Δέρματος του χείλους,D
D04.1,"Δέρματος του βλεφάρου, συμπεριλαμβανομένου του κανθού",D
D04.2,Δέρματος του ωτός και του έξω ακουστικού πόρου,D
D04.3,Δέρματος άλλων και μη καθορισμένων τμημάτων του προσώπου,D
D04.4,Δέρματος του τριχωτού της κεφαλής και του τραχήλου,D
D04.5,Δέρματος του κορμού,D
D04.6,"Δέρματος του άνω άκρου, συμπεριλαμβανομένου του ώμου",D
D04.7,"Δέρματος του κάτω άκρου, συμπεριλαμβανομένου του ισχίου",D
D04.8,Δέρματος άλλων εντοπίσεων,D
D04.9,"Δέρματος, μη καθορισμένο",D
D05,Καρκίνωμα in situ του μαστού,D
D05.0,Λοβιακό [λοβιώδες] καρκίνωμα in situ,D
D05.1,Πορογενές καρκίνωμα in situ,D
D05.7,Άλλο καρκίνωμα in situ του μαστού,D
D05.9,"Καρκίνωμα in situ του μαστού, μη καθορισμένο",D
D06,Καρκίνωμα in situ του τραχήλου της μήτρας,D
D06.0,Ενδοτραχήλου,D
D06.1,Έξωτραχήλου,D
D06.7,Άλλων τμημάτων του τραχήλου,D
D06.9,"Τραχήλου, μη καθορισμένο",D
D07,Καρκίνωμα in situ  άλλων και μη καθορισμένων γεννητικών οργάνων,D
D07.0,Ενδομητρίου,D
D07.1,Αιδοίου,D
D07.2,Κόλπου,D
D07.3,Άλλων και μη καθορισμένων γυναικείων γεννητικών οργάνων,D
D07.4,Πέους,D
D07.5,Προστάτη,D
D07.6,Άλλων και μη καθορισμένων ανδρικών γεννητικών οργάνων,D
D09,Καρκίνωμα in situ άλλων και μη καθορισμένων εντοπίσεων,D
D09.0,Ουροδόχου κύστης,D
D09.1,Άλλων και μη καθορισμένων οργάνων του ουροποιητικού συστήματος,D
D09.2,Οφθαλμού,D
D09.3,Θυρεοειδούς αδένα και άλλων ενδοκρινών αδένων,D
D09.7,Καρκίνωμα in situ  άλλων καθορισμένων εντοπίσεων,D
D09.9,"Καρκίνωμα in situ, μη καθορισμένο",D
D10,Καλόηθες νεόπλασμα του στόματος και του φάρυγγα,D
D10.0,Χείλους,D
D10.1,Γλώσσας,D
D10.2,Εδάφους του στόματος,D
D10.3,Άλλων και μη καθορισμένων τμημάτων του στόματος,D
D10.4,Αμυγδαλής,D
D10.5,Άλλων τμημάτων του στοματοφάρυγγα,D
D10.6,Ρινοφάρυγγα,D
D10.7,Υποφάρυγγα,D
D10.9,"Φάρυγγα, μη καθορισμένο",D
D11,Καλόηθες νεόπλασμα των μειζόνων σιελογόνων αδένων,D
D11.0,Παρωτίδας,D
D11.7,Άλλων μειζόνων σιελογόνων αδένων,D
D11.9,"Μείζονα σιελογόνου αδένα, μη καθορισμένο",D
D12,"Καλόηθες νεόπλασμα του κόλου, ορθού, πρωκτού και πρωκτικού σωλήνα",D
D12.0,Τυφλού,D
D12.1,Σκωληκοειδούς απόφυσης,D
D12.2,Ανιόντος κόλου,D
D12.3,Εγκάρσιου κόλου,D
D12.4,Κατιόντος κόλου,D
D12.5,Σιγμοειδούς κόλου,D
D12.6,"Κόλου, μη καθορισμένο",D
D12.7,Ορθοσιγμοειδικής συμβολής,D
D12.8,Ορθού,D
D12.9,Πρωκτού και πρωκτικού σωλήνα,D
D13,Καλόηθες νεόπλασμα άλλων και ασαφώς καθοριζόμενων τμημάτων του πεπτικού συστήματος,D
D13.0,Οισοφάγου,D
D13.1,Στομάχου,D
D13.2,Δωδεκαδάκτυλου,D
D13.3,Άλλων και μη καθορισμένων τμημάτων του λεπτού εντέρου,D
D13.4,Ήπατος,D
D13.5,Εξωηπατικών χοληφόρων πόρων,D
D13.6,Παγκρέατος,D
D13.7,Ενδοκρινούς μοίρας του παγκρέατος,D
D13.9,Ασαφώς καθοριζόμενων εντοπίσεων του πεπτικού συστήματος,D
D14,Καλόηθες νεόπλασμα του μέσου ωτός και του αναπνευστικού συστήματος,D
D14.0,"Μέσου ωτός, ρινικής κοιλότητας και παραρρινίων κόλπων",D
D14.1,Λάρυγγα,D
D14.2,Τραχείας,D
D14.3,Βρόγχου και πνεύμονα,D
D14.4,"Αναπνευστικού συστήματος, μη καθορισμένο",D
D15,Καλόηθες νεόπλασμα άλλων και μη καθορισμένων ενδοθωρακικών οργάνων,D
D15.0,Θύμου αδένα,D
D15.1,Καρδιάς,D
D15.2,Μεσοθωρακίου,D
D15.7,Άλλων καθορισμένων ενδοθωρακικών οργάνων,D
D15.9,"Ενδοθωρακικού οργάνου, μη καθορισμένου",D
D16,Καλόηθες νεόπλασμα των οστών και των αρθρικών χόνδρων,D
D16.0,Ωμοπλάτης και μακρών οστών του άνω άκρου,D
D16.1,Βραχέων οστών του άνω άκρου,D
D16.2,Μακρών οστών του κάτω άκρου,D
D16.3,Βραχέων οστών του κάτω άκρου,D
D16.4,Οστών του κρανίου και του προσώπου,D
D16.5,Οστού της κάτω γνάθου,D
D16.6,Σπονδυλικής στήλης,D
D16.7,"Πλευρών, στέρνου και κλείδας",D
D16.8,"Οστών της πυέλου, ιερού οστού και κόκκυγα",D
D16.9,"Οστών και αρθρικών χόνδρων, μη καθορισμένο",D
D17,Καλόηθες νεόπλασμα του λιπώδους ιστού,D
D17.0,"Καλόηθες νεόπλασμα λιπώδους ιστού του δέρματος και του υποδόριου ιστού της κεφαλής, προσώπου και τραχήλου",D
D17.1,Καλόηθες νεόπλασμα λιπώδους ιστού του δέρματος και του υποδόριου ιστού του κορμού,D
D17.2,Καλόηθες νεόπλασμα λιπώδους ιστού του δέρματος και του υποδόριου ιστού των άκρων,D
D17.3,Καλόηθες νεόπλασμα λιπώδους ιστού του δέρματος και του υποδόριου ιστού άλλων και μη καθορισμένων εντοπίσεων,D
D17.4,Καλόηθες νεόπλασμα λιπώδους ιστού των ενδοθωρακικών οργάνων,D
D17.5,Καλόηθες νεόπλασμα λιπώδους ιστού των ενδοκοιλιακών οργάνων,D
D17.6,Καλόηθες νεόπλασμα λιπώδους ιστού του σπερματικού τόνου,D
D17.7,Καλόηθες νεοπλάσματα λιπώδους ιστού άλλων εντοπίσεων,D
D17.9,"Καλόηθες νεόπλασμα λιπώδους ιστού, μη καθορισμένο",D
D18,"Αιμαγγείωμα και λεμφαγγείωμα, οποιασδήποτε εντόπισης",D
D18.0,"Αιμαγγείωμα, οποιασδήποτε εντόπισης",D
D18.1,"Λεμφαγγείωμα, οποιασδήποτε εντόπισης",D
D19,Καλόηθες νεόπλασμα του μεσοθηλιακού ιστού,D
D19.0,Μεσοθηλιακού ιστού του υπεζωκότα,D
D19.1,Μεσοθηλιακού ιστού του περιτόναιου,D
D19.7,Μεσοθηλιακού ιστού άλλων εντοπίσεων,D
D19.9,"Μεσοθηλιακού ιστού, μη καθορισμένο",D
D20,Καλόηθες νεόπλασμα των μαλακών ιστών του οπισθοπεριτόναιου και του περιτόναιου,D
D20.0,Οπισθοπεριτόναιου,D
D20.1,Περιτόναιου,D
D21,Άλλα καλοήθη νεοπλάσματα του συνδετικού και άλλων μαλακών ιστών,D
D21.0,"Συνδετικού και άλλων μαλακών ιστών της κεφαλής, του προσώπου και του τραχήλου",D
D21.1,"Συνδετικού και άλλων μαλακών ιστών του άνω άκρου, συμπεριλαμβανομένου του ώμου",D
D21.2,"Συνδετικού και άλλων μαλακών ιστών του κάτω άκρου, συμπεριλαμβανομένου του ισχίου",D
D21.3,Συνδετικού και άλλων μαλακών ιστών του θώρακα,D
D21.4,Συνδετικού και άλλων μαλακών ιστών της κοιλίας,D
D21.5,Συνδετικού και άλλων μαλακών ιστών της πυέλου,D
D21.6,"Συνδετικού και άλλων μαλακών ιστών του κορμού, μη καθορισμένο",D
D21.9,"Συνδετικού και άλλων μαλακών ιστών, μη καθορισμένο",D
D22,Μελανοκυτταρικοί σπίλοι,D
D22.0,Μελανοκυτταρικοί σπίλοι του χείλους,D
D22.1,"Μελανοκυτταρικοί σπίλοι του βλεφάρου, συμπεριλαμβανομένου του κανθού",D
D22.2,Μελανοκυτταρικοί σπίλοι του ωτός και του έξω ακουστικού πόρου,D
D22.3,Μελανοκυτταρικοί σπίλοι άλλων και μη καθορισμένων τμημάτων του προσώπου,D
D22.4,Μελανοκυτταρικοί σπίλοι του τριχωτού της κεφαλής και του τραχήλου,D
D22.5,Μελανοκυτταρικοί σπίλοι του κορμού,D
D22.6,"Μελανοκυτταρικοί σπίλοι του άνω άκρου, συμπεριλαμβανομένου του ώμου",D
D22.7,"Μελανοκυτταρικοί σπίλοι του κάτω άκρου, συμπεριλαμβανομένου του ισχίου",D
D22.9,"Μελανοκυτταρικοί σπίλοι, μη καθορισμένοι",D
D23,Άλλα καλοήθη νεοπλάσματα του δέρματος,D
D23.0,Δέρματος του χείλους,D
D23.1,"Δέρματος του βλεφάρου, συμπεριλαμβανομένου του κανθού",D
D23.2,Δέρματος του ωτός και του έξω ακουστικού πόρου,D
D23.3,Δέρματος άλλων και μη καθορισμένων τμημάτων του προσώπου,D
D23.4,Δέρματος του τριχωτού της κεφαλής και του τραχήλου,D
D23.5,Δέρματος του κορμού,D
D23.6,"Δέρματος του άνω άκρου, συμπεριλαμβανομένου του ώμου",D
D23.7,"Δέρματος του κάτω άκρου, συμπεριλαμβανομένου του ισχίου",D
D23.9,"Δέρματος, μη καθορισμένο",D
D24,Καλόηθες νεόπλασμα του μαστού,D
D25,Λειομύωμα της μήτρας,D
D25.0,Υποβλεννογόνιο λειομύωμα της μήτρας,D
D25.1,Ενδοτοιχωματικό λειομύωμα της μήτρας,D
D25.2,Υποορογόνιο λειομύωμα της μήτρας,D
D25.9,"Λειομύωμα της μήτρας, μη καθορισμένο",D
D26,Άλλα καλοήθη νεοπλάσματα της μήτρας,D
D26.0,Τραχήλου της μήτρας,D
D26.1,Σώματος της μήτρας,D
D26.7,Άλλων τμήματα της μήτρας,D
D26.9,"Μήτρας, μη καθορισμένο",D
D27,Καλόηθες νεόπλασμα της ωοθήκης,D
D28,Καλόηθες νεόπλασμα άλλων και μη καθορισμένων γυναικείων γεννητικών οργάνων,D
D28.0,Αιδοίου,D
D28.1,Κόλπου,D
D28.2,Σαλπίγγων και συνδέσμων της μήτρας,D
D28.7,Άλλων καθορισμένων γυναικείων γεννητικών οργάνων,D
D28.9,"Γυναικείου γεννητικού οργάνου, μη καθορισμένου",D
D29,Καλόηθες νεόπλασμα των ανδρικών γεννητικών οργάνων,D
D29.0,Πέους,D
D29.1,Προστάτη,D
D29.2,Όρχεος,D
D29.3,Επιδιδυμίδας,D
D29.4,Οσχέου,D
D29.7,Άλλων ανδρικών γεννητικών οργάνων,D
D29.9,"Ανδρικού γεννητικού οργάνου, μη καθορισμένο",D
D30,Καλόηθες νεόπλασμα των οργάνων του ουροποιητικού,D
D30.0,Νεφρού,D
D30.1,Νεφρικής πυέλου,D
D30.2,Ουρητήρα,D
D30.3,Ουροδόχου κύστης,D
D30.4,Ουρήθρας,D
D30.7,Άλλων οργάνων του ουροποιητικού συστήματος,D
D30.9,"Οργάνου του ουροποιητικού συστήματος, μη καθορισμένο",D
D31,Καλόηθες νεόπλασμα του οφθαλμού και των εξαρτημάτων του,D
D31.0,Επιπεφυκότα,D
D31.1,Κερατοειδούς,D
D31.2,Αμφιβληστροειδούς,D
D31.3,Χοριοειδούς,D
D31.4,Ακτινωτού σώματος,D
D31.5,Δακρυϊκού αδένα και πόρου,D
D31.6,"Οφθαλμικού κόγχου, μη καθορισμένο",D
D31.9,"Οφθαλμού, μη καθορισμένο",D
D32,Καλόηθες νεόπλασμα των μηνίγγων,D
D32.0,Εγκεφαλικών μηνίγγων,D
D32.1,Νωτιαίων μηνίγγων,D
D32.9,"Μηνίγγων,  μη καθορισμένο",D
D33,Καλόηθες νεόπλασμα του εγκεφάλου και άλλων τμημάτων του κεντρικού νευρικού συστήματος,D
D33.0,Υπερσκηνιδιακής μοίρας του εγκεφάλου,D
D33.1,Υποσκηνιδιακής μοίρας του εγκεφάλου,D
D33.2,"Εγκεφάλου, μη καθορισμένο",D
D33.3,Κρανιακών νεύρων,D
D33.4,Νωτιαίου μυελού,D
D33.7,Άλλων καθορισμένων τμημάτων του κεντρικού νευρικού συστήματος,D
D33.9,"Κεντρικού νευρικού συστήματος, μη καθορισμένο",D
D34,Καλόηθες νεόπλασμα του θυρεοειδούς αδένα,D
D35,Καλόηθες νεόπλασμα άλλων και μη καθορισμένων ενδοκρινών αδένων,D
D35.0,Επινεφριδίου,D
D35.1,Παραθυρεοειδούς αδένα,D
D35.2,Υπόφυσης,D
D35.3,Κρανιοφαρυγγικού πόρου,D
D35.4,Επίφυσης [κωνάριου],D
D35.5,Καρωτιδικού σωματίου,D
D35.6,Αορτικού σωματίου και άλλων παραγαγγλίων,D
D35.7,Άλλων καθορισμένων ενδοκρινών αδένων,D
D35.8,Πολυαδενική συμμετοχή,D
D35.9,"Ενδοκρινούς αδένα, μη καθορισμένο",D
D36,Καλόηθες νεόπλασμα άλλων και μη καθορισμένων εντοπίσεων,D
D36.0,Λεμφαδένων,D
D36.1,Περιφερικών νεύρων και αυτόνομου νευρικού συστήματος,D
D36.7,Άλλων καθορισμένων εντοπίσεων,D
D36.9,Καλόηθες νεόπλασμα μη καθορισμένης εντόπισης,D
D37,Νεόπλασμα αβέβαιης ή άγνωστης συμπεριφοράς της στοματικής κοιλότητας και των οργάνων του πεπτικού,D
D37.0,"Χείλους, στοματικής κοιλότητας και φάρυγγα",D
D37.1,Στομάχου,D
D37.2,Λεπτού εντέρου,D
D37.3,Σκωληκοειδούς απόφυσης,D
D37.4,Κόλου,D
D37.5,Ορθού,D
D37.6,"Ήπατος, χοληδόχου κύστης και χοληφόρων πόρων",D
D37.7,Άλλων οργάνων του πεπτικού συστήματος,D
D37.9,"Οργάνου του πεπτικού συστήματος, μη καθορισμένο",D
D38,Νεόπλασμα αβέβαιης ή άγνωστης συμπεριφοράς του μέσου ωτός και των οργάνων του αναπνευστικού συστήματος και των ενδοθωρακικών οργάνων,D
D38.0,Λάρυγγα,D
D38.1,"Τραχείας, βρόγχου και πνεύμονα",D
D38.2,Υπεζωκότα,D
D38.3,Μεσοθωρακίου,D
D38.4,Θύμου αδένα,D
D38.5,Άλλων οργάνων του αναπνευστικού,D
D38.6,"Οργάνου του αναπνευστικού συστήματος, μη καθορισμένο",D
D39,Νεόπλασμα αβέβαιης ή άγνωστης συμπεριφοράς των γυναικείων γεννητικών οργάνων,D
D39.0,Μήτρας,D
D39.1,Ωοθήκης,D
D39.2,Πλακούντα,D
D39.7,Άλλων γυναικείων γεννητικών οργάνων,D
D39.9,"Γυναικείου γεννητικού οργάνου, μη καθορισμένο",D
D40,Νεόπλασμα αβέβαιης ή άγνωστης συμπεριφοράς των ανδρικών γεννητικών οργάνων,D
D40.0,Προστάτη,D
D40.1,Όρχεος,D
D40.7,Άλλων ανδρικών γεννητικών οργάνων,D
D40.9,"Ανδρικού γεννητικού οργάνου, μη καθορισμένο",D
D41,Νεόπλασμα αβέβαιης ή άγνωστης συμπεριφοράς των οργάνων του ουροποιητικού συστήματος,D
D41.0,Νεφρού,D
D41.1,Νεφρικής πυέλου,D
D41.2,Ουρητήρα,D
D41.3,Ουρήθρας,D
D41.4,Ουροδόχου κύστης,D
D41.7,Άλλων οργάνων του ουροποιητικού συστήματος,D
D41.9,"Οργάνου του ουροποιητικού συστήματος, μη καθορισμένο",D
D42,Νεόπλασμα αβέβαιης ή άγνωστης συμπεριφοράς των μηνίγγων,D
D42.0,Εγκεφαλικών μηνίγγων,D
D42.1,Νωτιαίων μηνίγγων,D
D42.9,"Μηνίγγων, μη καθορισμένο",D
D43,Νεόπλασμα αβέβαιης ή άγνωστης συμπεριφοράς του εγκεφάλου και του κεντρικού νευρικού συστήματος,D
D43.0,Υπερσκηνιδιακής μοίρας του εγκεφάλου,D
D43.1,Υποσκηνιδιακής μοίρας του εγκεφάλου,D
D43.2,"Εγκεφάλου, μη καθορισμένο",D
D43.3,Κρανιακών νεύρων,D
D43.4,Νωτιαίου μυελού,D
D43.7,Άλλων τμημάτων του κεντρικού νευρικού συστήματος,D
D43.9,"Κεντρικού νευρικού συστήματος, μη καθορισμένο",D
D44,Νεόπλασμα αβέβαιης ή άγνωστης συμπεριφοράς των ενδοκρινών αδένων,D
D44.0,Θυρεοειδούς αδένα,D
D44.1,Επινεφριδίων,D
D44.2,Παραθυρεοειδούς αδένα,D
D44.3,Υπόφυσης,D
D44.4,Κρανιοφαρυγγικού πόρου,D
D44.5,Επίφυσης (κωνάριου),D
D44.6,Καρωτιδικού σωματίου,D
D44.7,Αορτικού σωματίου και άλλων παραγαγγλίων,D
D44.8,Πολυαδενική συμμετοχή,D
D44.9,"Ενδοκρινούς αδένα, μη καθορισμένο",D
D45,Αληθής πολυκυτταραιμία,D
D46,Μυελοδυσπλαστικά σύνδρομα,D
D46.0,"Ανθεκτική αναιμία χωρίς σιδηροβλάστες, ούτως αναφερόμενη",D
D46.1,Ανθεκτική αναιμία με σιδηροβλάστες,D
D46.2,Ανθεκτική αναιμία με περίσσεια βλαστών,D
D46.3,Ανθεκτική αναιμία με περίσσεια βλαστών σε μετατροπή [μεταμόρφωση] [μετάβαση] [εκτροπή],D
D46.4,"Ανθεκτική αναιμία, μη καθορισμένη",D
D46.7,Άλλα μυελοδυσπλαστικά σύνδρομα,D
D46.9,"Μυελοδυσπλαστικά σύνδρομα, μη καθορισμένα",D
D47,"Άλλα νεοπλάσματα αβέβαιης ή άγνωστης συμπεριφοράς του λεμφικού, αιμοποιητικού και των σχετικών ιστών",D
D47.0,Ιστιοκυταρικοί και μαστοκυτταρικοί όγκοι αβέβαιης και άγνωστης συμπεριφοράς,D
D47.1,Χρόνια μυελοϋπερπλαστική νόσος,D
D47.2,Μονοκλωνική γαμμασφαιρινοπάθεια,D
D47.3,Ιδιοπαθής (αιμορραγική) θρομβοκυτταραιμία,D
D47.7,"Άλλα καθορισμένα νεοπλάσματα αβέβαιης ή άγνωστης συμπεριφοράς του λεμφικού, αιμοποιητικού και των σχετικών ιστών",D
D47.9,"Νεόπλασμα αβέβαιης ή άγνωστης συμπεριφοράς του λεμφικού, αιμοποιητικού και των σχετικών ιστών, μη καθορισμένο",D
D48,Νεόπλασμα αβέβαιης ή άγνωστης συμπεριφοράς άλλων και μη καθορισμένων εντοπίσεων,D
D48.0,Οστών και αρθρικού χόνδρου,D
D48.1,Συνδετικού και άλλων μαλακών ιστών,D
D48.2,Περιφερικών νεύρων και αυτόνομου νευρικού συστήματος,D
D48.3,Οπισθοπεριτόναιου,D
D48.4,Περιτόναιου,D
D48.5,Δέρματος,D
D48.6,Μαστού,D
D48.7,Άλλων καθορισμένων εντοπίσεων,D
D48.9,"Νεόπλασμα αβέβαιης ή άγνωστης συμπεριφοράς, μη καθορισμένο",D
D50,Αναιμία από ανεπάρκεια σιδήρου,D
D50.0,Σιδηροπενική αναιμία που οφείλεται σε απώλεια αίματος (χρόνια),D
D50.1,Σιδηροπενική δυσφαγία,D
D50.8,Άλλες σιδηροπενικές αναιμίες,D
D50.9,"Σιδηροπενική αναιμία, μη καθορισμένη",D
D51,Αναιμία από ανεπάρκεια βιταμίνης Β12,D
D51.0,"Αναιμία από ανεπάρκεια βιταμίνης Β12, λόγω έλλειψης του ενδογενούς παράγοντα",D
D51.1,Αναιμία από έλλειψη βιταμίνης Β12 λόγω εκλεκτικής δυσαπορρόφησης της βιταμίνης Β12 με πρωτεϊνουρία,D
D51.2,Aνεπάρκεια τρανσκοβαλαμίνης ΙΙ,D
D51.3,Άλλη αναιμία που οφείλεται σε διατροφική ανεπάρκεια της βιταμίνης Β12,D
D51.8,Άλλες αναιμίες από ανεπάρκεια βιταμίνης Β12,D
D51.9,"Αναιμία από έλλειψη Β12, μη καθορισμένη",D
D52,Αναιμία από ανεπάρκεια φυλλικού οξέος,D
D52.0,Aναιμία από διαιτητική ανεπάρκεια φυλλικού οξέος,D
D52.1,Αναιμία από έλλειψη φυλλικού οξέος φαρμακευτικής αιτιολογίας,D
D52.8,Άλλες αναιμίες από ανεπάρκεια φυλλικού οξέος,D
D52.9,"Αναιμία από ανεπάρκεια φυλλικού οξέος, μη καθορισμένη",D
D53,Άλλες διατροφικές αναιμίες,D
D53.0,Αναιμία από ανεπάρκεια πρωτεϊνών,D
D53.1,"Άλλες μεγαλοβλαστικές αναιμίες, που δεν ταξινομούνται αλλού",D
D53.2,Αναιμία από σκορβούτο,D
D53.8,Άλλες καθορισμένες διατροφικές αναιμίες,D
D53.9,"Διατροφική αναιμία, μη καθορισμένη",D
D55,Αναιμία που οφείλεται σε ενζυμικές διαταραχές,D
D55.0,Αναιμία οφειλόμενη σε ανεπάρκεια γλυκοζο-6-φωσφορικής αφυδρογονάσης [G6PD],D
D55.1,Αναιμία οφειλόμενη σε άλλες διαταραχές του μεταβολισμού της γλουταθειόνης,D
D55.2,Αναιμία οφειλόμενη σε διαταραχές των γλυκολυτικών ενζύμων,D
D55.3,Αναιμία  οφειλόμενη σε διαταραχές του μεταβολισμού των νουκλεοτιδίων,D
D55.8,Άλλες αναιμίες που οφείλονται σε ενζυμικές διαταραχές,D
D55.9,"Αναιμία οφειλόμενη σε ενζυμική διαταραχή, μη καθορισμένη",D
D56,Θαλασσαιμία,D
D56.0,Άλφα θαλασσαιμία,D
D56.1,Βήτα θαλασσαιμία,D
D56.2,Δέλτα-βήτα θαλασσαιμία,D
D56.3,Στίγμα θαλασσαιμίας,D
D56.4,Κληρονομική παραμονή εμβρυϊκής αιμοσφαιρίνης [ΗΡFH],D
D56.8,Άλλες θαλασσαιμίες,D
D56.9,"Θαλασσαιμία, μη καθορισμένη",D
D57,Δρεπανοκυτταρικές διαταραχές,D
D57.0,Δρεπανοκυτταρική αναιμία με κρίση,D
D57.1,Δρεπανοκυτταρική αναιμία χωρίς κρίση,D
D57.2,Διπλές ετερόζυγες δρεπανοκυτταρικές διαταραχές,D
D57.3,Στίγμα δρεπανοκυτταρικής αναιμίας,D
D57.8,Άλλες δρεπανοκυτταρικές διαταραχές,D
D58,Άλλες κληρονομικές αιμολυτικές αναιμίες,D
D58.0,Κληρονομική σφαιροκυττάρωση,D
D58.1,Κληρονομική ελλειπτοκυττάρωση,D
D58.2,Άλλες αιμοσφαιρινοπάθειες,D
D58.8,Άλλες καθορισμένες κληρονομικές αιμολυτικές αναιμίες,D
D58.9,"Κληρονομική αιμολυτική αναιμία, μη καθορισμένη",D
D59,Επίκτητη αιμολυτική αναιμία,D
D59.0,Αυτοάνοση αιμολυτική αναιμία φαρμακευτικής αιτιολογίας,D
D59.1,Άλλες αυτοάνοσες αιμολυτικές αναιμίες,D
D59.2,Μη αυτοάνοση αιμολυτική αναιμία φαρμακευτικής αιτιολογίας,D
D59.3,Αιμολυτικό-ουραιμικό σύνδρομο,D
D59.4,Άλλες μη αυτοάνοσες αιμολυτικές αναιμίες,D
D59.5,Παροξυσμική νυκτερινή αιμοσφαιρινουρία [Marchiafava-Micheli],D
D59.6,Αιμοσφαιρινουρία οφειλόμενη σε αιμόλυση από άλλους εξωγενείς αιτιολογικούς παράγοντες,D
D59.8,Άλλες επίκτητες αιμολυτικές αναιμίες,D
D59.9,"Επίκτητη αιμολυτική αναιμία, μη καθορισμένη",D
D60,Επίκτητη αμιγής απλασία των ερυθροκυττάρων [ερυθροβλαστοπενία],D
D60.0,Χρόνια επίκτητη αμιγής απλασία των ερυθροκυττάρων,D
D60.1,Παροδική επίκτητη αμιγής απλασία των ερυθροκυττάρων,D
D60.8,Άλλες μορφές επίκτητης αμιγούς απλασίας των ερυθροκυττάρων,D
D60.9,"Επίκτητη αμιγής απλασία των ερυθροκυττάρων, μη καθορισμένη",D
D61,Άλλες απλαστικές αναιμίες,D
D61.0,Ιδιοσυστατική απλαστική αναιμία,D
D61.1,Απλαστική αναιμία φαρμακευτικής αιτιολογίας,D
D61.2,Απλαστική αναιμία οφειλόμενη σε άλλους εξωγενείς παράγοντες,D
D61.3,Ιδιοπαθής απλαστική αναιμία,D
D61.8,Άλλες καθορισμένες απλαστικές αναιμίες,D
D61.9,"Απλαστική  αναιμία, μη καθορισμένη",D
D62,Οξεία μεθαιμορραγική αναιμία,D
D64,Άλλες αναιμίες,D
D64.0,Κληρονομική σιδηροβλαστική αναιμία,D
D64.1,Δευτερογενής σιδηροβλαστική αναιμία που οφείλεται σε νόσημα,D
D64.2,Δευτερογενής σιδηροβλαστική αναιμία οφειλόμενη σε φάρμακα και τοξίνες,D
D64.3,Άλλες μορφές σιδηροβλαστικής αναιμίας,D
D64.4,Συγγενής δυσερυθροποιητική αναιμία,D
D64.8,Άλλες καθορισμένες αναιμίες,D
D64.9,"Αναιμία, μη καθορισμένη",D
D65,Διάχυτη ενδαγγειακή πήξη [σύνδρομο ινωδόλυσης],D
D66,Κληρονομική ανεπάρκεια του παράγοντα VIII,D
D67,Κληρονομική ανεπάρκεια του παράγοντα ΙΧ,D
D68,Άλλες διαταραχές της πήξης του αίματος,D
D68.0,Νόσος του von Willebrand,D
D68.1,Κληρονομική ανεπάρκεια του παράγοντα ΧΙ,D
D68.2,Κληρονομική ανεπάρκεια άλλων παραγόντων της πήξης,D
D68.3,Αιμορραγικές διαταραχές που οφείλονται σε κυκλοφορούντα αντιπηκτικά,D
D68.4,Επίκτητη ανεπάρκεια παράγοντα της πήξης,D
D68.8,Άλλες καθορισμένες διαταραχές της πήξης,D
D68.9,"Διαταραχή της πήξης, μη καθορισμένη",D
D69,Πορφύρα και άλλες αιμορραγικές καταστάσεις,D
D69.0,Αλλεργική πορφύρα,D
D69.1,Ποιοτικές διαταραχές των αιμοπεταλίων,D
D69.2,Άλλες περιπτώσεις μη θρομβοπενικής πορφύρας,D
D69.3,Ιδιοπαθής θρομβοπενική πορφύρα,D
D69.4,Άλλες μορφές πρωτοπαθούς θρομβοπενίας,D
D69.5,Δευτεροπαθής θρομβοπενία,D
D69.6,"Θρομβοκυττοπενία, μη καθορισμένη",D
D69.8,Άλλες καθορισμένες αιμορραγικές καταστάσεις,D
D69.9,"Αιμορραγική κατάσταση, μη καθορισμένη.",D
D70,Ακοκκιοκυτταραιμία,D
D71,Λειτουργικές διαταραχές των ουδετερόφιλων πολυμορφοπυρήνων,D
D72,Άλλες διαταραχές των λευκών αιμοσφαιρίων,D
D72.0,Γενετικές ανωμαλίες των λευκοκυττάρων,D
D72.1,Ηωσινοφιλία,D
D72.8,Άλλες καθορισμένες διαταραχές των λευκών αιμοσφαιρίων,D
D72.9,"Διαταραχή των λευκών αιμοσφαιρίων, μη καθορισμένη",D
D73,Νοσήματα του σπλήνα,D
D73.0,Υποσπληνισμός,D
D73.1,Υπερσπληνισμός,D
D73.2,Χρόνια συμφορητική σπληνομεγαλία,D
D73.3,Απόστημα του σπλήνα,D
D73.4,Κύστη του σπλήνα,D
D73.5,Έμφρακτο του σπλήνα,D
D73.8,Άλλα νοσήματα του σπλήνα,D
D73.9,"Νόσος του σπλήνα, μη καθορισμένη",D
D74,Μεθαιμοσφαιριναιμία,D
D74.0,Συγγενής μεθαιμοσφαιριναιμία,D
D74.8,Άλλες μεθαιμοσφαιριναιμίες,D
D74.9,"Μεθαιμοσφαιριναιμία, μη καθορισμένη",D
D75,Άλλα νοσήματα του αίματος και των αιμοποιητικών οργάνων,D
D75.0,Οικογενής ερυθροκυττάρωση,D
D75.1,Δευτερογενής πολυκυτταραιμία,D
D75.2,Ιδιοπαθής θρομβοκυττάρωση,D
D75.8,Άλλα καθορισμένα νοσήματα  του αίματος και των αιμοποιητικών οργάνων,D
D75.9,"Νόσημα του αίματος και των αιμοποιητικών οργάνων, μη καθορισμένο",D
D76,Ορισμένα νοσήματα του λεμφοδικτυωτού ιστού και του δικτυοϊστιοκυτταρικού συστήματος,D
D76.0,"Ιστιοκύττωση κυττάρων Langerhans,  που δεν ταξινομείται αλλού",D
D76.1,Αιμοφαγοκυτταρική λεμφοϊστιοκύττωση,D
D76.2,"Αιμοφαγοκυτταρικό σύνδρομο, σχετιζόμενο  με λοιμώξεις",D
D76.3,Άλλα σύνδρομα ιστιοκύττωσης,D
D80,Ανοσοανεπάρκεια με βλάβες κυρίως των αντισωμάτων,D
D80.0,Κληρονομική υπογαμμασφαιριναιμία,D
D80.1,Μη οικογενής υπογαμμασφαιριναιμία,D
D80.2,Εκλεκτική ανεπάρκεια της ανοσφαιρίνης Α [IgA],D
D80.3,Εκλεκτική ανεπάρκεια των υποκατηγοριών της ανοσοσφαιρίνης G [IgG],D
D80.4,Εκλεκτική ανεπάρκεια της ανοσοσφαιρίνης Μ [IgM],D
D80.5,Ανοσοανεπάρκεια με αυξημένη ανοσοσφαιρίνη Μ [1gM],D
D80.6,Αντισωματική ανεπάρκεια με σχεδόν φυσιολογικά επίπεδα ανοσοσφαιρινών ή με υπεργαμμασφαιριναιμία,D
D80.7,Παροδική υπογαμμασφαιριναιμία της βρεφικής ηλικίας,D
D80.8,Άλλες ανοσοανεπάρκειες με βλάβες κυρίως των αντισωμάτων,D
D80.9,"Ανοσοανεπάρκεια με βλάβες κυρίως των αντισωμάτων, μη καθορισμένη",D
D81,Συνδυασμένες ανοσοαναπάρκειες,D
D81.0,Σοβαρή συνδυασμένη ανοσοανεπάρκεια [SCID] με δικτυωτή δυσγενεσία,D
D81.1,Σοβαρή συνδυασμένη ανοσοανεπάρκεια [SCID] με ελαττωμένους αριθμούς Τ- και Β-λεμφοκυττάρων,D
D81.2,Σοβαρή συνδυασμένη ανοσοανεπάρκεια [SCID] με χαμηλό ή φυσιολογικό αριθμό Β-λεμφοκυττάρων,D
D81.3,Ανεπάρκεια της απαμινάσης της αδενοσίνης [ADA],D
D81.4,Σύνδρομο Nezelof,D
D81.5,Ανεπάρκεια της φωσφορυλάσης της πουρινικής νουκλεοσίδης [PNP],D
D81.6,Ανεπάρκεια του συμπλέγματος μείζονος ιστοσυμβατότητας κατηγορίας Ι,D
D81.7,Ανεπάρκεια του συμπλέγματος μείζονος ιστοσυμβατότητας κατηγορίας ΙΙ,D
D81.8,Άλλες συνδυασμένες ανοσοανεπάρκειες,D
D81.9,"Συνδυασμένη ανοσοανεπάρκεια, μη καθορισμένη",D
D82,Ανοσοανεπάρκεια σχετιζόμενη με άλλες μείζονες βλάβες,D
D82.0,Σύνδρομο Wiskott-Aldrich,D
D82.1,Σύνδρομο Di George,D
D82.2,Ανοσοανεπάρκεια με χαμηλό ανάστημα και βραχέα άκρα.,D
D82.3,Ανοσοανεπάρκεια μετά από κληρονομική ελλειματική ανταπόκριση προς τον ιό Epstein-Barr,D
D82.4,Σύνδρομο υπερανοσοσφαιρίνης Ε [IgE],D
D82.8,Ανοσοανεπάρκεια σχετιζόμενη με άλλες καθορισμένες μείζονες βλάβες,D
D82.9,"Ανοσοανεπάρκεια σχετιζόμενη με μείζονα βλάβη, μη καθορισμένη",D
D83,Κοινή ποικίλη ανοσοανεπάρκεια,D
D83.0,Κοινή ποικίλη ανοσοανεπάρκεια με επικρατούσες ανωμαλίες του αριθμού και της λειτουργίας των Β-κυττάρων,D
D83.1,Κοινή ποικίλη ανοσοανεπάρκεια με επικρατούσες ανοσορυθμιστικές διαταραχές των Τ-κυττάρων,D
D83.2,Κοινή ποικίλη ανοσοανεπάρκεια με αυτοαντισώματα έναντι των Β- ή Τ- κυττάρων,D
D83.8,Άλλες κοινές ποικίλες ανοσοανεπάρκειες,D
D83.9,"Κοινή ποικίλη ανοσοανεπάρκεια, μη καθορισμένη",D
D84,Άλλες ανοσοανεπάρκειες,D
D84.0,Έλλειμμα του αντιγόνου -1 της λεμφοκυτταρικής λειτουργίας [LFA-1],D
D84.1,Ανεπάρκειες του συστήματος του συμπληρώματος,D
D84.8,Άλλες καθορισμένες ανοσοανεπάρκειες,D
D84.9,"Ανοσοανεπάρκεια, μη καθορισμένη",D
D86,Σαρκοείδωση,D
D86.0,Σαρκοείδωση των πνευμόνων,D
D86.1,Σαρκοείδωση των λεμφαδένων,D
D86.2,Σαρκοείδωση των πνευμόνων με σαρκοείδωση των λεμφαδένων,D
D86.3,Σαρκοείδωση του δέρματος,D
D86.8,Σαρκοείδωση σε άλλες και συνδυασμένες εντοπίσεις,D
D86.9,"Σαρκοείδωση, μη καθορισμένη",D
D89,"Άλλες ανοσολογικές διαταραχές, που δεν ταξινομούνται αλλού",D
D89.0,Πολυκλωνική υπεργαμμασφαιριναιμία,D
D89.1,Κρυοσφαιριναιμία,D
D89.2,"Υπεργαμμασφαιριναιμία, μη καθορισμένη",D
D89.8,"Άλλες καθορισμένες ανοσολογικές διαταραχές, που δεν ταξινομούνται αλλού",D
D89.9,"Ανοσολογική διαταραχή, μη καθορισμένη",D
E00,Συγγενές σύνδρομο ανεπάρκειας ιωδίου,E
E00.0,"Συγγενές σύνδρομο έλλειψης ιωδίου, νευρολογικός τύπος",E
E00.1,"Συγγενές σύνδρομο έλλειψης ιωδίου, μυξοιδηματικός τύπος",E
E00.2,"Συγγενές σύνδρομο ανεπάρκειας ιωδίου, μικτός τύπος",E
E00.9,"Συγγενές σύνδρομο ανεπάρκειας ιωδίου, μη καθορισμένο.",E
E01,Διαταραχές του θυρεοειδούς σχετιζόμενες με ανεπάρκεια ιωδίου και συναφείς καταστάσεις,E
E01.0,Διάχυτη (ενδημική) βρογχοκήλη σχετιζόμενη με ανεπάρκεια ιωδίου,E
E01.1,Πολυοζώδης (ενδημική) βρογχοκήλη σχετιζόμενη με ανεπάρκεια ιωδίου,E
E01.2,"Βρογχοκήλη (ενδημική) σχετιζόμενη με ανεπάρκεια ιωδίου, μη καθορισμένη.",E
E01.8,Άλλες διαταραχές του θυρεοειδούς σχετιζόμενες με ανεπάρκεια ιωδίου και συναφείς καταστάσεις,E
E02,Υποκλινικός υποθυρεοειδισμός από ανεπάρκεια ιωδίου,E
E03,Άλλες μορφές υποθυρεοειδισμού,E
E03.0,Συγγενής υποθυρεοειδισμός με διάχυτη βρογχοκήλη,E
E03.1,Συγγενής υποθυρεοειδισμός χωρίς βρογχοκήλη,E
E03.2,Υποθυρεοειδισμός που οφείλεται σε φάρμακα και άλλες εξωγενείς ουσίες,E
E03.3,Μεταλοιμώδης υποθυρεοειδισμός,E
E03.4,Ατροφία του θυρεοειδούς (επίκτητη),E
E03.5,Μυξοιδηματικό κώμα,E
E03.8,Άλλος καθορισμένος υποθυρεοειδισμός,E
E03.9,"Υποθυρεοειδισμός, μη καθορισμένος",E
E04,Άλλες μη τοξικές βρογχοκήλες,E
E04.0,Μη τοξική διάχυτη βρογχοκήλη,E
E04.1,Μη τοξικός μονήρης όζος του θυρεοειδούς,E
E04.2,Μη τοξική πολυοζώδης βρογχοκήλη,E
E04.8,Άλλη καθορισμένη μη τοξική βρογχοκήλη,E
E04.9,"Μη τοξική βρογχοκήλη, μη καθορισμένη",E
E05,Θυρεοτοξίκωση [υπερθυρεοειδισμός],E
E05.0,Θυρεοτοξίκωση με διάχυτη βρογχοκήλη,E
E05.1,Θυρεοτοξίκωση με τοξικό μονήρη θυρεοειδικό όζο,E
E05.2,Θυρεοτοξίκωση με τοξική πολυοζώδη βρογχοκήλη,E
E05.3,Θυρεοτοξίκωση από έκτοπο θυρεοειδικό ιστό,E
E05.4,Εξωγενώς προκλητή θυρεοτοξίκωση,E
E05.5,Θυρεοειδική κρίση ή θύελλα,E
E05.8,Άλλη θυρεοτοξίκωση,E
E05.9,"Θυρεοτοξίκωση, μη καθορισμένη",E
E06,Θυρεοειδίτιδα,E
E06.0,Οξεία θυρεοειδίτιδα,E
E06.1,Υποξεία θυρεοειδίτιδα,E
E06.2,Χρόνια θυρεοειδίτιδα με παροδική θυρεοτοξίκωση,E
E06.3,Αυτοάνοση θυρεοειδίτιδα,E
E06.4,Φαρμακευτική θυρεοειδίτιδα,E
E06.5,Άλλη χρόνια θυρεοειδίτιδα,E
E06.9,"Θυρεοειδίτιδα, μη καθορισμένη",E
E07,Άλλες διαταραχές του θυρεοειδούς,E
E07.0,Υπερέκκριση καλσιτονίνης,E
E07.1,Δυσορμονογενετική βρογχοκήλη,E
E07.8,Άλλες καθορισμένες διαταραχές του θυρεοειδούς,E
E07.9,"Διαταραχή του θυρεοειδούς, μη καθορισμένη",E
E10,Ινσουλινοεξαρτώμενος σακχαρώδης διαβήτης,E
E11,Μη ινσουλινοεξαρτώμενος σακχαρώδης διαβήτης,E
E12,Σακχαρώδης διαβήτης που σχετίζεται με υποσιτισμό,E
E13,Άλλες μορφές σακχαρώδους διαβήτη,E
E14,Μη καθορισμένος σακχαρώδης διαβήτης,E
E15,Μη διαβητικό υπογλυκαιμικό κώμα,E
E16,Άλλες διαταραχές της ενδοκρινικής λειτουργίας του παγκρέατος,E
E16.0,Φαρμακευτικής αιτιολογίας υπογλυκαιμία χωρίς κώμα,E
E16.1,Άλλες μορφές υπογλυκαιμίας,E
E16.2,"Υπογλυκαιμία, μη καθορισμένη",E
E16.3,Αυξημένη έκκριση γλυκαγόνης,E
E16.4,Διαταραχή στην έκκριση γαστρίνης,E
E16.8,Άλλες καθορισμένες διαταραχές της ενδοκρινικής λειτουργίας του παγκρέατος,E
E16.9,"Διαταραχή της ενδοκρινικής λειτουργίας του παγκρέατος, μη καθορισμένη",E
E20,Υποπαραθυρεοειδισμός,E
E20.0,Ιδιοπαθής υποπαραθυρεοειδισμός,E
E20.1,Ψευδοϋποπαραθυρεοειδισμός,E
E20.8,Άλλες μορφές υποπαραθυρεοειδισμού,E
E20.9,"Υποπαραθυρεοειδισμός, μη καθορισμένος",E
E21,Υπερπαραθυρεοειδισμός και άλλες διαταραχές των παραθυρεοειδών αδένων,E
E21.0,Πρωτοπαθής υπερπαραθυρεοειδισμός,E
E21.1,Δευτεροπαθής υπερπαραθυρεοειδισμός. που δεν ταξινομείται αλλού,E
E21.2,Άλλες μορφές υπερπαραθυρεοειδισμού,E
E21.3,"Υπερπαραθυρεοειδισμός, μη καθορισμένος",E
E21.4,Άλλες καθορισμένες διαταραχές των παραθυρεοειδών αδένων,E
E21.5,"Διαταραχή των παραθυρεοειδών αδένων, μη καθορισμένη",E
E22,Υπερλειτουργία της υπόφυσης,E
E22.0,Μεγαλακρία και υποφυσιακός γιγαντισμός,E
E22.1,Υπερπρολακτιναιμία,E
E22.2,Σύνδρομο απρόσφορης έκκρισης αντιδιουρητικής ορμόνης,E
E22.8,Άλλες περιπτώσεις υπερλειτουργίας της υπόφυσης,E
E22.9,"Υπερλειτουργία της υπόφυσης, μη καθορισμένη",E
E23,Υπολειτουργία και άλλες διαταραχές της υπόφυσης,E
E23.0,Υποφυσιακή ανεπάρκεια,E
E23.1,Φαρμακευτικής αιτιολογίας ανεπάρκεια της υπόφυσης,E
E23.2,Άποιος διαβήτης,E
E23.3,"Υποθαλαμική δυσλειτουργία, που δεν ταξινομείται αλλού",E
E23.6,Άλλες διαταραχές της υπόφυσης,E
E23.7,"Διαταραχή της υπόφυσης, μη καθορισμένη",E
E24,Σύνδρομο Cushing,E
E24.0,Υποφυσιοεξαρτώμενη νόσος του Cushing,E
E24.1,Σύνδρομο Nelson,E
E24.2,Φαρμακευτικής αιτιολογίας σύνδρομο Cushing,E
E24.3,Σύνδρομο έκτοπης έκκρισης ACTH,E
E24.4,Ψευδο-σύνδρομο Cushing από αλκοολισμό,E
E24.8,Άλλες μορφές συνδρόμου Cushing,E
E24.9,"Σύνδρομο Cushing, μη καθορισμένο",E
E25,Επινεφριδιο-γεννητικές διαταραχές,E
E25.0,Συγγενείς επινεφριδιο-γεννητικές διαταραχές σχετιζόμενες με ανεπάρκεια ενζύμων,E
E25.8,Άλλες επινεφριδιο-γεννητικές διαταραχές,E
E25.9,"Επινεφριδιο-γεννητική διαταραχή, μη καθορισμένη",E
E26,Υπεραλδοστερονισμός,E
E26.0,Πρωτοπαθής υπεραλδοστερονισμός,E
E26.1,Δευτεροπαθής υπεραλδοστερονισμός,E
E26.8,Άλλες μορφές υπεραλδοστερονισμού,E
E26.9,"Υπεραλδοστερονισμός, μη καθορισμένος",E
E27,Άλλες διαταραχές των επινεφριδίων,E
E27.0,Άλλες περιπτώσεις φλοιοεπινεφριδιακής υπερλειτουργίας,E
E27.1,Πρωτοπαθής φλοιοεπινεφριδική ανεπάρκεια,E
E27.2,Κρίση Αddison (Αδδισόνιαν),E
E27.3,Φαρμακογενής φλοιοεπινεφριδιακή ανεπάρκεια,E
E27.4,Άλλες  και μη καθορισμένες μορφές φλοιοεπινεφριδιακής ανεπάρκειας,E
E27.5,Υπερλειτουργία του μυελού των επινεφριδίων,E
E27.8,Άλλες καθορισμένες διαταραχές των επινεφριδίων,E
E27.9,"Διαταραχή των επινεφριδίων, μη καθορισμένη",E
E28,Δυσλειτουργία των ωοθηκών,E
E28.0,Περίσσεια οιστρογόνων,E
E28.1,Περίσσεια ανδρογόνων,E
E28.2,Σύνδρομο πολυκυστικών ωοθηκών,E
E28.3,Πρωτοπαθής ανεπάρκεια των ωοθηκών,E
E28.8,Άλλη δυσλειτουργία των ωοθηκών,E
E28.9,"Δυσλειτουργία των ωοθηκών, μη καθορισμένη",E
E29,Δυσλειτουργία των όρχεων,E
E29.0,Υπερλειτουργία των όρχεων,E
E29.1,Υπολειτουργία των όρχεων.,E
E29.8,Άλλη δυσλειτουργία των όρχεων,E
E29.9,"Δυσλειτουργία των όρχεων, μη καθορισμένη",E
E30,"Διαταραχές της ήβης, που δεν ταξινομούνται αλλού",E
E30.0,Καθυστερημένη ήβη,E
E30.1,Πρώιμος ήβη,E
E30.8,Άλλες διαταραχές της ήβης,E
E30.9,"Διαταραχή της ήβης, μη καθορισμένη",E
E31,Πολυαδενική δυσλειτουργία,E
E31.0,Αυτοάνοσος πολυαδενική ανεπάρκεια,E
E31.1,Πολυαδενική υπερλειτουργία,E
E31.8,Άλλη πολυαδενική δυσλειτουργία,E
E31.9,"Πολυαδενική δυσλειτουργία, μη καθορισμένη",E
E32,Νοσήματα του θύμου αδένα,E
E32.0,Επίμονη υπερπλασία του θύμου,E
E32.1,Απόστημα του θύμου,E
E32.8,Άλλα νοσήματα του θύμου,E
E32.9,"Νόσος του θύμου, μη καθορισμένη",E
E34,Άλλες διαταραχές των ενδοκρινών αδένων,E
E34.0,Σύνδρομο καρκινοειδούς,E
E34.1,Άλλες μορφές υπερέκκρισης εντερικών ορμονών,E
E34.2,"Έκτοπη ορμονική έκκριση, που δεν ταξινομείται αλλού",E
E34.3,"Χαμηλό ανάστημα, που δεν ταξινομείται αλλού",E
E34.4,Ιδιοσυστασιακό ψηλό ανάστημα,E
E34.5,Σύνδρομο αντίστασης στα ανδρογόνα,E
E34.8,Άλλες καθορισμένες διαταραχές των ενδοκρινών αδένων,E
E34.9,"Ενδοκρινική διαταραχή, μη καθορισμένη",E
E40,Kwashiorkor,E
E41,Τροφικός μαρασμός,E
E42,Μαρασμικό kwashiorkor,E
E43,Μη καθορισμένος σοβαρός πρωτεϊνο-ενεργειακός υποσιτισμός,E
E44,Μέτριου και ήπιου βαθμού υποσιτισμός από ανεπάρκεια πρόσληψης πρωτεϊνών και ενέργειας,E
E44.0,Μέτριος υποσιτισμός από ανεπάρκεια πρόσληψης πρωτεϊνών και ενέργειας,E
E44.1,Ήπιος υποσιτισμός από ανεπάρκεια πρόσληψης πρωτεϊνών και ενέργειας,E
E45,Καθυστέρηση της ανάπτυξης ως επακόλουθο υποσιτισμού από ανεπάρκεια πρόσληψης πρωτεϊνών και ενέργειας,E
E46,Μη καθορισμένος υποσιτισμός από ανεπάρκεια πρόσληψης πρωτεϊνών και ενέργειας,E
E50,Ανεπάρκεια βιταμίνης Α,E
E50.0,Ανεπάρκεια βιταμίνης Α με ξηρότητα των επιπεφυκότων,E
E50.1,Ανεπάρκεια βιταμίνης Α με κηλίδα του Bitot και ξηρότητα των επιπεφυκότων,E
E50.2,Ανεπάρκεια βιταμίνης Α με ξηρότητα του κερατοειδούς.,E
E50.3,Ανεπάρκεια βιταμίνης Α με εξέλκωση και ξηρότητα του κερατοειδούς,E
E50.4,Ανεπάρκεια βιταμίνης Α με κερατομαλάκυνση,E
E50.5,Ανεπάρκεια βιταμίνης Α με νυκταλωπία,E
E50.6,Ανεπάρκεια βιταμίνης Α με ξηροφθαλμικές εσχάρες του κερατοειδούς,E
E50.7,Άλλες οφθαλμικές εκδηλώσεις από ανεπάρκεια της βιταμίνης Α,E
E50.8,Άλλες εκδηλώσεις από την ανεπάρκεια βιταμίνης Α,E
E50.9,"Ανεπάρκεια βιταμίνης Α, μη καθορισμένη",E
E51,Ανεπάρκεια θειαμίνης,E
E51.1,Beriberi,E
E51.2,Εγκεφαλοπάθεια του Wernicke,E
E51.8,Άλλες εκδηλώσεις της ανεπάρκειας θειαμίνης,E
E51.9,"Ανεπάρκεια θειαμίνης, μη καθορισμένη",E
E52,Ανεπάρκεια νιασίνης [πελλάγρα],E
E53,Ανεπάρκεια άλλων βιταμινών της ομάδας Β,E
E53.0,Ανεπάρκεια ριβοβλαφίνης,E
E53.1,Ανεπάρκεια πυριδοξίνης,E
E53.8,Ανεπάρκεια άλλων καθορισμένων βιταμινών της ομάδας Β,E
E53.9,"Ανεπάρκεια βιταμίνης Β, μη καθορισμένη",E
E54,Ανεπάρκεια ασκορβικού οξέος,E
E55,Ανεπάρκεια βιταμίνης D,E
E55.0,"Ραχίτιδα, ενεργή",E
E55.9,"Ανεπάρκεια βιταμίνης D, μη καθορισμένη",E
E56,Ανεπάρκειες άλλων βιταμινών,E
E56.0,Ανεπάρκεια της βιταμίνης Ε,E
E56.1,Ανεπάρκεια της βιταμίνης Κ,E
E56.8,Ανεπάρκεια άλλων βιταμινών,E
E56.9,"Ανεπάρκεια βιταμίνης, μη καθορισμένη",E
E58,Διατροφική ανεπάρκεια ασβεστίου,E
E59,Διατροφική ανεπάρκεια σεληνίου,E
E60,Διατροφική ανεπάρκεια ψευδαργύρου,E
E61,Ανεπάρκεια άλλων διατροφικών συστατικών,E
E61.0,Ανεπάρκεια χαλκού,E
E61.1,Ανεπάρκεια σιδήρου,E
E61.2,Ανεπάρκεια μαγνησίου,E
E61.3,Ανεπάρκεια μαγγανίου,E
E61.4,Ανεπάρκεια χρωμίου,E
E61.5,Ανεπάρκεια μολυβδενίου,E
E61.6,Ανεπάρκεια βαναδίου,E
E61.7,Ανεπάρκεια πολλαπλών διατροφικών συστατικών,E
E61.8,Ανεπάρκεια άλλων καθορισμένων διατροφικών συστατικών,E
E61.9,"Ανεπάρκεια διατροφικού συστατικού, μη καθορισμένη",E
E63,Άλλες διατροφικές ανεπάρκειες,E
E63.0,Ανεπάρκεια των βασικών λιπαρών οξέων [EFA],E
E63.1,Μη ισολογισμένη πρόσληψη συστατικών διατροφής,E
E63.8,Άλλες καθορισμένες διατροφικές ανεπάρκειες,E
E63.9,"Διατροφική ανεπάρκεια, μη καθορισμένη.",E
E64,Όψιμα αποτελέσματα υποσιτισμού και άλλων τροφικών ανεπαρκειών,E
E64.0,Όψιμα αποτελέσματα υποσιτισμού από ανεπάρκεια πρόσληψης πρωτεϊνών και ενέργειας,E
E64.1,Όψιμα αποτελέσματα της ανεπάρκειας βιταμίνης Α,E
E64.2,Όψιμα αποτελέσματα της ανεπάρκειας βιταμίνης C,E
E64.3,Όψιμα αποτελέσματα της ραχίτιδας,E
E64.8,Όψιμα αποτελέσματα άλλων διατροφικών ανεπαρκειών,E
E64.9,Όψιμα αποτελέσματα μη καθορισμένης διατροφικής ανεπάρκειας,E
E65,Εντοπισμένη παχυσαρκία,E
E66,Παχυσαρκία,E
E66.0,Παχυσαρκία από αυξημένη πρόσληψη θερμίδων,E
E66.1,Φαρμακευτικής αιτιολογίας παχυσαρκία,E
E66.2,Υπερβολική παχυσαρκία με κυψελιδικό υποαερισμό,E
E66.8,Άλλες μορφές παχυσαρκίας,E
E66.9,"Παχυσαρκία, μη καθορισμένη",E
E67,Άλλες μορφές υπερσιτισμού,E
E67.0,Υπερβιταμίνωση Α,E
E67.1,Υπερκαροτιναιμία,E
E67.2,Σύνδρομο των μεγαβιταμινών Β6,E
E67.3,Υπερβιταμίνωση D,E
E67.8,Άλλες μορφές υπερσιτισμού,E
E68,Όψιμα αποτελέσματα του υπερσιτισμού,E
E70,Διαταραχές του μεταβολισμού των αρωματικών αμινοξέων,E
E70.0,Κλασσική φαινυλκετονουρία,E
E70.1,Άλλες μορφές υπερφαινυλαλανιναιμίας,E
E70.2,Διαταραχές του μεταβολισμού της τυροσίνης,E
E70.3,Αλφισμός,E
E70.8,Άλλες διαταραχές του μεταβολισμού των αρωματικών αμινοξέων,E
E70.9,"Διαταραχή του μεταβολισμού των αρωματικών αμινοξέων, μη καθορισμένη",E
E71,Διαταραχές του μεταβολισμού των αμινοξέων διακλαδούμενης αλύσου και των λιπαρών οξέων,E
E71.0,Νόσος της οσμής των ούρων δίκην σιροπίου σφενδάμου (Maple-syrup-urine disease),E
E71.1,Άλλες διαταραχές -του μεταβολισμού- των αμινοξέων  διακλαδoύμενης αλύσου,E
E71.2,"Διαταραχή του μεταβολισμού των αμινοξέων διακλαδούμενης αλύσου, μη καθορισμένη",E
E71.3,Διαταραχές του μεταβολισμού των λιπαρών οξέων,E
E72,Άλλες διαταραχές του μεταβολισμού των αμινοξέων,E
E72.0,Διαταραχές της μεταφοράς των αμινοξέων,E
E72.1,Διαταραχές του μεταβολισμού των θειαμινοξέων,E
E72.2,Διαταραχές του μεταβολισμού του κύκλου της ουρίας,E
E72.3,Διαταραχές του μεταβολισμού της λυσίνης και υδροξυλυσίνης,E
E72.4,Διαταραχές του μεταβολισμού της ορνιθίνης,E
E72.5,Διαταραχές του μεταβολισμού της γλυκίνης,E
E72.8,Άλλες καθορισμένες διαταραχές του μεταβολισμού των αμινοξέων,E
E72.9,"Διαταραχή του μεταβολισμού των αμινοξέων, μη καθορισμένη",E
E73,Δυσανεξία στη λακτόζη,E
E73.0,Συγγενής ανεπάρκεια λακτάσης,E
E73.1,Δευτεροπαθής ανεπάρκεια λακτάσης,E
E73.8,Άλλη δυσανεξία στη λακτόζη,E
E73.9,"Δυσανεξία στη λακτόζη, μη καθορισμένη",E
E74,Άλλες διαταραχές του μεταβολισμού των υδατανθράκων,E
E74.0,Νόσος της αποθήκευσης γλυκογόνου,E
E74.1,Διαταραχές του μεταβολισμού της φρουκτόζης,E
E74.2,Διαταραχές του μεταβολισμού της γαλακτόζης,E
E74.3,Άλλες διαταραχές της εντερικής απορρόφησης των υδατανθράκων,E
E74.4,Διαταραχές του μεταβολισμού του πυροσταφυλικού οξέος και της γλυκονεογένεσης,E
E74.8,Άλλες καθορισμένες διαταραχές του μεταβολισμού των υδατανθράκων,E
E74.9,"Διαταραχή του μεταβολισμού των υδατανθράκων, μη καθορισμένη",E
E75,Διαταραχές μεταβολισμού των σφιγγολιπιδίων και άλλες διαταραχές αποθήκευσης των λιπιδίων,E
E75.0,"GM2, γαγγλιοσίδωση",E
E75.1,Άλλες μορφές γαγγλιοσίδωσης,E
E75.2,Άλλες μορφές σφιγγολιπίδωσης,E
E75.3,"Σφιγγολιπίδωση, μη καθορισμένη",E
E75.4,Νευρωνική κηροειδής λιποφουσκίνωση,E
E75.5,Άλλες διαταραχές αποθήκευσης λιπιδίων,E
E75.6,"Διαταραχή αποθήκευσης λιπιδίων, μη καθορισμένη",E
E76,Διαταραχές του μεταβολισμού της γλυκοζαμινογλυκάνης,E
E76.0,"Βλεννοπολυσακχαρίδωση, τύπος Ι",E
E76.1,"Βλεννοπολυσακχαρίδωση, τύπος ΙΙ",E
E76.2,Άλλες βλεννοπολυσακχαριδώσεις,E
E76.3,"Βλεννοπολυσακχαρίδωση, μη καθορισμένη",E
E76.8,Άλλες διαταραχές του μεταβολισμού της γλυκοζαμινογλυκάνης,E
E76.9,"Διαταραχή του μεταβολισμού της γλυκοζαμινογλυκάνης, μη καθορισμένη",E
E77,Διαταραχές μεταβολισμού γλυκοπρωτεϊνών,E
E77.0,Διαταραχές της μετά-μεταφραστικής τροποποίησης των λυσοσωματικών ενζύμων,E
E77.1,Διαταραχές της αποδόμησης των γλυκοπρωτεϊνών,E
E77.8,Άλλες διαταραχές του μεταβολισμού των γλυκοπρωτεϊνών,E
E77.9,"Διαταραχη του μεταβολισμού των γλυκοπρωτεϊνών, μη καθορισμένη",E
E78,Διαταραχές του μεταβολισμού των λιποπρωτεινών και άλλες λιπιδαιμίες,E
E78.0,Αμιγής υπερχοληστερολαιμία,E
E78.1,Αμιγής υπεργλυκεριδαιμία,E
E78.2,Μικτή υπερλιπιδαιμία,E
E78.3,Υπερχυλομικραιμία,E
E78.4,Άλλες μορφές υπερλιπιδαιμίας,E
E78.5,"Υπερλιπιδαιμία, μη καθορισμένη.",E
E78.6,Ανεπάρκεια λιποπρωτεΐνης,E
E78.8,Άλλες διαταραχές του μεταβολισμού των λιποπρωτεϊνών,E
E78.9,"Διαταραχή του μεταβολισμού των λιποπρωτεϊνών, μη καθορισμένη",E
E79,Διαταραχές του μεταβολισμού των πουρινών και πυραμιδινών,E
E79.0,Υπερουριχαιμία χωρίς σημεία φλεγμονώδους αρθρίτιδας ή παρουσίας τόφων,E
E79.1,Σύνδρομο Lesch-Nyhan,E
E79.8,Άλλες διαταραχές του μεταβολισμού των πουρινών και πυριμιδινών,E
E79.9,"Διαταραχή του μεταβολισμού των πουρινών και πυραμιδινών, μη καθορισμένη",E
E80,Διαταραχές του μεταβολισμού της πορφυρίνης και χολερυθρίνης,E
E80.0,Κληρονομική ερυθροποιητική πορφυρία,E
E80.1,Όψιμη δερματική πορφυρία,E
E80.2,Άλλες περιπτώσεις πορφυρίας,E
E80.3,Βλάβες καταλάσης και υπεροξειδάσης,E
E80.4,Σύνδρομο Gilbert,E
E80.5,Σύνδρομο Crigler-Najjar,E
E80.6,Άλλες διαταραχές του μεταβολισμού της χολερυθρίνης,E
E80.7,"Διαταραχή του μεταβολισμού της χολερυθρίνης, μη καθορισμένη",E
E83,Διαταραχές του μεταβολισμού των μετάλλων,E
E83.0,Διαταραχές του μεταβολισμού του χαλκού,E
E83.1,Διαταραχές του μεταβολισμού του σιδήρου,E
E83.2,Διαταραχές του μεταβολισμού του ψευδαργύρου,E
E83.3,Διαταραχές του μεταβολισμού του φωσφόρου,E
E83.4,Διαταραχές του μεταβολισμού του μαγνησίου,E
E83.5,Διαταραχές του μεταβολισμού του ασβεστίου,E
E83.8,Άλλες διαταραχές του μεταβολισμού των μετάλλων,E
E83.9,"Διαταραχή του μεταβολισμού των μετάλλων, μη καθορισμένη",E
E84,Κυστική ίνωση,E
E84.0,Κυστική ίνωση με πνευμονικές εκδηλώσεις,E
E84.1,Κυστική ίνωση με εντερικές εκδηλώσεις,E
E84.8,Κυστική ίνωση με άλλες εκδηλώσεις,E
E84.9,"Κυστική ίνωση, μη καθορισμένη",E
E85,Αμυλοείδωση,E
E85.0,Μη-νευροπαθητική κληρονομική οικογενής αμυλοείδωση,E
E85.1,Νευροπαθητική κληρονομική οικογενής αμυλοείδωση,E
E85.2,"Κληρονομική οικογενής αμυλοείδωση, μη καθορισμένη",E
E85.3,Δευτεροπαθής συστηματική αμυλοείδωση,E
E85.4,Αμυλοείδωση που περιορίζεται σε ένα όργανο,E
E85.8,Άλλες μορφές αμυλοείδωσης,E
E85.9,"Αμυλοείδωση, μη καθορισμένη",E
E86,Ελάττωση του όγκου,E
E87,"Άλλες διαταραχές των υγρών, των ηλεκτρολυτών και της οξεοβασικής ισορροπίας",E
E87.0,Υπερωσμωτικότητα και υπερνατριαιμία,E
E87.1,Υποωσμωτικότητα και υπονατριαιμία,E
E87.2,Οξέωση,E
E87.3,Αλκάλωση,E
E87.4,Μικτή διαταραχή της οξεοβασικής ισορροπίας,E
E87.5,Υπερκαλιαιμία,E
E87.6,Υποκαλιαιμία,E
E87.7,Υπερφόρτωση με υγρά,E
E87.8,"Άλλες διαταραχές των ηλεκτρολυτών και των υγρών, που δεν ταξινομούνται αλλού",E
E88,Άλλες μεταβολικές διαταραχές,E
E88.0,"Διαταραχές του μεταβολισμού των πρωτεϊνών του πλάσματος, που δεν  ταξινομούνται αλλού",E
E88.1,"Λιποδυστροφία, που δεν ταξινομείται αλλού",E
E88.2,"Λιπωμάτωση, που δεν ταξινομείται αλλού",E
E88.8,Άλλες καθορισμένες μεταβολικές διαταραχές,E
E88.9,"Μεταβολική διαταραχή, μη καθορισμένη",E
E89,"Ενδοκρινικές και μεταβολικές διαταραχές μετά από ιατρικές επεμβάσεις, που δεν ταξινομούνται αλλού",E
E89.0,"Υποθυρεοειδισμός, μετά από ιατρική επέμβαση",E
E89.1,Υποϊνσουλιναιμία μετά από ιατρική επέμβαση,E
E89.2,Υποπαραθυρεοειδισμός μετά από ιατρική επέμβαση,E
E89.3,Υποϋποφυσισμός μετά από ιατρική επέμβαση,E
E89.4,Ανεπάρκεια ωοθηκών μετά από ιατρική επέμβαση,E
E89.5,Υπολειτουργία των όρχεων μετά από ιατρική επέμβαση,E
E89.6,Υπολειτουργία του φλοιού και του μυελού των επινεφριδίων μετά από ιατρική επέμβαση,E
E89.8,Άλλες ενδοκρινικές και μεταβολικές διαταραχές μετά από ιατρική επέμβαση,E
E89.9,"Ενδοκρινική και μεταβολική διαταραχή μετά από ιατρική επέμβαση, μη καθορισμένη",E
F01,Αγγειακή άνοια,F
F01.0,Αγγειακή άνοια με οξεία έναρξη,F
F01.1,Πολυεμφρακτική άνοια,F
F01.2,Υποφλοιώδης αγγειακή άνοια,F
F01.3,Μικτή φλοιώδης και υποφλοιώδης αγγειακή άνοια,F
F01.8,Άλλη αγγειακή άνοια,F
F01.9,"Αγγειακή άνοια, μη καθορισμένη",F
F03,Άνοια  μη καθορισμένη,F
F04,"Οργανικό αμνησιακό σύνδρομο, που δεν προκαλείται από οινοπνευματώδη και άλλες ψυχοδραστικές ουσίες",F
F05,"Delirium, που δεν προκαλείται από οινοπνευματώδη και άλλες ψυχοδραστικές ουσίες",F
F05.0,"Delirium που δεν επικάθεται σε άνοια, ούτως περιγραφόμενο",F
F05.1,Delirium που επικάθεται σε άνοια,F
F05.8,Άλλο delirium,F
F05.9,"Delirium, μη καθορισμένο",F
F06,Άλλες ψυχικές διαταραχές που οφείλονται σε εγκεφαλική βλάβη και δυσλειτουργία και σε σωματική  νόσο,F
F06.0,Οργανική ψευδαισθήτωση,F
F06.1,Οργανική κατατονική διαταραχή,F
F06.2,Οργανική παραληρητική [σχιζοφρενικόμορφη] διαταραχή,F
F06.3,Οργανικές  συναισθηματικές διαταραχές,F
F06.4,Οργανική αγχώδης διαταραχή,F
F06.5,Οργανική αποσυνδετική διαταραχή,F
F06.6,Οργανική διαταραχή εκδηλούμενη με ασταθές [ασθενικό] συναίσθημα,F
F06.7,Ήπια διαταραχή των γνωστικών λειτουργιών,F
F06.8,Άλλες καθορισμένες ψυχικές διαταραχές που οφείλονται σε εγκεφαλική βλάβη και δυσλειτουργία και σε σωματική νόσο,F
F06.9,Μη καθορισμένη ψυχική διαταραχή που οφείλεται σε εγκεφαλική βλάβη και δυσλειτουργία και σε σωματική νόσο,F
F07,"Διαταραχές της προσωπικότητας και της συμπεριφοράς που οφείλονται σε εγκεφαλική νόσο, βλάβη και δυσλειτουργία",F
F07.0,Οργανική διαταραχή της προσωπικότητας,F
F07.1,Μετεγκεφαλιτιδικό σύνδρομο,F
F07.2,Μεταδιασεισικό σύνδρομο,F
F07.8,"Άλλες οργανικές διαταραχές της προσωπικότητας και της συμπεριφοράς που οφείλονται σε εγκεφαλική νόσο, βλάβη και δυσλειτουργία",F
F07.9,"Μη καθορισμένη οργανική διαταραχή της προσωπικότητας και της συμπεριφοράς που οφείλεται σε εγκεφαλική νόσο, βλάβη και δυσλειτουργία.",F
F09,Μη καθορισμένη οργανική ή συμπτωματική ψυχική διαταραχή,F
F10,Ψυχικές διαταραχές και διαταραχές συμπεριφοράς οφειλόμενες στη χρήση οινοπνευματωδών,F
F11,Ψυχικές διαταραχές και διαταραχές συμπεριφοράς οφειλόμενες στη χρήση οπιοειδών,F
F12,Ψυχικές διαταραχές και διαταραχές συμπεριφοράς οφειλόμενες στη χρήση κανναβινοειδών,F
F13,Ψυχικές διαταραχές και διαταραχές συμπεριφοράς οφειλόμενες στη χρήση ηρεμιστικών ή υπνωτικών,F
F14,Ψυχικές διαταραχές και διαταραχές συμπεριφοράς οφειλόμενες στη χρήση κοκαΐνης,F
F15,"Ψυχικές διαταραχές και διαταραχές συμπεριφοράς οφειλόμενες στη χρήση άλλων διεγερτικών ουσιών, περιλαμβανομένης της καφεΐνης",F
F16,Ψυχικές διαταραχές και διαταραχές συμπεριφοράς οφειλόμενες στη χρήση ψευδαισθησιογόνων,F
F17,Ψυχικές διαταραχές και διαταραχές συμπεριφοράς οφειλόμενες στη χρήση καπνού,F
F18,Ψυχικές διαταραχές και διαταραχές συμπεριφοράς οφειλόμενες στη χρήση πτητικών διαλυτών,F
F19,Ψυχικές διαταραχές και διαταραχές συμπεριφοράς οφειλόμενες σε πολλαπλή χρήση ουσιών και σε χρήση άλλων ψυχοδραστικών ουσιών,F
F20,Σχιζοφρένεια,F
F20.0,Παρανοειδής σχιζοφρένεια,F
F20.1,Ηβηφρενική σχιζοφρένεια,F
F20.2,Κατατονική σχιζοφρένεια,F
F20.3,Αδιαφοροποίητη σχιζοφρένεια,F
F20.4,Μετασχιζοφρενική κατάθλιψη,F
F20.5,Υπολειμματική σχιζοφρένεια,F
F20.6,Απλή σχιζοφρένεια,F
F20.8,Άλλης μορφής σχιζοφρένεια,F
F20.9,"Σχιζοφρένεια, μη καθορισμένη",F
F21,Σχιζότυπη διαταραχή,F
F22,Χρονίζουσες παραληρητικές διαταραχές,F
F22.0,Παραληρητική διαταραχή,F
F22.8,Άλλες χρονίζουσες παραληρητικές διαταραχές,F
F22.9,"Χρονίζουσα παραληρητική διαταραχή, μη καθορισμένη",F
F23,Οξείες και παροδικές ψυχωσικές διαταραχές,F
F23.0,Οξεία πολύμορφη ψυχωσική διαταραχή χωρίς συμπτώματα σχιζοφρένειας,F
F23.1,Οξεία πολύμορφη ψυχωσική διαταραχή με συμπτώματα σχιζοφρένειας,F
F23.2,Οξεία σχιζοφρενικόμορφη ψυχωσική διαταραχή,F
F23.3,Άλλες οξείες κυρίως παραληρητικές ψυχωσικές διαταραχές,F
F23.8,Άλλες οξείες και παροδικές ψυχωσικές διαταραχές,F
F23.9,"Οξεία και παροδική ψυχωσική διαταραχή, μη καθορισμένη",F
F24,Επακτή παραληρητική διαταραχή,F
F25,Σχιζοσυναισθηματικές διαταραχές,F
F25.0,"Σχιζοσυναισθηματική διαταραχή, μανιακού τύπου",F
F25.1,"Σχιζοσυναισθηματική διαταραχή, καταθλιπτικού τύπου",F
F25.2,"Σχιζοσυναισθηματική διαταραχή, μικτού τύπου",F
F25.8,Άλλες σχιζοσυναισθηματικές διαταραχές,F
F25.9,"Σχιζοσυναισθηματική διαταραχή, μη καθορισμένη",F
F28,Άλλες μη οργανικές ψυχωσικές διαταραχές,F
F29,Μη καθορισμένη μη οργανική ψύχωση,F
F30,Μανιακό επεισόδιο,F
F30.0,Υπομανία,F
F30.1,Μανία χωρίς ψυχωσικά συμπτώματα,F
F30.2,Μανία με ψυχωσικά συμπτώματα,F
F30.8,Άλλα μανιακά επεισόδια,F
F30.9,"Μανιακό επεισόδιο, μη καθορισμένο",F
F31,Διπολική συναισθηματική διαταραχή,F
F31.0,"Διπολική συναισθηματική διαταραχή, παρόν επεισόδιο υπομανιακό",F
F31.1,"Διπολική συναισθηματική διαταραχή, παρόν επεισόδιο μανιακό χωρίς ψυχωσικά συμπτώματα",F
F31.2,"Διπολική συναισθηματική διαταραχή, παρόν επεισόδιο μανιακό με ψυχωσικά συμπτώματα",F
F31.3,"Διπολική συναισθηματική διαταραχή, παρόν επεισόδιο ήπιας ή μέτριας κατάθλιψης",F
F31.4,"Διπολική συναισθηματική διαταραχή, παρόν επεισόδιο βαριάς κατάθλιψης χωρίς ψυχωσικά συμπτώματα",F
F31.5,"Διπολική συναισθηματική διαταραχή, παρόν επεισόδιο βαριάς κατάθλιψης με ψυχωσικά συμπτώματα",F
F31.6,"Διπολική συναισθηματική διαταραχή, παρόν επεισόδιο μικτό",F
F31.7,"Διπολική συναισθηματική διαταραχή, σε ύφεση κατά την παρούσα φάση",F
F31.8,Άλλες διπολικές συναισθηματικές διαταραχές,F
F31.9,"Διπολική συναισθηματική διαταραχή, μη καθορισμένη",F
F32,Καταθλιπτικό επεισόδιο,F
F32.0,Ήπιο καταθλιπτικό επεισόδιο,F
F32.1,Μέτριας βαρύτητας καταθλιπτικό επεισόδιο,F
F32.2,Βαρύ καταθλιπτικό επεισόδιο χωρίς ψυχωσικά συμπτώματα,F
F32.3,Βαρύ καταθλιπτικό επεισόδιο με ψυχωσικά συμπτώματα,F
F32.8,Άλλα καταθλιπτικά επεισόδια,F
F32.9,"Καταθλιπτικό  επεισόδιο, μη καθορισμένο",F
F33,Υποτροπιάζουσα καταθλιπτική διαταραχή,F
F33.0,"Υποτροπιάζουσα καταθλιπτική διαταραχή,  παρόν επεισόδιο ήπιο",F
F33.1,"Υποτροπιάζουσα καταθλιπτική διαταραχή, παρόν επεισόδιο μέτριας βαρύτητας",F
F33.2,"Υποτροπιάζουσα καταθλιπτική διαταραχή, παρόν επεισόδιο βαρύ χωρίς ψυχωσικά συμπτώματα",F
F33.3,"Υποτροπιάζουσα καταθλιπτική διαταραχή, παρόν επεισόδιο βαρύ με ψυχωσικά συμπτώματα",F
F33.4,"Υποτροπιάζουσα καταθλιπτική διαταραχή, σε ύφεση κατά την παρούσα φάση",F
F33.8,Άλλες υποτροπιάζουσες καταθλιπτικές διαταραχές,F
F33.9,"Υποτροπιάζουσα καταθλιπτική διαταραχή, μη καθορισμένη",F
F34,Επίμονες διαταραχές της διάθεσης [συναισθηματικές],F
F34.0,Κυκλοθυμία,F
F34.1,Δυσθυμία,F
F34.8,Άλλες επίμονες διαταραχές της διάθεσης [συναισθηματικές],F
F34.9,"Επίμονη διαταραχή της διάθεσης [συναισθηματική], μη καθορισμένη",F
F38,Άλλες διαταραχές της διάθεσης [συναισθηματικές],F
F38.0,Άλλες μονήρεις διαταραχές της διάθεσης [συναισθηματικές],F
F38.1,Άλλες υποτροπιάζουσες διαταραχές της διάθεσης [συναισθηματικές],F
F38.8,Άλλες καθορισμένες διαταραχές της διάθεσης [συναισθηματικές],F
F39,Μη καθορισμένη διαταραχή της διάθεσης [συναισθηματική],F
F40,Διαταραχές φοβικού άγχους,F
F40.0,Αγοραφοβία,F
F40.1,Κοινωνικές φοβίες,F
F40.2,Ειδικές (μεμονωμένες) φοβίες,F
F40.8,Άλλες διαταραχές φοβικού άγχους,F
F40.9,"Διαταραχή φοβικού άγχους, μη καθορισμένη",F
F41,Άλλες αγχώδεις διαταραχές,F
F41.0,Διαταραχή πανικού [επεισοδιακό παροξυσμικό άγχος],F
F41.1,Διαταραχή γενικευμένου άγχους,F
F41.2,Μικτή αγχώδης και καταθλιπτική διαταραχή,F
F41.3,Άλλες μικτές αγχώδεις διαταραχές,F
F41.8,Άλλες καθορισμένες αγχώδεις διαταραχές,F
F41.9,"Αγχώδης διαταραχή, μη καθορισμένη",F
F42,Ιδεοψυχαναγκαστική διαταραχή,F
F42.0,Διαταραχή με προεξάρχουσες ιδεοληπτικές σκέψεις ή ιδεομηρυκασμούς,F
F42.1,Διαταραχή με προεξάρχουσες ψυχαναγκαστικές πράξεις [ιδεοληπτικές τελετουργίες],F
F42.2,Διαταραχή με μικτές  ιδεοληπτικές σκέψεις και ψυχαναγκαστικές πράξεις,F
F42.8,Άλλες ιδεοψυχαναγκαστικές διαταραχές,F
F42.9,"Ιδεοψυχαναγκαστική διαταραχή, μη καθορισμένη",F
F43,Αντίδραση σε έντονο stress και διαταραχές προσαρμογής,F
F43.0,Οξεία αντίδραση σε stress,F
F43.1,Διαταραχή stress μετά από ψυχοτραυματική εμπειρία,F
F43.2,Διαταραχές προσαρμογής,F
F43.8,Άλλες αντιδράσεις σε έντονο stress,F
F43.9,"Αντίδραση σε σοβαρό stress, μη καθορισμένη",F
F44,Διαταραχές αποσυνδετικού  [μετατρεπτικού]  τύπου,F
F44.0,Αμνησία αποσυνδετικού τύπου,F
F44.1,Φυγή αποσυνδετικού τύπου,F
F44.2,Εμβροντησία αποσυνδετικού τύπου,F
F44.3,Διαταραχές εκστασιακού τύπου και διαταραχές κατοχής του εαυτού,F
F44.4,Διαταραχές κινητικότητας αποσυνδετικού τύπου,F
F44.5,Σπασμοί αποσυνδετικού τύπου,F
F44.6,Αναισθησία και απώλεια της αισθητικότητας αποσυνδετικού τύπου,F
F44.7,Μικτές αποσυνδετικές [μετατρεπτικές] διαταραχές,F
F44.8,Άλλες αποσυνδετικές [μετατρεπτικές] διαταραχές,F
F44.9,"Διαταραχή αποσυνδετική [μετατρεπτική], μη καθορισμένη",F
F45,Σωματόμορφες διαταραχές,F
F45.0,Διαταραχή σωματοποίησης,F
F45.1,Αδιαφοροποίητη σωματόμορφη διαταραχή,F
F45.2,Υποχονδριακή διαταραχή,F
F45.3,Σωματόμορφη δυσλειτουργία του αυτόνομου νευρικού συστήματος,F
F45.4,Σωματόμορφη διαταραχή επίμονου άλγους,F
F45.8,Άλλες σωματόμορφες διαταραχές,F
F45.9,"Σωματόμορφη διαταραχή, μη καθορισμένη",F
F48,Άλλες νευρωσικές διαταραχές,F
F48.0,Νευρασθένεια,F
F48.1,Σύνδρομο αποπροσωποποίησης–αποπραγματισμού,F
F48.8,Άλλες καθορισμένες νευρωσικές διαταραχές,F
F48.9,"Νευρωσική  διαταραχή, μη καθορισμένη",F
F50,Διαταραχές στη λήψη τροφής,F
F50.0,Ψυχογενής ανορεξία,F
F50.1,Άτυπη ψυχογενής ανορεξία,F
F50.2,Ψυχογενής βουλιμία,F
F50.3,Άτυπη ψυχογενής βουλιμία,F
F50.4,Υπερφαγία συνδυαζόμενη με άλλες ψυχολογικές διαταραχές,F
F50.5,Έμετοι συνδεόμενοι με άλλες ψυχολογικές διαταραχές,F
F50.8,Άλλες διαταραχές στη λήψη τροφής,F
F50.9,"Διαταραχή στη λήψη τροφής, μη καθορισμένη",F
F51,Μη οργανικές διαταραχές του ύπνου,F
F51.0,Μη οργανική αϋπνία,F
F51.1,Μη οργανική υπερυπνία,F
F51.2,Μη οργανική διαταραχή του κύκλου ύπνου-εγρήγορσης,F
F51.3,Υπνοβασία,F
F51.4,Υπνικοί τρόμοι [νυχτερινοί τρόμοι],F
F51.5,Εφιάλτες,F
F51.8,Άλλες μη οργανικές υπνικές διαταραχές,F
F51.9,"Μη οργανική διαταραχή ύπνου, μη καθορισμένη",F
F52,"Σεξουαλική δυσλειτουργία, μη προκαλούμενη από οργανική διαταραχή ή νόσο",F
F52.0,Έλλειψη ή απώλεια της σεξουαλικής επιθυμίας,F
F52.1,Σεξουαλική αποστροφή και έλλειψη σεξουαλικής ικανοποίησης,F
F52.2,Αποτυχία γενετήσιας διέγερσης,F
F52.3,Οργασμική δυσλειτουργία,F
F52.4,Πρόωρη εκσπερμάτιση,F
F52.5,Μη οργανικός κολπόσπασμος,F
F52.6,Μη οργανική δυσπαρευνία,F
F52.7,Υπερβολική σεξουαλική ορμή,F
F52.8,"Άλλη σεξουαλική δυσλειτουργία, μη προκαλούμενη από οργανική διαταραχή ή νόσο",F
F52.9,"Σεξουαλική δυσλειτουργία, μη προκαλούμενη από οργανική διαταραχή ή νόσο",F
F53,"Ψυχικές διαταραχές και διαταραχές της συμπεριφοράς συνδεόμενες με τη λοχεία, που δεν ταξινομούνται αλλού",F
F53.0,"Ήπιες ψυχικές διαταραχές και διαταραχές της συμπεριφοράς συνδεόμενες με τη λοχεία,  που δεν ταξινομούνται αλλού",F
F53.1,"Σοβαρές ψυχικές διαταραχές και διαταραχές της συμπεριφοράς συνδεόμενες με τη λοχεία,  που δεν ταξινομούνται αλλού",F
F53.8,"Άλλες ψυχικές διαταραχές και διαταραχές συμπεριφοράς συνδεόμενες με τη λοχεία,  που δεν ταξινομούνται αλλού",F
F53.9,"Ψυχική  διαταραχή της λοχείας, μη καθορισμένη",F
F54,Ψυχολογικοί παράγοντες και παράγοντες της συμπεριφοράς συνδεόμενοι με διαταραχές  ή παθήσεις που ταξινομούνται αλλού,F
F55,Κατάχρηση ουσιών που δεν προκαλούν εξάρτηση,F
F59,Μη καθορισμένα σύνδρομα συμπεριφοράς συνδεόμενα με φυσιολογικές διαταραχές και σωματικούς παράγοντες,F
F60,Ειδικές διαταραχές της προσωπικότητας,F
F60.0,Παρανοειδής διαταραχή  της προσωπικότητας,F
F60.1,Σχιζοειδής διαταραχή της προσωπικότητας,F
F60.2,Δυσκοινωνική διαταραχή της προσωπικότητας,F
F60.3,Διαταραχή της προσωπικότητας του τύπου της συναισθηματικής αστάθειας,F
F60.4,Οιστριονική διαταραχή της προσωπικότητας,F
F60.5,Καταναγκαστική διαταραχή της προσωπικότητας,F
F60.6,Αγχώδης [αποφευκτική] διαταραχή της προσωπικότητας,F
F60.7,Εξαρτητική  διαταραχή της προσωπικότητας,F
F60.8,Άλλες ειδικές διαταραχές της προσωπικότητας,F
F60.9,Διαταραχή της προσωπικότητας μη καθορισμένη,F
F61,Μεικτές και άλλες διαταραχές της προσωπικότητας,F
F62,"Επιμένουσες μεταβολές της προσωπικότητας, που δε μπορούν να αποδοθούν σε εγκεφαλική βλάβη ή νόσο",F
F62.0,Επιμένουσα  μεταβολή της προσωπικότητας μετά από καταστροφική εμπειρία,F
F62.1,Επιμένουσα μεταβολή της προσωπικότητας μετά από ψυχιατρική νόσο,F
F62.8,Άλλες επιμένουσες μεταβολές της προσωπικότητας,F
F62.9,"Επιμένουσα μεταβολή της προσωπικότητας, μη καθορισμένη",F
F63,Διαταραχές των συνηθειών και των ενορμήσεων,F
F63.0,Παθολογική χαρτοπαιξία,F
F63.1,Παθολογική συμπεριφορά εμπρησμού [πυρομανία],F
F63.2,Παθολογική συμπεριφορά κλοπής [κλεπτομανία],F
F63.3,Τριχοτιλλομανία,F
F63.8,Άλλες διαταραχές των συνηθειών και των ενορμήσεων,F
F63.9,"Διαταραχή των συνηθειών και των ενορμήσεων, μη  καθορισμένη",F
F64,Διαταραχές της ταυτότητας του φύλου,F
F64.0,Διαφυλική διαταραχή,F
F64.1,Παρενδυσία διπλού ρόλου,F
F64.2,Διαταραχή της ταυτότητας φύλου στην παιδική ηλικία,F
F64.8,Άλλες διαταραχές της ταυτότητας του φύλου,F
F64.9,Διαταραχή της ταυτότητας του φύλου μη καθορισμένη,F
F65,Διαταραχές της σεξουαλικής προτίμησης,F
F65.0,Φετιχισμός,F
F65.1,Φετιχιστική παρενδυσία,F
F65.2,Επιδειξιομανία,F
F65.3,Ηδονοβλεψία,F
F65.4,Παιδοφιλία,F
F65.5,Σαδομαζοχισμός,F
F65.6,Πολλαπλές διαταραχές της σεξουαλικής προτίμησης,F
F65.8,Άλλες διαταραχές της σεξουαλικής προτίμησης,F
F65.9,"Διαταραχή της σεξουαλικής προτίμησης, μη καθορισμένη",F
F66,Ψυχολογικές διαταραχές και διαταραχές της συμπεριφοράς που σχετίζονται με τη σεξουαλική ανάπτυξη και προσανατολισμό,F
F66.0,Διαταραχή της σεξουαλικής ωρίμανσης,F
F66.1,Δυστονικός προς το εγώ σεξουαλικός προσανατολισμός,F
F66.2,Διαταραχή της σεξουαλικής σχέσης,F
F66.8,Άλλες διαταραχές της ψυχοσεξουαλικής ανάπτυξης,F
F66.9,"Διαταραχή της ψυχοσεξουαλικής ανάπτυξης, μη καθορισμένη",F
F68,Άλλες διαταραχές της προσωπικότητας και της συμπεριφοράς του ενηλίκου,F
F68.0,Εποικοδόμηση σωματικών συμπτωμάτων για ψυχολογικούς λόγους,F
F68.1,"Σκόπιμη παραγωγή ή υπόκριση συμπτωμάτων ή ανικανοτήτων, σωματικών ή ψυχικών [πλασματική διαταραχή]",F
F68.8,Άλλες καθορισμένες διαταραχές της προσωπικότητας και της συμπεριφοράς του ενήλικου,F
F69,Μη καθορισμένη διαταραχή της προσωπικότητας και της συμπεριφοράς του ενήλικου,F
F70,Ελαφρά νοητική καθυστέρηση,F
F71,Μέτρια νοητική καθυστέρηση,F
F72,Σοβαρή νοητική καθυστέρηση,F
F73,Βαριά νοητική καθυστέρηση,F
F78,Άλλη νοητική καθυστέρηση,F
F79,Μη καθορισμένη νοητική καθυστέρηση,F
F80,Ειδικές αναπτυξιακές διαταραχές της ομιλίας και της γλώσσας (του λόγου),F
F80.0,Ειδική διαταραχή της άρθρωσης,F
F80.1,Διαταραχή στην έκφραση της γλώσσας ( του λόγου),F
F80.2,Αντιληπτική διαταραχή της γλώσσας (του λόγου),F
F80.3,Επίκτητη αφασία συνοδευόμενη με επιληψία [Landau-Kleffner],F
F80.8,Άλλες αναπτυξιακές διαταραχές της ομιλίας και της γλώσσας,F
F80.9,"Αναπτυξιακές διαταραχές της ομιλίας και της γλώσσας, μη καθορισμένη",F
F81,Ειδικές αναπτυξιακές διαταραχές των σχολικών ικανοτήτων,F
F81.0,Ειδική διαταραχή της ανάγνωσης,F
F81.1,Ειδική διαταραχή του συλλαβισμού,F
F81.2,Ειδική διαταραχή των αριθμητικών ικανοτήτων,F
F81.3,Μεικτή διαταραχή των σχολικών ικανοτήτων,F
F81.8,Άλλες αναπτυξιακές διαταραχές των σχολικών ικανοτήτων,F
F81.9,"Αναπτυξιακή διαταραχή των σχολικών ικανοτήτων, μη καθορισμένη",F
F82,Ειδική αναπτυξιακή διαταραχή της κινητικής λειτουργίας,F
F83,Μεικτές ειδικές αναπτυξιακές διαταραχές,F
F84,Διάχυτες αναπτυξιακές διαταραχές,F
F84.0,Αυτισμός της παιδικής ηλικίας,F
F84.1,Άτυπος αυτισμός,F
F84.2,Σύνδρομο Rett,F
F84.3,Άλλη αποδιοργανωτική διαταραχή της παιδικής ηλικίας,F
F84.4,Διαταραχή υπερδραστηριότητας συνδεόμενη με νοητική καθυστέρηση και στερεότυπες κινήσεις,F
F84.5,Σύνδρομο Asperger,F
F84.8,Άλλες διάχυτες αναπτυξιακές διαταραχές,F
F84.9,"Διάχυτη αναπτυξιακή  διαταραχή, μη καθορισμένη",F
F88,Άλλες διαταραχές της ψυχολογικής ανάπτυξης,F
F89,Μη καθορισμένη διαταραχή της ψυχολογικής ανάπτυξης,F
F90,Διαταραχές υπερκινητικού τύπου,F
F90.0,Διαταραχή της δραστηριότητας και της προσοχής,F
F90.1,Διαταραχή διαγωγής υπερκινητικού τύπου,F
F90.8,Άλλες διαταραχές υπερκινητικού τύπου,F
F90.9,"Διαταραχή υπερκινητική τύπου, μη καθορισμένη",F
F91,Διαταραχές της διαγωγής,F
F91.0,Διαταραχή της διαγωγής που περιορίζεται στο οικογενειακό πλαίσιο,F
F91.1,Διαταραχή της διαγωγής με διαταραγμένη κοινωνικοποίηση (ακοινωνικού τύπου),F
F91.2,Διαταραχή της διαγωγής με ομαλή κοινωνικοποίηση (κοινωνικού τύπου),F
F91.3,Διαταραχή προκλητικής εναντίωσης,F
F91.8,Άλλες διαταραχές της διαγωγής,F
F91.9,"Διαταραχή της διαγωγής, μη καθορισμένη",F
F92,Μεικτές διαταραχές της διαγωγής και του συναισθήματος,F
F92.0,"Διαταραχή της διαγωγής, καταθλιπτικού τύπου",F
F92.8,Άλλες μεικτές διαταραχές της διαγωγής και του συναισθήματος,F
F92.9,"Μεικτή διαταραχή της διαγωγής και του συναισθήματος, μη καθορισμένη",F
F93,Διαταραχές του συναισθήματος με έναρξη ειδικά στην παιδική ηλικία,F
F93.0,Αγχώδης διαταραχή αποχωρισμού στην παιδική ηλικία,F
F93.1,Διαταραχή φοβικού άγχους στην παιδική ηλικία,F
F93.2,Διαταραχή κοινωνικού άγχους στην παιδική ηλικία,F
F93.3,Διαταραχή που οφείλεται σε αδελφική αντιπαλότητα,F
F93.8,Άλλες διαταραχές του συναισθήματος στην παιδική ηλικία,F
F93.9,"Συναισθηματική διαταραχή της παιδικής ηλικίας, μη καθορισμένη",F
F94,Διαταραχές κοινωνικής λειτουργικότητας με έναρξη ειδικά στην παιδική και εφηβική ηλικία,F
F94.0,Εκλεκτική αλαλία,F
F94.1,Διαταραχή προσκόλλησης αντιδραστικού τύπου της παιδικής ηλικίας,F
F94.2,Μη αναστελλόμενη διαταραχή προσκόλλησης στην  παιδική ηλικία,F
F94.8,Άλλες διαταραχές της κοινωνικής λειτουργικότητας στην παιδική ηλικία,F
F94.9,"Διαταραχή της κοινωνικής λειτουργικότητας στην παιδική ηλικία, μη καθορισμένη",F
F95,Διαταραχές που εκδηλώνονται με μυοσπάσματα (τικ),F
F95.0,Διαταραχή παροδικών μυοσπασμάτων (τικ),F
F95.1,Διαταραχή χρόνιων κινητικών  ή φωνητικών μυοσπασμάτων (τικ),F
F95.2,Διαταραχή σύνθετων φωνητικών και πολλαπλών κινητικών μυοσπασμάτων (τικ) [de la Tourette],F
F95.8,Άλλες διαταραχές που εκδηλώνονται με μυοσπάσματα (τικ),F
F95.9,"Διαταραχή που εκδηλώνεται με μυοσπάσματα (τικ), μη καθορισμένη",F
F98,"Άλλες διαταραχές της συμπεριφοράς και του συναισθήματος, συνήθως με έναρξη κατά την παιδική και την εφηβική ηλικία",F
F98.0,Μη οργανική ενούρηση,F
F98.1,Μη οργανική εγκόπρηση,F
F98.2,Διαταραχή σίτισης της βρεφικής και της παιδικής ηλικίας,F
F98.3,Βρώση μη τροφικών ουσιών κατά τη βρεφική και παιδική ηλικία (πίκα),F
F98.4,Διαταραχές στερεοτυπικών κινήσεων,F
F98.5,Τραύλισμα [βατταρισμός],F
F98.6,Διακοπτόμενη ταχυλαλία,F
F98.8,"Άλλες καθορισμένες διαταραχές της συμπεριφοράς και του συναισθήματος, συνήθως με έναρξη κατά την παιδική και την εφηβική ηλικία",F
F98.9,"Μη καθορισμένες διαταραχές της συμπεριφοράς και του συναισθήματος, συνήθως με έναρξη κατά την παιδική και την εφηβική ηλικία",F
F99,"Ψυχική διαταραχή,  που δεν καθορίζεται αλλιώς",F
G00,Μικροβιακή μηνιγγίτιδα που δεν ταξινομείται αλλού,G
G00.0,Μηνιγγίτιδα από αιμόφιλο,G
G00.1,Πνευμονιοκοκκική μηνιγγίτιδα,G
G00.2,Στρεπτοκοκκική μηνιγγίτιδα,G
G00.3,Σταφυλοκοκκική μηνιγγίτιδα,G
G00.8,Άλλες μικροβιακές μηνιγγίτιδες,G
G00.9,"Μικροβιακή μηνιγγίτιδα, μη καθορισμένη",G
G03,Μηνιγγίτιδα οφειλόμενη σε άλλα και μη καθορισμένα αίτια,G
G03.0,Μη πυώδης μηνιγγίτιδα,G
G03.1,Χρόνια μηνιγγίτιδα,G
G03.2,Καλοήθης υποτροπιάζουσα μηνιγγίτιδα [Mollaret],G
G03.8,Μηνιγγίτιδα από άλλες καθορισμένες αιτίες,G
G03.9,"Μηνιγγίτιδα, μη καθορισμένη",G
G04,"Εγκεφαλίτιδα, μυελίτιδα και εγκεφαλομυελίτιδα",G
G04.0,Οξεία διάχυτη εγκεφαλίτιδα,G
G04.1,Τροπική σπαστική παραπληγία,G
G04.2,"Βακτηριακή μηνιγγοεγκεφαλίτιδα και μηνιγγομυελίτιδα, που δεν ταξινομείται αλλού",G
G04.8,"Άλλη εγκεφαλίτιδα, μυελίτιδα και εγκεφαλομυελίτιδα",G
G04.9,"Εγκεφαλίτιδα, μυελίτιδα και εγκεφαλομυελίτιδα, μη καθορισμένη",G
G06,Ενδοκράνιο και ενδονωτιαίο απόστημα και κοκκίωμα,G
G06.0,Ενδοκράνιο απόστημα και κοκκίωμα,G
G06.1,Ενδονωτιαίο απόστημα και κοκκίωμα,G
G06.2,"Εξωσκληρίδιο και υποσκληρίδιο απόστημα, μη καθορισμένο",G
G08,Ενδοκράνια και ενδονωτιαία φλεβίτιδα και θρομβοφλεβίτιδα,G
G09,Όψιμα αποτελέσματα των φλεγμονωδών νοσημάτων του κεντρικού νευρικού συστήματος,G
G10,Νόσος του Huntington,G
G11,Κληρονομική αταξία,G
G11.0,Συγγενής μη προϊούσα αταξία,G
G11.1,Παρεγκεφαλιδική αταξία πρώιμης έναρξης,G
G11.2,Παρεγκεφαλιδική αταξία όψιμης έναρξης,G
G11.3,Παρεγκεφαλιδική αταξία με ελλειμματική διόρθωση του DNA,G
G11.4,Κληρονομική σπαστική παραπληγία,G
G11.8,Άλλες κληρονομικές αταξίες,G
G11.9,"Κληρονομική αταξία, μη καθορισμένη",G
G12,Νωτιαία μυϊκή ατροφία και συναφή σύνδρομα,G
G12.0,"Βρεφική νωτιαία μυϊκή ατροφία, τύπου Ι [Werdnig – Hoffman]",G
G12.1,Άλλες μορφές κληρονομικής νωτιαίας μυϊκής ατροφίας,G
G12.2,Νόσος του κινητικού νευρώνα,G
G12.8,Άλλες μορφές νωτιαίας μυϊκής ατροφίας και συναφών συνδρόμων,G
G12.9,"Νωτιαία μυϊκή ατροφία, μη καθορισμένη",G
G20,Νόσος του Parkinson,G
G21,Δευτεροπαθής παρκινσονισμός,G
G21.0,Κακόηθες νευροληπτικό σύνδρομο,G
G21.1,Άλλες μορφές δευτεροπαθούς παρκινσονισμού φαρμακευτικής αιτιολογίας,G
G21.2,Δευτεροπαθής παρκινσονισμός από άλλους εξωγενείς παράγοντες,G
G21.3,Μετεγκεφαλιτιδικός παρκινσονισμός,G
G21.8,Άλλος δευτεροπαθής παρκινσονισμός.,G
G21.9,"Δευτεροπαθής παρκινσονισμός, μη καθορισμένος",G
G23,Άλλες εκφυλιστικές παθήσεις των βασικών γαγγλίων,G
G23.0,Νόσος των Hallervorden-Spatz,G
G23.1,Προϊούσα υπερπυρηνική οφθαλμοπληγία [Steele-Richardson-Olszewski],G
G23.2,Μελαινοραβδωτή εκφύλιση,G
G23.8,Άλλες καθορισμένες εκφυλιστικές παθήσεις των βασικών γαγγλίων,G
G23.9,"Εκφυλιστική πάθηση των βασικών γαγγλίων, μη καθορισμένη",G
G24,Δυστονία,G
G24.0,Δυστονία φαρμακευτικής αιτιολογίας,G
G24.1,Ιδιοπαθής οικογενής δυστονία,G
G24.2,Ιδιοπαθής μη οικογενής δυστονία,G
G24.3,Σπαστικό ραιβόκρανο,G
G24.4,Ιδιοπαθής στοματοπροσωπική δυστονία,G
G24.5,Βλεφαρόσπασμος,G
G24.8,Άλλη δυστονία,G
G24.9,"Δυστονία, μη καθορισμένη",G
G25,Άλλες εξωπυραμιδικές και κινητικές διαταραχές,G
G25.0,Ιδιοπαθής τρόμος,G
G25.1,Τρόμος φαρμακευτικής αιτιολογίας,G
G25.2,Άλλες καθορισμένες μορφές τρόμου,G
G25.3,Μυόκλονος,G
G25.4,Χορεία φαρμακευτικής αιτιολογίας,G
G25.5,Άλλες μορφές χορείας,G
G25.6,Τικ (ακούσιες σπασμωδικές κινήσεις) φαρμακευτικής αιτιολογίας  και άλλα τικ οργανικής αιτιολογίας,G
G25.8,Άλλες καθορισμένες εξωπυραμιδικές και κινητικές διαταραχές,G
G25.9,"Εξωπυραμιδική και κινητική διαταραχή, μη καθορισμένη",G
G30,Νόσος του Alzheimer,G
G30.0,Νόσος του Alzheimer με πρώιμη έναρξη,G
G30.1,Νόσος του Alzheimer με όψιμη έναρξη,G
G30.8,Άλλες περιπτώσεις νόσου του Alzheimer,G
G30.9,"Νόσος του Alzheimer, μη καθορισμένη",G
G31,"Άλλα εκφυλιστικά νοσήματα του νευρικού συστήματος, που δεν ταξινομούνται αλλού",G
G31.0,Εστιακή εγκεφαλική ατροφία,G
G31.1,"Γεροντική εκφύλιση του εγκεφάλου, που δεν ταξινομείται αλλού",G
G31.2,Εκφύλιση του νευρικού συστήματος οφειλόμενη σε κατανάλωση οινοπνεύματος,G
G31.8,Άλλες καθορισμένες εκφυλιστικές νόσοι του νευρικού συστήματος,G
G31.9,"Εκφυλιστική νόσος του νευρικού συστήματος, μη καθορισμένη",G
G35,Πολλαπλή σκλήρυνση,G
G36,Άλλη οξεία διάχυτη απομυελίνωση,G
G36.0,Οπτική νευρομυελίτιδα [Devic],G
G36.1,Οξεία και υποξεία αιμορραγική λευκοεγκεφαλίτιδα [Hurst],G
G36.8,Άλλη καθορισμένη οξεία διάχυτη απομυελίνωση,G
G36.9,"Οξεία διάχυτη απομυελίνωση, μη καθορισμένη",G
G37,Άλλα απομυελινωτικά νοσήματα του κεντρικού νευρικού συστήματος,G
G37.0,Διάχυτη σκλήρυνση,G
G37.1,Κεντρική απομυελίνωση του μεσολοβίου,G
G37.2,Κεντρική γεφυρική μυελινόλυση.,G
G37.3,Οξεία εγκάρσια μυελίτιδα σε απομυελινωτικά νοσήματα του κεντρικού νευρικού συστήματος,G
G37.4,Υποξεία νεκρωτική μυελίτιδα,G
G37.5,Συγκεντρική σκλήρυνση [Baló],G
G37.8,Άλλα καθορισμένα απομυελινωτικά νοσήματα του κεντρικού νευρικού συστήματος,G
G37.9,"Απομυελινωτικό νόσημα του κεντρικού νευρικού συστήματος, μη καθορισμένο",G
G40,Επιληψία,G
G40.0,Σχετιζόμενη με την εντόπιση (εστιακή) (μερική) ιδιοπαθής επιληψία και επιληπτικά σύνδρομα με σπασμούς εστιακής έναρξης,G
G40.1,Σχετιζόμενη με την εντόπιση (εστιακή) (μερική) συμπτωματική επιληψία και επιληπτικά σύνδρομα με απλούς εστιακούς σπασμούς,G
G40.2,Σχετιζόμενη με την εντόπιση (εστιακή) (μερική) συμπτωματική επιληψία και επιληπτικά σύνδρομα με σύνθετους εστιακούς σπασμούς.,G
G40.3,Γενικευμένη ιδιοπαθής επιληψία και επιληπτικά σύνδρομα,G
G40.4,Άλλη γενικευμένη επιληψία και επιληπτικά σύνδρομα,G
G40.5,Ειδικά επιληπτικά σύνδρομα,G
G40.6,"Κρίσεις grand mal, μη καθορισμένες (με ή χωρίς petit mal)",G
G40.7,"Petit mal, μη καθορισμένο, χωρίς κρίσεις grand mal.",G
G40.8,Άλλη επιληψία,G
G40.9,"Επιληψία, μη καθορισμένη",G
G41,Status epilepticus [Επιληπτική κατάσταση],G
G41.0,Grand mal status epilepticus,G
G41.1,Petit mal status epilepticus,G
G41.2,Σύνθετη εστιακή status epilepticus (επιληπτική κατάσταση),G
G41.8,Άλλες περιπτώσεις status epilepticus (επιληπτικής κατάστασης),G
G41.9,"status epilepticus (επιληπτική κατάσταση), μη καθορισμένη",G
G43,Ημικρανία,G
G43.0,Ημικρανία χωρίς αύρα [κοινή ημικρανία],G
G43.1,Ημικρανία με αύρα [κλασσική ημικρανία],G
G43.2,Ημικρανική κατάσταση (status migrainosus),G
G43.3,Επιπλεγμένη ημικρανία,G
G43.8,Άλλες μορφές ημικρανίας,G
G43.9,"Ημικρανία, μη καθορισμένη",G
G44,Άλλα σύνδρομα κεφαλαλγίας,G
G44.0,Σύνδρομο αθροιστικής κεφαλαλγίας,G
G44.1,"Αγγειακή κεφαλαλγία, που δεν ταξινομείται αλλού",G
G44.2,Κεφαλαλγία τάσης,G
G44.3,Χρόνια μετατραυματική κεφαλαλγία,G
G44.4,"Κεφαλαλγία φαρμακευτικής αιτιολογίας, που δεν ταξινομείται αλλού",G
G44.8,Άλλα καθορισμένα σύνδρομα κεφαλαλγίας,G
G45,Παροδικά ισχαιμικά εγκεφαλικά επεισόδια και συναφή σύνδρομα,G
G45.0,Σύνδρομο της σπονδυλο-βασικής αρτηρίας,G
G45.1,Σύνδρομο καρωτίδας (ημισφαιρικό),G
G45.2,"Σύνδρομα από την προσβολή πολλαπλών προεγκεφαλικών αρτηριών [βασικής, κοινής καρωτίδας, σπονδυλικής] και άμφω",G
G45.3,Παροδική αμαύρωση,G
G45.4,Παροδική σφαιρική αμνησία,G
G45.8,Άλλα παροδικά ισχαιμικά εγκεφαλικά επεισόδια και συναφή σύνδρομα,G
G45.9,"Παροδικό ισχαιμικό εγκεφαλικό επεισόδιο, μη καθορισμένο",G
G47,Διαταραχές ύπνου,G
G47.0,Διαταραχές έναρξης και διατήρησης του ύπνου [αϋπνίες],G
G47.1,Διαταραχές υπερβολικού ύπνου [υπερϋπνίες],G
G47.2,Διαταραχές του κύκλου ύπνου-εγρήγορσης,G
G47.3,Υπνική άπνοια,G
G47.4,Ναρκοληψία και καταπληξία,G
G47.8,Άλλες διαταραχές του ύπνου,G
G47.9,"Διαταραχή του ύπνου, μη καθορισμένη",G
G50,Διαταραχές του τριδύμου νεύρου,G
G50.0,Νευραλγία τριδύμου,G
G50.1,Άτυπη προσωπαλγία,G
G50.8,Άλλες διαταραχές του τριδύμου,G
G50.9,"Διαταραχή του τριδύμου νεύρου, μη καθορισμένη.",G
G51,Διαταραχές του προσωπικού νεύρου,G
G51.0,Παράλυση του Bell,G
G51.1,Φλεγμονή του γονατώδους γαγγλίου,G
G51.2,Σύνδρομο Melkersson,G
G51.3,Κλονικός σπασμός ημιπροσώπου,G
G51.4,Μυοκυμία του προσώπου,G
G51.8,Άλλες διαταραχές του προσωπικού νεύρου,G
G51.9,"Διαταραχή του προσωπικού νεύρου, μη καθορισμένη",G
G52,Νοσήματα των άλλων εγκεφαλικών συζυγιών [κρανιακών νεύρων],G
G52.0,Διαταραχές του οσφρητικού νεύρου,G
G52.1,Διαταραχές του γλωσσοφαρυγγικού νεύρου,G
G52.2,Διαταραχές του πνευμονογαστρικού νεύρου,G
G52.3,Διαταραχές του υπογλώσσιου νεύρου,G
G52.7,Διαταραχές πολλαπλών κρανιακών νεύρων,G
G52.8,Διαταραχές άλλων καθορισμένων κρανιακών νεύρων,G
G52.9,"Διαταραχή των κρανιακών νεύρων, μη καθορισμένη",G
G54,Διαταραχές των νευρικών ριζών και πλεγμάτων,G
G54.0,Παθήσεις του βραχιόνιου πλέγματος,G
G54.1,Διαταραχές του οσφυοϊερού πλέγματος,G
G54.2,"Διαταραχές των αυχενικών ριζών, που δεν ταξινομούνται αλλού",G
G54.3,Διαταραχές των θωρακικών ριζών που δεν ταξινομούνται αλλού,G
G54.4,"Διαταραχές των οσφυοϊερών ριζών, που δεν ταξινομούνται αλλού",G
G54.5,Νευραλγική μυατροφία,G
G54.6,Σύνδρομο «μέλους φαντάσματος» με άλγος.,G
G54.7,Σύνδρομο «μέλους φαντάσματος» χωρίς άλγος.,G
G54.8,Άλλες διαταραχές των νευρικών ριζών και πλεγμάτων,G
G54.9,"Διαταραχή των νευρικών ριζών και πλεγμάτων, μη καθορισμένη",G
G56,Μονονευροπάθειες του άνω άκρου,G
G56.0,Σύνδρομο καρπιαίου σωλήνα,G
G56.1,Άλλες βλάβες του μέσου νεύρου,G
G56.2,Βλάβη του ωλένιου νεύρου,G
G56.3,Βλάβη του κερκιδικού νεύρου,G
G56.4,Καυσαλγία,G
G56.8,Άλλες μονονευροπάθειες του άνω άκρου,G
G56.9,"Μονονευροπάθεια του άνω άκρου, μη καθορισμένη",G
G57,Μονονευροπάθειες του κάτω άκρου,G
G57.0,Βλάβη του ισχιακού νεύρου,G
G57.1,Παραισθητική μηραλγία,G
G57.2,Βλάβη του μηριαίου νεύρου,G
G57.3,Βλάβη του περονιαίου νεύρου,G
G57.4,Bλάβη του κνημιαίου νεύρου,G
G57.5,Σύνδρομο του ταρσιαίου σωλήνα,G
G57.6,Βλάβη του πελματιαίου νεύρου,G
G57.8,Άλλες μονονευροπάθειες του κάτω άκρου,G
G57.9,"Μονονευροπάθεια του κάτω άκρου, μη καθορισμένη",G
G58,Άλλες μονονευροπάθειες,G
G58.0,Μεσοπλεύριος νευροπάθεια,G
G58.7,Πολλαπλή μονονευρίτιδα,G
G58.8,Άλλες καθορισμένες μονονευροπάθειες,G
G58.9,"Μονονευροπάθεια, μη καθορισμένη",G
G60,Κληρονομική και ιδιοπαθής νευροπάθεια,G
G60.0,Κληρονομική κινητική και αισθητική νευροπάθεια,G
G60.1,Νόσος του Refsum,G
G60.2,Νευροπάθεια συσχετιζόμενη με κληρονομική αταξία,G
G60.3,Ιδιοπαθής προϊούσα νευροπάθεια,G
G60.8,Άλλες κληρονομικές και ιδιοπαθείς νευροπάθειες,G
G60.9,"Κληρονομική και ιδιοπαθής νευροπάθεια, μη καθορισμένη",G
G61,Φλεγμονώδης πολυνευροπάθεια,G
G61.0,Σύνδρομο Guillain-Barré,G
G61.1,Νευροπάθεια από ορό,G
G61.8,Άλλες φλεγμονώδεις πολυνευροπάθειες,G
G61.9,"Φλεγμονώδης πολυνευροπάθεια, μη καθορισμένη",G
G62,Άλλες πολυνευροπάθειες,G
G62.0,Πολυνευροπάθεια φαρμακευτικής αιτιολογίας,G
G62.1,Αλκοολική πολυνευροπάθεια,G
G62.2,Πολυνευροπάθεια οφειλόμενη σε άλλους τοξικούς παράγοντες,G
G62.8,Άλλες καθορισμένες πολυνευροπάθειες,G
G62.9,"Πολυνευροπάθεια, μη καθορισμένη",G
G64,Άλλες διαταραχές του περιφερικού νευρικού συστήματος,G
G70,Βαρεία μυασθένεια και άλλες νευρομυϊκές διαταραχές,G
G70.0,Βαρεία μυασθένεια,G
G70.1,Τοξικές νευρομυϊκές διαταραχές,G
G70.2,Συγγενής μυασθένεια,G
G70.8,Άλλες καθορισμένες νευρομυϊκές διαταραχές,G
G70.9,"Νευρομυϊκή διαταραχή, μη καθορισμένη",G
G71,Πρωτοπαθείς διαταραχές των μυών,G
G71.0,Μυϊκή δυστροφία,G
G71.1,Μυοτονικές διαταραχές,G
G71.2,Συγγενείς μυοπάθειες,G
G71.3,"Μιτοχονδριακή μυοπάθεια, που δεν ταξινομείται αλλού",G
G71.8,Άλλες πρωτοπαθείς μυϊκές διαταραχές,G
G71.9,"Πρωτοπαθής μυϊκή διαταραχή, μη καθορισμένη",G
G72,Άλλες μυοπάθειες,G
G72.0,Μυοπάθεια φαρμακευτικής αιτιολογίας,G
G72.1,Αλκοολική μυοπάθεια,G
G72.2,Μυοπάθεια οφειλόμενη σε άλλους τοξικούς παράγοντες,G
G72.3,Περιοδική παράλυση,G
G72.4,"Φλεγμονώδης μυοπάθεια, που δεν ταξινομείται αλλού",G
G72.8,Άλλες καθορισμένες μυοπάθειες,G
G72.9,"Μυοπάθεια, μη καθορισμένη",G
G80,Εγκεφαλική παράλυση,G
G80.0,Σπαστική τετραπληγία (εγκεφαλική παράλυση),G
G80.1,Σπαστική διπληγία (εγκεφαλική παράλυση),G
G80.2,Σπαστική ημιπληγία (εγκεφαλική παράλυση),G
G80.3,Δυσκινητική μορφή εγκεφαλικής παράλυσης,G
G80.4,Αταξική μορφή εγκεφαλικής παράλυσης,G
G80.8,Άλλες μορφές εγκεφαλικής παράλυσης,G
G80.9,"Εγκεφαλική παράλυση, μη καθορισμένη",G
G81,Ημιπληγία,G
G81.0,Χαλαρή ημιπληγία,G
G81.1,Σπαστική ημιπληγία,G
G81.9,"Ημιπληγία, μη καθορισμένη",G
G82,Παραπληγία και τετραπληγία,G
G82.0,Χαλαρή παραπληγία,G
G82.1,Σπαστική παραπληγία,G
G82.2,"Παραπληγία, μη καθορισμένη",G
G82.3,Χαλαρή τετραπληγία,G
G82.4,Σπαστική τετραπληγία,G
G82.5,"Τετραπληγία, μη καθορισμένη",G
G83,Αλλά παραλυτικά σύνδρομα,G
G83.0,Διπληγία των άνω άκρων,G
G83.1,Μονοπληγία του κάτω άκρου,G
G83.2,Μονοπληγία του άνω άκρου,G
G83.3,"Μονοπληγία, μη καθορισμένη",G
G83.4,Σύνδρομο ιππούριδας,G
G83.8,Άλλα καθορισμένα παραλυτικά σύνδρομα,G
G83.9,"Παραλυτικό σύνδρομο, μη καθορισμένο",G
G90,Διαταραχές του αυτόνομου νευρικού συστήματος,G
G90.0,Ιδιοπαθής περιφερική αυτόνομη νευροπάθεια,G
G90.1,Οικογενής δυσαυτονομία [Riley-Day],G
G90.2,Σύνδρομο Horner,G
G90.3,Πολυσυστηματική εκφύλιση,G
G90.4,Δυσλειτουργία αντανακλαστικών του αυτόνομου νευρικού συστήματος.,G
G90.8,Άλλες διαταραχές του αυτόνομου νευρικού συστήματος,G
G90.9,"Διαταραχή του αυτόνομου νευρικού συστήματος, μη καθορισμένη",G
G91,Υδροκέφαλος,G
G91.0,Επικοινωνών υδροκέφαλος,G
G91.1,Αποφρακτικός υδροκέφαλος,G
G91.2,Υδροκέφαλος φυσιολογικής πίεσης,G
G91.3,"Μετατραυματικός υδροκέφαλος, μη καθορισμένος",G
G91.8,Άλλες μορφές υδροκέφαλου,G
G91.9,"Υδροκέφαλος, μη καθορισμένος",G
G92,Τοξική εγκεφαλοπάθεια,G
G93,Άλλες διαταραχές του εγκεφάλου,G
G93.0,Εγκεφαλικές κύστεις,G
G93.1,"Ανοξικές βλάβες του εγκέφαλου, που δεν ταξινομούνται αλλού",G
G93.2,Καλοήθης ενδοκράνιος υπέρταση,G
G93.3,Μεταϊογενές σύνδρομο κόπωσης,G
G93.4,"Εγκεφαλοπάθεια, μη καθορισμένη",G
G93.5,Συμπίεση του εγκεφάλου,G
G93.6,Εγκεφαλικό οίδημα,G
G93.7,Σύνδρομο Reye,G
G93.8,Άλλες καθορισμένες εγκεφαλικές διαταραχές,G
G93.9,"Εγκεφαλική διαταραχή, μη καθορισμένη",G
G95,Άλλα νοσήματα του νωτιαίου μυελού,G
G95.0,Συριγγομυελία και συριγγοπρομηκία,G
G95.1,Αγγειακές μυελοπάθειες,G
G95.2,"Πίεση του νωτιαίου μυελού, μη καθορισμένη",G
G95.8,Άλλα καθορισμένα νοσήματα του νωτιαίου μυελού,G
G95.9,"Νόσος του νωτιαίου μυελού, μη καθορισμένη",G
G96,Άλλες διαταραχές του κεντρικού νευρικού συστήματος,G
G96.0,Διαφυγή εγκεφαλονωτιαίου υγρού,G
G96.1,"Διαταραχές των μηνίγγων, που δεν ταξινομούνται αλλού",G
G96.8,Άλλες καθορισμένες διαταραχές του κεντρικού νευρικού συστήματος,G
G96.9,"Διαταραχή του κεντρικού νευρικού συστήματος, μη καθορισμένη",G
G97,Διαταραχές του νευρικού συστήματος που οφείλονται σε ιατρικές πράξεις και δεν ταξινομούνται αλλού,G
G97.0,Διαφυγή εγκεφαλονωτιαίου υγρού μετά από νωτιαία παρακέντηση,G
G97.1,Άλλη αντίδραση στην οσφυονωτιαία παρακέντηση,G
G97.2,Ενδοκράνιος υπόταση μετά από κοιλιακή διαφυγή,G
G97.8,Άλλες διαταραχές του νευρικού συστήματος που οφείλονται σε ιατρικές πράξεις,G
G97.9,"Διαταραχή του νευρικού συστήματος που οφείλεται σε ιατρικές πράξεις, μη καθορισμένη",G
G98,"Άλλες διαταραχές του νευρικού συστήματος, που δεν ταξινομούνται αλλού",G
H00,Κριθή και χαλάζιο,H
H00.0,Κριθή και άλλες εν τω βάθει φλεγμονές των βλεφάρων,H
H00.1,Χαλάζιο,H
H01,Άλλη φλεγμονή των βλεφάρων,H
H01.0,Βλεφαρίτιδα,H
H01.1,Μη λοιμώδεις δερματοπάθειες των βλεφάρων,H
H01.8,Άλλη καθορισμένη φλεγμονή των βλεφάρων,H
H01.9,"Φλεγμονή των βλεφάρων, μη καθορισμένη",H
H02,Άλλες διαταραχές των βλεφάρων,H
H02.0,Εντρόπιο και τριχίαση των βλεφάρων,H
H02.1,Εκτρόπιο των βλεφάρων,H
H02.2,Λαγόφθαλμος,H
H02.3,Βλεφαροχάλαση,H
H02.4,Πτώση του βλεφάρου,H
H02.5,Άλλες διαταραχές που επηρεάζουν τη λειτουργία των βλεφάρων,H
H02.6,Ξανθέλασμα των βλεφάρων,H
H02.7,Άλλες εκφυλιστικές διαταραχές των βλεφάρων και της περιοφθαλμικής περιοχής,H
H02.8,Άλλες καθορισμένες διαταραχές των βλεφάρων,H
H02.9,"Διαταραχή των βλεφάρων, μη καθορισμένη",H
H04,Διαταραχές του δακρυϊκού συστήματος,H
H04.0,Δακρυοαδενίτιδα,H
H04.1,Άλλες διαταραχές του δακρυϊκού αδένα,H
H04.2,Επιφορά,H
H04.3,Οξεία και μη καθορισμένη φλεγμονή των δακρυϊκών οδών,H
H04.4,Χρόνια φλεγμονή των δακρυϊκών οδών,H
H04.5,Στένωση και ανεπάρκεια των δακρυϊκών οδών,H
H04.6,Άλλες μεταβολές των δακρυϊκών οδών,H
H04.8,Άλλες διαταραχές του δακρυϊκού συστήματος,H
H04.9,"Διαταραχή του δακρυϊκού συστήματος, μη καθορισμένη",H
H05,Διαταραχές του οφθαλμικού κόγχου,H
H05.0,Οξεία φλεγμονή του οφθαλμικού κόγχου,H
H05.1,Χρόνιες φλεγμονώδεις διαταραχές του οφθαλμικού κόγχου,H
H05.2,Καταστάσεις εξοφθάλμου,H
H05.3,Δυσμορφία του οφθαλμικού κόγχου,H
H05.4,Ενόφθαλμος,H
H05.5,Παραμένον (παλαιό) ξένο σώμα μετά από διαμπερές τραύμα του οφθαλμικού κόγχου,H
H05.8,Άλλες διαταραχές του οφθαλμικού κόγχου,H
H05.9,"Διαταραχή του οφθαλμικού κόγχου, μη καθορισμένη",H
H10,Επιπεφυκίτιδα,H
H10.0,Βλεννοπυώδης επιπεφυκίτιδα,H
H10.1,Οξεία ατοπική επιπεφυκίτιδα,H
H10.2,Άλλη οξεία επιπεφυκίτιδα,H
H10.3,"Οξεία επιπεφυκίτιδα, μη καθορισμένη.",H
H10.4,Χρόνια επιπεφυκίτιδα,H
H10.5,Βλεφαροεπιπεφυκίτιδα,H
H10.8,Άλλη επιπεφυκίτιδα,H
H10.9,"Επιπεφυκίτιδα, μη καθορισμένη.",H
H11,Άλλες διαταραχές του επιπεφυκότα,H
H11.0,Πτερύγιο,H
H11.1,Εκφυλίσεις και εναποθέσεις στον επιπεφυκότα,H
H11.2,Ουλές του επιπεφυκότα,H
H11.3,Αιμορραγία του επιπεφυκότα,H
H11.4,Άλλες αγγειακές διαταραχές και κύστεις του επιπεφυκότα,H
H11.8,Άλλες καθορισμένες διαταραχές του επιπεφυκότα,H
H11.9,"Διαταραχή του επιπεφυκότα, μη καθορισμένη",H
H15,Διαταραχές του σκληρού,H
H15.0,Σκληρίτιδα,H
H15.1,Επισκληρίτιδα,H
H15.8,Άλλες διαταραχές του σκληρού,H
H15.9,"Διαταραχή του σκληρού, μη καθορισμένη",H
H16,Κερατίτιδα,H
H16.0,Έλκος του κερατοειδούς,H
H16.1,Άλλη επιφανειακή κερατίτιδα χωρίς επιπεφυκίτιδα,H
H16.2,Κερατοεπιπεφυκίτιδα,H
H16.3,Διάμεση και βαθειά κερατίτιδα,H
H16.4,Νεοαγγείωση του κερατοειδούς,H
H16.8,Άλλη κερατίτιδα,H
H16.9,"Κερατίτιδα, μη καθορισμένη.",H
H17,Ουλές και θόλωση του κερατοειδούς,H
H17.0,Συμφυτικό λεύκωμα,H
H17.1,Άλλη κεντρική θόλωση του κερατοειδούς,H
H17.8,Άλλες ουλές και θολώσεις του κερατοειδούς,H
H17.9,"Ουλή και θόλωση του κερατοειδούς, μη καθορισμένη.",H
H18,Άλλες διαταραχές του κερατοειδούς,H
H18.0,Κερατοειδικές χρωστικές και εναποθέσεις,H
H18.1,Φυσαλλιδώδης κερατοπάθεια,H
H18.2,Άλλο οίδημα του κερατοειδούς,H
H18.3,Μεταβολές στις μεμβράνες του κερατοειδούς,H
H18.4,Εκφύλιση του κερατοειδούς,H
H18.5,Κληρονομικές δυστροφίες του κερατοειδούς,H
H18.6,Κερατόκωνος,H
H18.7,Άλλες δυσμορφίες του κερατοειδούς,H
H18.8,Άλλες καθορισμένες διαταραχές του κερατοειδούς,H
H18.9,Διαταραχή του κερατοειδούς μη καθορισμένη.,H
H20,Ιριδοκυκλίτιδα,H
H20.0,Οξεία και υποξεία ιριδοκυκλίτιδα,H
H20.1,Χρόνια ιριδοκυκλίτιδα,H
H20.2,Ιριδοκυκλίτιδα που οφείλεται στο φακό,H
H20.8,Άλλη ιριδοκυκλίτιδα,H
H20.9,"Ιριδοκυκλίτιδα, μη καθορισμένη.",H
H21,Άλλες διαταραχές της ίριδας και του ακτινωτού σώματος,H
H21.0,Ύφαιμα,H
H21.1,Άλλες αγγειακές διαταραχές της ίριδας και του ακτινωτού σώματος,H
H21.2,Εκφύλιση της ίριδας και του ακτινωτού σώματος,H
H21.3,"Κύστεις της ίριδας, του ακτινωτού σώματος και του προσθίου θαλάμου",H
H21.4,Μεμβράνες της κόρης του οφθαλμού,H
H21.5,Άλλες συμφύσεις και ρήξεις της ίριδας και του ακτινωτού σώματος,H
H21.8,Άλλες καθορισμένες διαταραχές της ίριδας και του ακτινωτού σώματος,H
H21.9,"Διαταραχή της ίριδας και του ακτινωτού σώματος, μη καθορισμένη",H
H25,Γεροντικός καταρράκτης,H
H25.0,Γεροντικός αρχόμενος καταρράκτης,H
H25.1,Γεροντικός πυρηνικός καταρράκτης,H
H25.2,"Γεροντικός καταρράκτης, τύπου Morgagni",H
H25.8,Άλλος γεροντικός καταρράκτης,H
H25.9,"Γεροντικός καταρράκτης, μη καθορισμένος",H
H26,Άλλα είδη καταρράκτη,H
H26.0,"Βρεφικός, νεανικός και προγεροντικός καταρράκτης",H
H26.1,Τραυματικός καταρράκτης,H
H26.2,Επιπλεγμένος καταρράκτης,H
H26.3,Καταρράκτης φαρμακευτικής αιτιολογίας,H
H26.4,Καταστάσεις μετά την εξαίρεση του φακού [μετα-καταρράκτης],H
H26.8,Άλλος καθορισμένος καταρράκτης,H
H26.9,"Καταρράκτης, μη καθορισμένος",H
H27,Άλλες διαταραχές του φακού,H
H27.0,Αφακία,H
H27.1,Μετατόπιση του φακού,H
H27.8,Άλλες καθορισμένες διαταραχές του φακού,H
H27.9,"Διαταραχή του φακού, μη καθορισμένη",H
H30,Χοριοαμφιβληστροειδίτιδα,H
H30.0,Εστιακή χοριοαμφιβληστροειδίτιδα,H
H30.1,Διάχυτη χοριοαμφιβληστροειδίτιδα,H
H30.2,Οπίσθια κυκλίτιδα,H
H30.8,Άλλες χοριοαμφιβληστροειδίτιδες,H
H30.9,"Χοριοαμφιβληστροειδίτιδα, μη καθορισμένη",H
H31,Άλλες διαταραχές του χοριοειδούς,H
H31.0,Χοριοαμφιβληστροειδικές ουλές,H
H31.1,Εκφύλιση του χοριοειδούς,H
H31.2,Κληρονομική δυστροφία του χοριοειδούς,H
H31.3,Χοριοειδική αιμορραγία και ρήξη,H
H31.4,Αποκόλληση του χοριοειδούς,H
H31.8,Άλλες καθορισμένες διαταραχές του χοριοειδούς,H
H31.9,"Διαταραχή του χοριοειδούς, μη καθορισμένη",H
H33,Αποκολλήσεις του αμφιβληστροειδούς και ρωγμές,H
H33.0,Αποκόλληση του αμφιβληστροειδούς με ρωγμή του αμφιβληστροειδούς,H
H33.1,Άμφιβληστροειδόσχιση και κύστεις του αμφιβληστροειδούς,H
H33.2,Ορώδης αποκόλληση του αμφιβληστροειδούς,H
H33.3,Ρωγμές του αμφιβληστροειδούς χωρίς αποκόλληση,H
H33.4,Ελκτική αποκόλληση του αμφιβληστροειδούς,H
H33.5,Άλλες περιπτώσεις αποκόλλησης του αμφιβληστροειδούς,H
H34,Αγγειακές αποφράξεις του αμφιβληστροειδούς,H
H34.0,Παροδική αρτηριακή απόφραξη του αμφιβληστροειδούς,H
H34.1,Απόφραξη της κεντρικής αρτηρίας του αμφιβληστροειδούς,H
H34.2,Άλλες αποφράξεις των αρτηριών του αμφιβληστροειδούς,H
H34.8,Άλλες αγγειακές αποφράξεις του αμφιβληστροειδούς,H
H34.9,"Αγγειακή απόφραξη του αμφιβληστροειδούς, μη καθορισμένη.",H
H35,Άλλες διαταραχές του αμφιβληστροειδούς,H
H35.0,Υποστρωματικού τύπου αμφιβληστροειδοπάθεια και μεταβολές των αγγείων του αμφιβληστροειδούς,H
H35.1,Αμφιβληστροειδοπάθεια της προωρότητας,H
H35.2,Άλλη παραγωγική αμφιβληστροειδοπάθεια,H
H35.3,Εκφύλιση της ωχράς κηλίδας και του οπισθίου πόλου,H
H35.4,Περιφερική εκφύλιση του αμφιβληστροειδούς,H
H35.5,Κληρονομικές δυστροφίες του αμφιβληστροειδούς,H
H35.6,Αιμορραγία του αμφιβληστροειδούς,H
H35.7,Διαχωρισμός των στιβάδων του αμφιβληστροειδούς,H
H35.8,Άλλες καθορισμένες διαταραχές του αμφιβληστροειδούς,H
H35.9,"Διαταραχή του αμφιβληστροειδούς, μη καθορισμένη",H
H40,Γλαύκωμα,H
H40.0,Ύποπτο γλαύκωμα,H
H40.1,Πρωτοπαθές γλαύκωμα ανοικτής γωνίας,H
H40.2,Πρωτοπαθές γλαύκωμα κλειστής γωνίας,H
H40.3,Γλαύκωμα δευτεροπαθές από τραυματισμό του οφθαλμού,H
H40.4,Γλαύκωμα δευτεροπαθές από φλεγμονή του οφθαλμού,H
H40.5,Γλαύκωμα δευτεροπαθές από άλλες διαταραχές του οφθαλμού,H
H40.6,Γλαύκωμα δευτεροπαθές από φάρμακα,H
H40.8,Άλλες μορφές γλαυκώματος,H
H40.9,"Γλαύκωμα, μη καθορισμένο",H
H43,Διαταραχές του υαλοειδούς σώματος,H
H43.0,Πρόπτωση του υαλοειδούς σώματος,H
H43.1,Αιμορραγία του υαλοειδούς,H
H43.2,Εναποθέσεις κρυσταλλοειδούς στο υαλοειδές σώμα,H
H43.3,Άλλες θολώσεις του υαλοειδούς,H
H43.8,Άλλες διαταραχές του υαλοειδούς,H
H43.9,"Διαταραχή του υαλοειδούς σώματος, μη καθορισμένη",H
H44,Διαταραχές του βολβού του οφθαλμού,H
H44.0,Πυώδης ενδοφθαλμίτιδα,H
H44.1,Άλλες μορφές ενδοφθαλμίτιδας,H
H44.2,Εκφυλιστική μυωπία,H
H44.3,Άλλες εκφυλιστικές διαταραχές του βολβού του οφθαλμού,H
H44.4,Υποτονία του οφθαλμού,H
H44.5,Νοσήματα εκφύλισης του βολβού του οφθαλμού,H
H44.6,"Παραμένον (παλαιό) ενδοφθάλμιο ξένο σώμα, μαγνητικό",H
H44.7,"Παραμένον (παλαιό) ενδοφθάλμιο ξένο σώμα, μη μαγνητικό",H
H44.8,Άλλες διαταραχές του βολβού του οφθαλμού,H
H44.9,"Διαταραχή του βολβού του οφθαλμού, μη καθορισμένη",H
H46,Οπτική νευρίτιδα,H
H47,Άλλες διαταραχές του οπτικού [2ου] νεύρου και των οπτικών οδών,H
H47.0,"Διαταραχές του οπτικού νεύρου, που δεν ταξινομούνται αλλού",H
H47.1,"Οίδημα οπτικής θηλής, μη καθορισμένο",H
H47.2,Oπτική ατροφία,H
H47.3,Άλλες διαταραχές της οπτικής θηλής,H
H47.4,Διαταραχές του οπτικού χιάσματος,H
H47.5,Διαταραχές των άλλων των οπτικών οδών,H
H47.6,Διαταραχές του οπτικού φλοιού,H
H47.7,"Διαταραχή των οπτικών οδών, μη καθορισμένη",H
H49,Παραλυτικός στραβισμός,H
H49.0,Παράλυση της τρίτης εγκεφαλικής συζυγίας [κοινού κινητικού νεύρου],H
H49.1,Παράλυση της τέταρτης εγκεφαλικής συζυγίας [τροχιλιακού νεύρου],H
H49.2,Παράλυση της έκτης εγκεφαλικής συζυγίας [απαγωγού νεύρου],H
H49.3,Ολική (εξωτερική) οφθαλμοπληγία,H
H49.4,Προοδευτική εξωτερική οφθαλμοπληγία,H
H49.8,Άλλος παραλυτικός στραβισμός,H
H49.9,Παραλυτικός στραβισμός μη καθορισμένος,H
H50,Άλλος στραβισμός,H
H50.0,Συγκλίνων συνεκτικός στραβισμός,H
H50.1,Αποκλίνων συνεκτικός στραβισμός,H
H50.2,Κάθετος στραβισμός,H
H50.3,Διαλείπουσα ετεροτροπία,H
H50.4,Άλλη και μη καθορισμένη ετεροτροπία,H
H50.5,Ετεροφορία,H
H50.6,Μηχανικός στραβισμός,H
H50.8,Άλλες καθορισμένες μορφές στραβισμού,H
H50.9,"Στραβισμός, μη καθορισμένος",H
H51,Άλλες διαταραχές της διοφθάλμου κινητικότητας,H
H51.0,Συζυγής παράλυση του βλέμματος,H
H51.1,Ανεπάρκεια σύγκλισης και υπερβολική σύγκλιση,H
H51.2,Ενδοπυρηνική οφθαλμοπληγία,H
H51.8,Άλλες καθορισμένες διαταραχές της διοφθάλμου κινητικότητας,H
H51.9,"Διαταραχή της διοφθάλμου κινητικότητας, μη καθορισμένη",H
H52,Διαταραχές της διάθλασης και της προσαρμογής,H
H52.0,Υπερμετρωπία,H
H52.1,Μυωπία,H
H52.2,Αστιγματισμός,H
H52.3,Ανισομετρωπία και ανισοεικονία,H
H52.4,Πρεσβυωπία,H
H52.5,Διαταραχές της προσαρμογής,H
H52.6,Άλλες διαθλαστικές διαταραχές,H
H52.7,"Διαθλαστική διαταραχή, μη καθορισμένη",H
H53,Οπτικές διαταραχές,H
H53.0,Αμβλυωπία εξ ανοψίας,H
H53.1,Υποκειμενικές οπτικές διαταραχές,H
H53.2,Διπλωπία,H
H53.3,Άλλες διαταραχές της διόφθαλμης όρασης,H
H53.4,Ελλείμματα των οπτικών πεδίων,H
H53.5,Δυσχρωματοψίες,H
H53.6,Νυκταλωπία,H
H53.8,Άλλες οπτικές διαταραχές,H
H53.9,"Οπτική διαταραχή, μη καθορισμένη",H
H54,Τύφλωση και ελαττωμένη όραση,H
H54.0,Τύφλωση και των δύο οφθαλμών,H
H54.1,Τύφλωση του ενός οφθαλμού και ελάττωση της όρασης του άλλου οφθαλμού,H
H54.2,Ελάττωση της όρασης και των δύο οφθαλμών,H
H54.3,Απροσδιόριστη απώλεια όρασης και των δύο οφθαλμών,H
H54.4,Τύφλωση του ενός οφθαλμού,H
H54.5,Ελαττωμένη  όραση του ενός οφθαλμού,H
H54.6,Απροσδιόριστη απώλεια όρασης του ενός οφθαλμού,H
H54.7,Μη καθορισμένη απώλεια όρασης,H
H55,Νυσταγμός και άλλες ανώμαλες κινήσεις των οφθαλμών,H
H57,Άλλες διαταραχές του οφθαλμού και των εξαρτημάτων του,H
H57.0,Ανωμαλίες της λειτουργίας της κόρης,H
H57.1,Οφθαλμικό άλγος,H
H57.8,Άλλες καθορισμένες διαταραχές του οφθαλμού και των εξαρτημάτων του,H
H57.9,"Διαταραχή του οφθαλμού και των εξαρτημάτων του, μη καθορισμένη",H
H59,"Μετεγχειρητικές διαταραχές του οφθαλμού και των εξαρτημάτων του, που δεν ταξινομούνται αλλού",H
H59.0,Κερατοπάθεια (bullous aphakic) μετά από επέμβαση καταρράκτη,H
H59.8,Άλλες μετεγχειρητικές διαταραχές του οφθαλμού και των εξαρτημάτων του,H
H59.9,"Μετεγχειρητική διαταραχή του οφθαλμού και των εξαρτημάτων του, μη καθορισμένη",H
H60,Ωτίτιδα εξωτερική,H
H60.0,Απόστημα του έξω ωτός,H
H60.1,Κυτταρίτιδα του έξω ωτός,H
H60.2,Κακοήθης εξωτερική ωτίτιδα,H
H60.3,Άλλη λοιμώδης εξωτερική ωτίτιδα,H
H60.4,Χολοστεάτωμα του έξω ωτός,H
H60.5,"Οξεία εξωτερική ωτίτιδα, μη λοιμώδης",H
H60.8,Άλλη εξωτερική ωτίτιδα,H
H60.9,"Εξωτερική ωτίτιδα, μη καθορισμένη",H
H61,Άλλες διαταραχές του έξω ωτός,H
H61.0,Περιχονδρίτιδα του έξω ωτός,H
H61.1,Μη λοιμώδεις διαταραχές του πτερυγίου,H
H61.2,Βύσμα κυψελίδας,H
H61.3,Επίκτητη στένωση του έξω ακουστικού πόρου,H
H61.8,Άλλη καθορισμένη διαταραχή του έξω ωτός,H
H61.9,"Διαταραχή του έξω ωτός, μη καθορισμένη",H
H65,Μη πυώδης μέση ωτίτιδα,H
H65.0,Οξεία ορώδης μέση ωτίτιδα,H
H65.1,Άλλη οξεία μη πυώδης μέση ωτίτιδα,H
H65.2,Χρόνια ορώδης μέση ωτίτιδα,H
H65.3,Χρόνια βλεννώδης μέση ωτίτιδα,H
H65.4,Άλλη χρόνια μη πυώδης μέση ωτίτιδα,H
H65.9,"Μη πυώδης μέση ωτίτιδα, μη καθορισμένη.",H
H66,Πυώδης και μη καθορισμένη μέση ωτίτιδα,H
H66.0,Οξεία πυώδης μέση ωτίτιδα,H
H66.1,Χρόνια σαλπιγγοτυμπανική πυώδης μέση ωτίτιδα,H
H66.2,Χρόνια πυώδης μέση ωτίτιδα του επιτυμπανικού χώρου και του μαστοειδούς άντρου,H
H66.3,Άλλη χρόνια μέση πυώδης ωτίτιδα,H
H66.4,"Πυώδης μέση ωτίτιδα, μη καθορισμένη",H
H66.9,"Μέση ωτίτιδα, μη καθορισμένη",H
H68,Ευσταχιανή σαλπιγγίτιδα και απόφραξη της ευσταχιανής σάλπιγγας,H
H68.0,Ευσταχιανή σαλπιγγίτιδα,H
H68.1,Απόφραξη της ευσταχιανής σάλπιγγας,H
H69,Άλλες διαταραχές της ευσταχιανής σάλπιγγας,H
H69.0,Ανοικτή ευσταχιανή σάλπιγγα,H
H69.8,Άλλες καθορισμένες διαταραχές της ευσταχιανής σάλπιγγας,H
H69.9,"Διαταραχή της ευσταχιανής σάλπιγγας, μη καθορισμένη",H
H70,Μαστοειδίτιδα και συγγενείς καταστάσεις,H
H70.0,Οξεία μαστοειδίτιδα,H
H70.1,Χρόνια μαστοειδίτιδα,H
H70.2,Λιθοειδίτιδα,H
H70.8,Άλλη μαστοειδίτιδα και συγγενείς καταστάσεις,H
H70.9,"Μαστοειδίτιδα, μη καθορισμένη",H
H71,Χολοστεάτωμα του μέσου ωτός,H
H72,Διάτρηση του τυμπανικού υμένα,H
H72.0,Κεντρική διάτρηση του τυμπανικού υμένα,H
H72.1,Επιτυμπανική διάτρηση,H
H72.2,Άλλες περιφερικές διατρήσεις του τυμπανικού υμένα,H
H72.8,Άλλες διατρήσεις του τυμπανικού υμένα,H
H72.9,"Διάτρηση του τυμπανικού υμένα, μη καθορισμένη",H
H73,Άλλες διαταραχές του τυμπανικού υμένα,H
H73.0,Οξεία μυριγγίτιδα,H
H73.1,Χρόνια μυριγγίτιδα,H
H73.8,Άλλες καθορισμένες διαταραχές του τυμπανικού υμένα,H
H73.9,"Διαταραχή του τυμπανικού υμένα, μη καθορισμένη",H
H74,Άλλες διαταραχές του μέσου ωτός και της μαστοειδούς απόφυσης,H
H74.0,Τυμπανοσκλήρυνση,H
H74.1,Συμφυτική νόσος του μέσου ωτός,H
H74.2,Διακοπή της συνέχειας και παρεκτόπιση των ακουστικών οσταρίων,H
H74.3,Άλλες επίκτητες ανωμαλίες των ακουστικών οσταρίων,H
H74.4,Πολύποδας του μέσου ωτός,H
H74.8,Άλλες καθορισμένες διαταραχές του μέσου ωτός και της μαστοειδούς απόφυσης,H
H74.9,"Διαταραχή του μέσου ωτός και της μαστοειδούς απόφυσης, μη καθορισμένη",H
H80,Ωτοσκλήρυνση,H
H80.0,"Ωτοσκλήρυνση που προσβάλει την  ωοειδή θυρίδα, μη αποφρακτική",H
H80.1,"Ωτοσκλήρυνση που προσβάλει την  ωοειδή θυρίδα, αποφρακτική",H
H80.2,Ωτοσκλήρυνση του κοχλία,H
H80.8,Άλλη ωτοσκλήρυνση,H
H80.9,"Ωτοσκλήρυνση, μη καθορισμένη",H
H81,Διαταραχές της αιθουσαίας λειτουργίας,H
H81.0,Νόσος Menière,H
H81.1,Καλοήθης παροξυσμικός ίλιγγος,H
H81.2,Αιθουσαία νευρονίτιδα,H
H81.3,Άλλες μορφές περιφερικού ιλίγγου,H
H81.4,Ίλιγγος κεντρικής αιτιολογίας,H
H81.8,Άλλες διαταραχές της αιθουσαίας λειτουργίας,H
H81.9,"Διαταραχή της αιθουσαίας λειτουργίας, μη καθορισμένη",H
H83,Άλλα νοσήματα του έσω ωτός,H
H83.0,Λαβυρινθίτιδα,H
H83.1,Λαβυρινθικό συρίγγιο,H
H83.2,Δυσλειτουργία του λαβυρίνθου,H
H83.3,Επιδράσεις θορύβου στο έσω ους,H
H83.8,Άλλα καθορισμένα νοσήματα του έσω ωτός,H
H83.9,"Νόσημα του έσω ωτός, μη καθορισμένο",H
H90,Απώλεια ακοής τύπου αγωγιμότητας και νευροαισθητηριακού τύπου,H
H90.0,"Απώλεια ακοής τύπου αγωγιμότητας, αμφοτερόπλευρη",H
H90.1,"Απώλεια ακοής τύπου αγωγιμότητας, ετερόπλευρη με ανέπαφη ακοή στο έτερο ους",H
H90.2,"Απώλεια ακοής τύπου αγωγιμότητας, μη καθορισμένη",H
H90.3,"Νευροαισθητηριακή απώλεια της ακοής, αμφοτερόπλευρη",H
H90.4,"Νευροαισθητηριακή απώλεια της ακοής, ετερόπλευρη με ανέπαφη ακοή στο έτερο ους",H
H90.5,"Νευροαισθητηριακή απώλεια της ακοής, μη καθορισμένη",H
H90.6,"Μικτή απώλεια ακοής τύπου αγωγιμότητας και νευροαισθητηριακή, αμφοτερόπλευρη",H
H90.7,"Μικτή απώλεια ακοής τύπου αγωγιμότητας και νευροαισθητηριακή, ετερόπλευρη με ανέπαφη ακοή στο έτερο ους",H
H90.8,"Μικτή απώλεια ακοής τύπου αγωγιμότητας και νευροαισθητηριακή, μη καθορισμένη",H
H91,Άλλες περιπτώσεις απώλειας ακοής,H
H91.0,Ωτοτοξική απώλεια ακοής,H
H91.1,Πρεσβυακοΐα,H
H91.2,Αιφνίδια ιδιοπαθής απώλεια ακοής,H
H91.3,"Κωφαλαλία, που δεν ταξινομείται αλλού",H
H91.8,Άλλες καθορισμένες περιπτώσεις απώλειας ακοής,H
H91.9,"Απώλεια ακοής, μη καθορισμένη",H
H92,Ωταλγία και ωτικό έκκριμα,H
H92.0,Ωταλγία,H
H92.1,Ωτόρροια,H
H92.2,Ωτορραγία,H
H93,"Άλλες διαταραχές του ωτός, που δεν ταξινομούνται αλλού",H
H93.0,Εκφυλιστικές και αγγειακές διαταραχές του ωτός,H
H93.1,Εμβοές,H
H93.2,Άλλες περιπτώσεις παθολογικής ακουστικής αντίληψης,H
H93.3,Διαταραχές του ακουστικού νεύρου,H
H93.8,Άλλες καθορισμένες διαταραχές του ωτός,H
H93.9,"Διαταραχή του ωτός, μη καθορισμένη",H
H95,"Μετεγχειρητικές διαταραχές του ωτός και της μαστοειδούς απόφυσης, που δεν ταξινομούνται αλλού",H
H95.0,Υποτροπιάζον χολοστεάτωμα της κοιλότητας μετά από μαστοειδεκτομή,H
H95.1,Άλλες διαταραχές μετά από μαστοειδεκτομή,H
H95.8,Άλλες μετεγχειρητικές διαταραχές του ωτός και της μαστοειδούς απόφυσης,H
H95.9,"Μετεγχειρητική διαταραχή του ωτός και της μαστοειδούς απόφυσης, μη καθορισμένη",H
I00,Ρευματικός πυρετός χωρίς να αναφέρεται συμμετοχή της καρδιάς,I
I01,Ρευματικός πυρετός με καρδιακή συμμετοχή,I
I01.0,Οξεία ρευματική περικαρδίτιδα,I
I01.1,Οξεία ρευματική ενδοκαρδίτιδα,I
I01.2,Οξεία ρευματική μυοκαρδίτιδα,I
I01.8,Άλλη οξεία ρευματική καρδιοπάθεια,I
I01.9,"Οξεία ρευματική καρδιοπάθεια, μη καθορισμένη",I
I02,Ρευματική χορεία,I
I02.0,Ρευματική χορεία με καρδιακή συμμετοχή,I
I02.9,Ρευματική χορεία χωρίς καρδιακή συμμετοχή,I
I05,Ρευματικά νοσήματα της μιτροειδούς βαλβίδας,I
I05.0,Στένωση μιτροειδούς,I
I05.1,Ρευματική ανεπάρκεια μιτροειδούς,I
I05.2,Στένωση μιτροειδούς με ανεπάρκεια,I
I05.8,Άλλες βαλβιδοπάθειες της μιτροειδούς,I
I05.9,"Βαλβιδοπάθεια μιτροειδούς, μη καθορισμένη",I
I06,Ρευματικά νοσήματα της αορτικής βαλβίδας,I
I06.0,Ρευματική αορτική στένωση,I
I06.1,Ρευματική αορτική ανεπάρκεια,I
I06.2,Ρευματική αορτική στένωση με ανεπάρκεια,I
I06.8,Άλλες ρευματικές παθήσεις της αορτικής βαλβίδας,I
I06.9,"Ρευματική πάθηση της αορτική βαλβίδας, μη καθορισμένη",I
I07,Ρευματικά νοσήματα της τριγλώχινας βαλβίδας,I
I07.0,Στένωση της τριγλώχινας,I
I07.1,Ανεπάρκεια της τριγλώχινας,I
I07.2,Στένωση της τριγλώχινας με ανεπάρκεια,I
I07.8,Άλλες παθήσεις της τριγλώχινας βαλβίδας,I
I07.9,"Πάθηση της τριγλώχινας βαλβίδας, μη καθορισμένη",I
I08,Πολυβαλβιδοπάθειες,I
I08.0,Διαταραχές αμφότερων της μιτροειδούς και της αορτικής βαλβίδας,I
I08.1,Διαταραχές αμφότερων της μιτροειδούς και της τριγλώχινας βαλβίδας,I
I08.2,Διαταραχές αμφότερων της αορτικής και της τριγλώχινας βαλβίδας,I
I08.3,"Συνδυασμένες διαταραχές της μιτροειδούς, της αορτικής και της τριγλώχινας βαλβίδας",I
I08.8,Άλλες πολυβαλβιδοπάθειες,I
I08.9,"Πολυβαλβιδοπάθεια, μη καθορισμένη",I
I09,Άλλα ρευματικά καρδιακά νοσήματα,I
I09.0,Ρευματική μυοκαρδίτιδα,I
I09.1,"Ρευματικά νοσήματα του ενδοκαρδίου, με προσβολή μη καθορισμένης βαλβίδας",I
I09.2,Χρόνια ρευματική περικαρδίτιδα,I
I09.8,Άλλα καθορισμένα ρευματικά καρδιακά νοσήματα,I
I09.9,"Ρευματικό καρδιακό νόσημα, μη καθορισμένο",I
I10,Ιδιοπαθής (πρωτοπαθής) υπέρταση,I
I11,Υπερτασική καρδιοπάθεια,I
I11.0,Υπερτασική καρδιοπάθεια με (συμφορητική) καρδιακή ανεπάρκεια,I
I11.9,Υπερτασική καρδιοπάθεια χωρίς (συμφορητική) καρδιακή ανεπάρκεια,I
I12,Υπερτασική νεφροπάθεια,I
I12.0,Υπερτασική νεφροπάθεια με νεφρική ανεπάρκεια,I
I12.9,"Υπερτασική νεφροπάθεια, χωρίς νεφρική ανεπάρκεια",I
I13,Υπερτασική καρδιοπάθεια και νεφροπάθεια,I
I13.0,Υπερτασική καρδιοπάθεια και νεφροπάθεια με (συμφορητική) καρδιακή ανεπάρκεια,I
I13.1,Υπερτασική καρδιοπάθεια και νεφροπάθεια με νεφρική ανεπάρκεια,I
I13.2,Υπερτασική καρδιοπάθεια και νεφροπάθεια με αμφότερες (συμφορητική) καρδιακή ανεπάρκεια και νεφρική ανεπάρκεια,I
I13.9,"Υπερτασική καρδιοπάθεια και νεφροπάθεια, μη καθορισμένη",I
I15,Δευτεροπαθής υπέρταση,I
I15.0,Νεφραγγειακή υπέρταση,I
I15.1,Υπέρταση δευτεροπαθής σε άλλες νεφρικές διαταραχές,I
I15.2,Υπέρταση δευτεροπαθής σε ενδοκρινικές διαταραχές,I
I15.8,Άλλη δευτεροπαθής υπέρταση,I
I15.9,"Δευτεροπαθής υπέρταση, μη καθορισμένη",I
I20,Στηθάγχη,I
I20.0,Ασταθής στηθάγχη,I
I20.1,Στηθάγχη με τεκμηριωμένο σπασμό,I
I20.8,Άλλες μορφές στηθάγχης,I
I20.9,"Στηθάγχη, μη καθορισμένη",I
I21,Οξύ έμφραγμα του μυοκαρδίου,I
I21.0,Οξύ διατοιχωματικό έμφραγμα του μυοκαρδίου του προσθίου τοιχώματος,I
I21.1,Οξύ διατοιχωματικό έμφραγμα του μυοκαρδίου κατωτέρω τοιχώματος,I
I21.2,Οξύ διατοιχωματικό έμφραγμα του μυοκαρδίου άλλων εντοπίσεων,I
I21.3,Οξύ διατοιχωματικό έμφραγμα του μυοκαρδίου μη καθορισμένης εντόπισης,I
I21.4,Οξύ υπενδοκαρδιακό έμφραγμα του μυοκαρδίου,I
I21.9,"Οξύ έμφραγμα του μυοκαρδίου, μη καθορισμένο",I
I22,Επακόλουθο έμφραγμα του μυοκαρδίου,I
I22.0,Επακόλουθο έμφραγμα του μυοκαρδίου προσθίου τοιχώματος,I
I22.1,Επακόλουθο έμφραγμα του μυοκαρδίου κατωτέρου τοιχώματος,I
I22.8,Επακόλουθο έμφραγμα του μυοκαρδίου άλλων εντοπίσεων,I
I22.9,Επακόλουθο έμφραγμα του μυοκαρδίου μη καθορισμένης εντόπισης,I
I23,Ορισμένες τρέχουσες επιπλοκές μετά από οξύ έμφραγμα μυοκαρδίου,I
I23.0,Αιμοπερικάρδιο ως τρέχουσα επιπλοκή μετά από οξύ έμφραγμα μυοκαρδίου,I
I23.1,Έλλειμμα του μεσοκολπικού διαφράγματος ως τρέχουσα επιπλοκή μετά από οξύ  έμφραγμα του μυοκαρδίου,I
I23.2,Έλλειμμα του μεσοκοιλιακού διαφράγματος ως τρέχουσα επιπλοκή μετά από οξύ έμφραγμα του μυοκαρδίου,I
I23.3,Ρήξη του καρδιακού τοιχώματος χωρίς αιμοπερικάρδιο ως τρέχουσα επιπλοκή μετά από οξύ έμφραγμα του μυοκαρδίου,I
I23.4,Ρήξη των τενόντιων χορδών ως τρέχουσα επιπλοκή μετά από οξύ έμφραγμα μυοκαρδίου,I
I23.5,Ρήξη των θηλοειδών μυών ως τρέχουσα επιπλοκή μετά από οξύ έμφραγμα μυοκαρδίου,I
I23.6,"Θρόμβωση των κόλπων, της απόφυσης του καρδιακού ωτίου, και των κοιλιών ως τρέχουσες επιπλοκές του εμφράγματος του μυοκαρδίου",I
I23.8,Άλλες τρέχουσες επιπλοκές μετά από οξύ έμφραγμα του μυοκαρδίου,I
I24,Άλλες οξείες ισχαιμικές καρδιοπάθειες,I
I24.0,Θρόμβωση των στεφανιαίων αγγείων που δεν καταλήγει σε έμφραγμα του μυοκαρδίου,I
I24.1,Σύνδρομο Dressler,I
I24.8,Άλλες μορφές οξείας ισχαιμικής καρδιοπάθειας,I
I24.9,"Οξεία ισχαιμική καρδιοπάθεια, μη καθορισμένη",I
I25,Χρόνια ισχαιμική καρδιοπάθεια,I
I25.0,"Αθηροσκληρωτική καρδιαγγειακή νόσος, ούτως περιγραφόμενη",I
I25.1,Αθηροσκληρωτική καρδιοπάθεια,I
I25.2,Παλαιό έμφραγμα του μυοκαρδίου,I
I25.3,Ανεύρυσμα της καρδιάς,I
I25.4,Ανεύρυσμα στεφανιαίας αρτηρίας,I
I25.5,Ισχαιμική μυοκαρδιοπάθεια,I
I25.6,Σιωπηρή ισχαιμία του μυοκαρδίου,I
I25.8,Άλλες μορφές χρόνιας ισχαιμικής καρδιοπάθειας,I
I25.9,"Χρόνια ισχαιμική καρδιοπάθεια, μη καθορισμένη",I
I26,Πνευμονική εμβολή,I
I26.0,Πνευμονική εμβολή όταν αναφέρεται οξεία πνευμονική καρδιά,I
I26.9,Πνευμονική εμβολή χωρίς να αναφέρεται οξεία πνευμονική καρδιά,I
I27,Άλλες πνευμονικές καρδιοπάθειες,I
I27.0,Πρωτοπαθής πνευμονική υπέρταση,I
I27.1,Κυφοσκολιωτική καρδιοπάθεια,I
I27.2,Άλλη δευτεροπαθής πνευμονική υπέρταση,I
I27.8,Άλλες καθορισμένες πνευμονικές καρδιοπάθειες,I
I27.9,"Πνευμονική καρδιοπάθεια, μη καθορισμένη",I
I28,Άλλα νοσήματα των πνευμονικών αγγείων,I
I28.0,Αρτηριοφλεβικό συρίγγιο των πνευμονικών αγγείων,I
I28.1,Ανεύρυσμα της πνευμονικής αρτηρίας,I
I28.8,Άλλα καθορισμένα νοσήματα των πνευμονικών αγγείων,I
I28.9,"Νόσημα των πνευμονικών αγγείων, μη καθορισμένο",I
I30,Οξεία περικαρδίτιδα,I
I30.0,Οξεία  μη ειδική  ιδιοπαθής περικαρδίτιδα,I
I30.1,Λοιμώδης περικαρδίτιδα,I
I30.8,Άλλες μορφές οξείας περικαρδίτιδας,I
I30.9,"Οξεία περικαρδίτιδα, μη καθορισμένη",I
I31,Άλλα νοσήματα του περικαρδίου,I
I31.0,Χρόνια συμφυτική περικαρδίτιδα,I
I31.1,Χρόνια συμπιεστική περικαρδίτιδα,I
I31.2,"Αιμοπερικάρδιο, που δεν ταξινομείται αλλού",I
I31.3,Περικαρδιακή συλλογή (μη φλεγμονώδης),I
I31.8,Άλλα καθορισμένα νοσήματα του περικαρδίου,I
I31.9,Μη καθορισμένο νόσημα του περικαρδίου,I
I33,Οξεία και υποξεία ενδοκαρδίτιδα,I
I33.0,Οξεία και υποξεία λοιμώδης ενδοκαρδίτιδα,I
I33.9,"Οξεία ενδοκαρδίτιδα, μη καθορισμένη",I
I34,Μη ρευματικές διαταραχές της μιτροειδούς βαλβίδας,I
I34.0,Ανεπάρκεια μιτροειδούς βαλβίδας,I
I34.1,Πρόπτωση μιτροειδούς βαλβίδας,I
I34.2,Μη ρευματική στένωση μιτροειδούς (βαλβίδας),I
I34.8,Άλλες μη ρευματικές διαταραχές της μιτροειδούς βαλβίδας,I
I34.9,"Μη ρευματική διαταραχή της μιτροειδούς βαλβίδας, μη καθορισμένη",I
I35,Μη ρευματικές διαταραχές της αορτικής βαλβίδας,I
I35.0,Στένωση αορτικής (βαλβίδας),I
I35.1,Ανεπάρκεια αορτικής (βαλβίδας),I
I35.2,Στένωση της αορτικής βαλβίδας με ανεπάρκεια,I
I35.8,Άλλες διαταραχές της αορτικής βαλβίδας,I
I35.9,"Διαταραχή της αορτικής βαλβίδας, μη καθορισμένη",I
I36,Μη ρευματικές διαταραχές της τριγλώχινας βαλβίδας,I
I36.0,Μη ρευματική στένωση τριγλώχινας (βαλβίδας),I
I36.1,Μη ρευματική ανεπάρκεια τριγλώχινας (βαλβίδας),I
I36.2,Μη ρευματική στένωση τριγλώχινας (βαλβίδας) με ανεπάρκεια,I
I36.8,Άλλες μη ρευματικές διαταραχές της τριγλώχινας βαλβίδας,I
I36.9,"Μη ρευματική διαταραχή της τριγλώχινας βαλβίδας, μη καθορισμένη",I
I37,Νοσήματα της πνευμονικής βαλβίδας,I
I37.0,Στένωση πνευμονικής βαλβίδας,I
I37.1,Ανεπάρκεια πνευμονικής βαλβίδας,I
I37.2,Στένωση της πνευμονικής βαλβίδας με ανεπάρκεια,I
I37.8,Άλλες διαταραχές της πνευμονικής βαλβίδας,I
I37.9,"Διαταραχή της πνευμονικής βαλβίδας, μη καθορισμένη",I
I38,"Ενδοκαρδίτιδα,  με προσβολή μη καθορισμένης βαλβίδας",I
I40,Οξεία μυοκαρδίτιδα,I
I40.0,Λοιμώδης μυοκαρδίτιδα,I
I40.1,Μεμονωμένη μυοκαρδίτιδα,I
I40.8,Άλλη οξεία μυοκαρδίτιδα,I
I40.9,"Οξεία μυοκαρδίτιδα, μη καθορισμένη",I
I42,Μυοκαρδιοπάθειες,I
I42.0,Διατατική μυοκαρδιοπάθεια,I
I42.1,Αποφρακτική υπερτροφική μυοκαρδιοπάθεια,I
I42.2,Άλλες μορφές υπερτροφικής μυοκαρδιοπάθειας,I
I42.3,Ενδομυοκαρδιακή (ηωσινοφιλική) νόσος,I
I42.4,Ενδοκαρδιακή ινοελάστωση,I
I42.5,Άλλες μορφές περιοριστικής μυοκαρδιοπάθειας,I
I42.6,Αλκοολική μυοκαρδιοπάθεια,I
I42.7,Μυοκαρδιοπάθεια από φάρμακα και άλλους εξωγενείς παράγοντες,I
I42.8,Άλλες μυοκαρδιοπάθειες,I
I42.9,"Μυοκαρδιοπάθεια, μη καθορισμένη",I
I44,Κολποκοιλιακός και αποκλεισμός αριστερού σκέλους,I
I44.0,"Κολποκοιλιακός αποκλεισμός, πρώτου βαθμού",I
I44.1,"Κολποκοιλιακός αποκλεισμός, δεύτερου βαθμού",I
I44.2,"Κολποκοιλιακός αποκλεισμός, πλήρης",I
I44.3,Άλλος και μη καθορισμένος κολποκοιλιακός αποκλεισμός,I
I44.4,Αριστερός πρόσθιος δεσμικός αποκλεισμός,I
I44.5,Αριστερός οπίσθιος δεσμικός αποκλεισμός,I
I44.6,Άλλος και μη καθορισμένος δεσμικός αποκλεισμός,I
I44.7,"Αποκλεισμός του αριστερού σκέλους, μη καθορισμένος",I
I45,Άλλες διαταραχές της αγωγιμότητας,I
I45.0,Δεξιός δεσμικός αποκλεισμός,I
I45.1,Άλλος και μη καθορισμένος αποκλεισμός του δεξιού σκέλους,I
I45.2,Διδεσμικός αποκλεισμός,I
I45.3,Τριδεσμικός αποκλεισμός,I
I45.4,Μη ειδικός ενδοκοιλιακός αποκλεισμός,I
I45.5,Άλλος καθορισμένος καρδιακός αποκλεισμός,I
I45.6,Σύνδρομο προδιέγερσης,I
I45.8,Άλλες καθορισμένες διαταραχές της αγωγιμότητας,I
I45.9,"Διαταραχή της αγωγιμότητας, μη καθορισμένη",I
I46,Καρδιακή ανακοπή,I
I46.0,Καρδιακή ανακοπή με επιτυχή ανάνηψη,I
I46.1,"Αιφνίδιος καρδιακός θάνατος, ούτως περιγραφόμενος",I
I46.9,"Καρδιακή ανακοπή, μη καθορισμένη",I
I47,Παροξυσμική ταχυκαρδία,I
I47.0,Κοιλιακή αρρυθμία επανεισόδου,I
I47.1,Υπερκοιλιακή ταχυκαρδία,I
I47.2,Κοιλιακή ταχυκαρδία,I
I47.9,"Παροξυσμική ταχυκαρδία, μη καθορισμένη",I
I48,Κολπική μαρμαρυγή και πτερυγισμός,I
I49,Άλλες καρδιακές αρρυθμίες,I
I49.0,Κοιλιακή μαρμαρυγή και πτερυγισμός,I
I49.1,Κολπική πρόωρη εκπόλωση,I
I49.2,Πρόωρη αναπόλωση εκ σύζευξης,I
I49.3,Κοιλιακή πρόωρη αναπόλωση,I
I49.4,Άλλη και μη καθορισμένη πρόωρη αναπόλωση,I
I49.5,Σύνδρομο νοσούντος φλεβοκόμβου,I
I49.8,Άλλες καθορισμένες καρδιακές αρρυθμίες,I
I49.9,"Καρδιακή αρρυθμία, μη καθορισμένη",I
I50,Καρδιακή ανεπάρκεια,I
I50.0,Συμφορητική καρδιακή ανεπάρκεια,I
I50.1,Ανεπάρκεια της αριστερής κοιλίας,I
I50.9,"Καρδιακή ανεπάρκεια, μη καθορισμένη",I
I51,Επιπλοκές και ασαφείς περιγραφές καρδιοπάθειας,I
I51.0,"`Ελλείμματα του καρδιακού διαφράγματος, επίκτητα",I
I51.1,"Ρήξη των τενοντίων χορδών, που δεν ταξινομείται αλλού",I
I51.2,"Ρήξη θηλοειδούς μυός, που δεν ταξινομείται αλλού",I
I51.3,"Ενδοκαρδιακή θρόμβωση, που δεν ταξινομείται αλλού",I
I51.4,"Μυοκαρδίτιδα, μη καθορισμένη",I
I51.5,Μυοκαρδιακή εκφύλιση,I
I51.6,"Καρδιαγγειακή νόσος, μη καθορισμένη",I
I51.7,Καρδιομεγαλία,I
I51.8,Άλλες ασαφώς οριζόμενες καρδιοπάθειες,I
I51.9,"Καρδιοπάθεια, μη καθορισμένη",I
I60,Υπαραχνοειδής αιμορραγία,I
I60.0,Υπαραχνοειδής αιμορραγία από το στέλεχος και τον διχασμό της καρωτίδας,I
I60.1,Υπαραχνοειδής αιμορραγία από τη μέση εγκεφαλική αρτηρία,I
I60.2,Υπαραχνοειδής αιμορραγία από την πρόσθια αναστομωτική αρτηρία,I
I60.3,Υπαραχνοειδής αιμορραγία από την οπίσθια αναστομωτική αρτηρία,I
I60.4,Υπαραχνοειδής αιμορραγία από τη βασική αρτηρία,I
I60.5,Υπαραχνοειδής αιμορραγία από τη σπονδυλική αρτηρία,I
I60.6,Υπαραχνοειδής αιμορραγία από άλλες ενδοκρανιακές αρτηρίες,I
I60.7,"Υπαραχνοειδής αιμορραγία από ενδοκρανιακή αρτηρία, μη καθορισμένη",I
I60.8,Άλλη υπαραχνοειδής αιμορραγία,I
I60.9,"Υπαραχνοειδής αιμορραγία, μη καθορισμένη",I
I61,Ενδοεγκεφαλική αιμορραγία,I
I61.0,"Ενδοεγκεφαλική αιμορραγία ημισφαιρίου, υποφλοιώδης",I
I61.1,"Ενδοεγκεφαλική αιμορραγία ημισφαιρίου, φλοιώδης",I
I61.2,"Ενδοεγκεφαλική αιμορραγία ημισφαιρίου, μη καθορισμένη",I
I61.3,Ενδοεγκεφαλική αιμορραγία στο εγκεφαλικό στέλεχος,I
I61.4,Ενδοεγκεφαλική αιμορραγία στην παρεγκεφαλίδα,I
I61.5,"Ενδοεγκεφαλική αιμορραγία, ενδοκοιλιακή",I
I61.6,"Ενδοεγκεφαλική αιμορραγία, πολλαπλής εντόπισης",I
I61.8,Άλλη ενδοεγκεφαλική αιμορραγία,I
I61.9,"Ενδοεγκεφαλική αιμορραγία, μη καθορισμένη",I
I62,Άλλη μη τραυματική ενδοκρανιακή αιμορραγία,I
I62.0,Υποσκληρίδια αιμορραγία (οξεία) (μη τραυματική),I
I62.1,Μη τραυματική εξωσκληρίδια αιμορραγία,I
I62.9,"Ενδοκρανιακή αιμορραγία (μη τραυματική), μη καθορισμένη",I
I63,Εγκεφαλικό έμφρακτο,I
I63.0,Εγκεφαλικό έμφρακτο από θρόμβωση των προεγκεφαλικών αρτηριών,I
I63.1,Εγκεφαλικό έμφρακτο από εμβολή των προεγκεφαλικών αρτηριών,I
I63.2,Εγκεφαλικό έμφρακτο από μη καθορισμένη απόφραξη ή στένωση των προεγκεφαλικών αρτηριών,I
I63.3,Εγκεφαλικό έμφρακτο από θρόμβωση των εγκεφαλικών αρτηριών,I
I63.4,Εγκεφαλικό έμφρακτό από εμβολή των εγκεφαλικών αρτηριών,I
I63.5,Εγκεφαλικό έμφρακτο από μη καθορισμένη απόφραξη ή στένωση των εγκεφαλικών αρτηριών,I
I63.6,"Εγκεφαλικό έμφρακτο από εγκεφαλική φλεβική θρόμβωση, μη πυώδη",I
I63.8,Άλλο εγκεφαλικό έμφρακτο,I
I63.9,"Εγκεφαλικό  έμφρακτο, μη καθορισμένο",I
I64,"Εγκεφαλικό επεισόδιο, μη καθορισμένο ως αιμορραγικό ή εμφρακτικό",I
I65,"Απόφραξη και στένωση των προεγκεφαλικών αρτηριών, που δεν καταλήγει σε εγκεφαλικό έμφρακτο",I
I65.0,Απόφραξη και στένωση της σπονδυλικής αρτηρίας,I
I65.1,Απόφραξη και στένωση της βασικής αρτηρίας,I
I65.2,Απόφραξη και στένωση της καρωτίδας,I
I65.3,Απόφραξη και στένωση πολλαπλών και αμφοτερόπλευρων προεγκφαλικών αρτηριών,I
I65.8,Απόφραξη και στένωση άλλων προεγκεφαλικών αρτηριών,I
I65.9,Απόφραξη και στένωση μη καθορισμένων προεγκεφαλικών αρτηριών,I
I66,"Απόφραξη και στένωση των εγκεφαλικών αρτηριών, που δεν καταλήγει σε εγκεφαλικό έμφρακτο",I
I66.0,Απόφραξη και στένωση της μέσης εγκεφαλικής αρτηρίας,I
I66.1,Απόφραξη και στένωση της πρόσθιας εγκεφαλικής αρτηρίας,I
I66.2,Απόφραξη και στένωση της οπίσθιας εγκεφαλικής αρτηρίας,I
I66.3,Απόφραξη και στένωση των παρεγκεφαλιδικών αρτηριών,I
I66.4,Απόφραξη και στένωση πολλαπλών και αμφοτερόπλευρων εγκεφαλικών αρτηριών,I
I66.8,Απόφραξη και στένωση άλλων εγκεφαλικών αρτηριών,I
I66.9,Απόφραξη και στένωση μη καθορισμένων εγκεφαλικών αρτηριών,I
I67,Άλλα νοσήματα των εγκεφαλικών αγγείων,I
I67.0,"Διαχωρισμός των εγκεφαλικών αρτηριών, χωρίς ρήξη",I
I67.1,"Εγκεφαλικό ανεύρυσμα, χωρίς ρήξη",I
I67.2,Εγκεφαλική αθηροσκλήρωση,I
I67.3,Προοδευτική αγγειακή λευκοεγκεφαλοπάθεια,I
I67.4,Υπερτασική εγκεφαλοπάθεια,I
I67.5,Νόσος Moyamoya,I
I67.6,Μη πυώδης θρόμβωση του ενδοκρανιακού φλεβικού συστήματος,I
I67.7,"Εγκεφαλική αρτηρίτιδα, που δεν ταξινομείται αλλού",I
I67.8,Άλλα καθορισμένα νοσήματα των εγκεφαλικών αγγείων,I
I67.9,"Νόσημα των εγκεφαλικών αγγείων, μη καθορισμένο",I
I69,Όψιμα αποτελέσματα των παθήσεων των εγκεφαλικών αγγείων,I
I69.0,Όψιμα αποτελέσματα της υπαραχνοειδούς αιμορραγίας,I
I69.1,Όψιμα αποτελέσματα της ενδοεγκεφαλικής αιμορραγίας,I
I69.2,Όψιμα αποτελέσματα άλλων μη τραυματικών ενδοκρανιακών αιμορραγιών,I
I69.3,Όψιμα αποτελέσματα εγκεφαλικού εμφράκτου,I
I69.4,"Όψιμα αποτελέσματα εγκεφαλικού επεισοδίου, μη καθορισμένου ως αιμορραγικού ή εμφρακτικού",I
I69.8,Όψιμα αποτελέσματα άλλων και μη καθορισμένων παθήσεων των εγκεφαλικών αγγείων,I
I70,Αθηροσκλήρωση,I
I70.0,Αθηροσκλήρωση της αορτής,I
I70.1,Αθηροσκλήρωση της νεφρικής αρτηρίας,I
I70.2,Αθηροσκλήρωση των αρτηριών των άκρων,I
I70.8,Αθηροσκλήρωση άλλων αρτηριών,I
I70.9,Γενικευμένη και μη καθορισμένη αθηροσκλήρωση,I
I71,Αορτικό ανεύρυσμα και διαχωρισμός αορτής,I
I71.0,Διαχωρισμός της αορτής [οποιασδήποτε εντόπισης],I
I71.1,"Θωρακικό αορτικό ανεύρυσμα, με ρήξη",I
I71.2,"Θωρακικό αορτικό ανεύρυσμα, χωρίς αναφορά για ρήξη",I
I71.3,"Κοιλιακό αορτικό ανεύρυσμα, με ρήξη",I
I71.4,"Κοιλιακό αορτικό ανεύρυσμα, χωρίς αναφορά για ρήξη",I
I71.5,"Θωρακοκοιλιακό αορτικό ανεύρυσμα, με ρήξη",I
I71.6,"Θωρακοκοιλιακό αορτικό ανεύρυσμα, χωρίς αναφορά για ρήξη",I
I71.8,"Αορτικό ανεύρυσμα μη καθορισμένης εντόπισης, με ρήξη",I
I71.9,"Αορτικό ανεύρυσμα μη καθορισμένης εντόπισης, χωρίς αναφορά για ρήξη",I
I72,Άλλο ανεύρυσμα,I
I72.0,Ανεύρυσμα καρωτίδας,I
I72.1,Ανεύρυσμα αρτηρίας άνω άκρου,I
I72.2,Ανεύρυσμα νεφρικής αρτηρίας,I
I72.3,Ανεύρυσμα λαγόνιας αρτηρίας,I
I72.4,Ανεύρυσμα αρτηρίας κάτω άκρου,I
I72.8,Ανεύρυσμα άλλων καθορισμένων αρτηριών,I
I72.9,Ανεύρυσμα μη καθορισμένης εντόπισης,I
I73,Άλλες περιφερικές αγγειοπάθειες,I
I73.0,Σύνδρομο Raynaud,I
I73.1,Αποφρακτική θρομβαγγειΐτιδα [Buerger],I
I73.8,Άλλες καθορισμένες περιφερικές αγγειοπάθειες,I
I73.9,"Περιφερική αγγειοπάθεια, μη καθορισμένη",I
I74,Αρτηριακή εμβολή και θρόμβωση,I
I74.0,Εμβολή και θρόμβωση της κοιλιακής αορτής,I
I74.1,Εμβολή και θρόμβωση άλλων και μη καθορισμένων τμημάτων της αορτής,I
I74.2,Εμβολή και θρόμβωση αρτηριών των άνω άκρων,I
I74.3,Εμβολή και θρόμβωση αρτηριών των κάτω άκρων,I
I74.4,"Εμβολή και θρόμβωση μη καθορισμένων αρτηριών των άκρων, μη καθορισμένη",I
I74.5,Εμβολή και θρόμβωση λαγόνιας αρτηρίας,I
I74.8,Εμβολή και θρόμβωση άλλων αρτηριών,I
I74.9,Εμβολή και θρόμβωση μη καθορισμένης αρτηρίας,I
I77,Άλλες διαταραχές των αρτηριών και αρτηριδίων,I
I77.0,"Αρτηριοφλεβικό συρίγγιο, επίκτητο",I
I77.1,Στένωση αρτηρίας,I
I77.2,Ρήξη αρτηρίας,I
I77.3,Αρτηριακή ινομυώδης δυσπλασία,I
I77.4,Σύνδρομο συμπίεσης κοιλιακής αρτηρίας,I
I77.5,Νέκρωση της αρτηρίας,I
I77.6,"Αρτηρίτιδα, μη καθορισμένη",I
I77.8,Άλλες καθορισμένες διαταραχές των αρτηριών και αρτηριδίων,I
I77.9,"Διαταραχή των αρτηριών και αρτηριδίων, μη καθορισμένη",I
I78,Νοσήματα των τριχοειδών,I
I78.0,Κληρονομική αιμορραγική τηλεαγγειεκτασία,I
I78.1,"Σπίλος, μη - νεοπλασματικός",I
I78.8,Άλλα νοσήματα των τριχοειδών,I
I78.9,"Νόσημα των τριχοειδών, μη καθορισμένο",I
I80,Φλεβίτιδα και θρομβοφλεβίτιδα,I
I80.0,Φλεβίτιδα και θρομβοφλεβίτιδα των επιφανειακών αγγείων των κάτω άκρων,I
I80.1,Φλεβίτιδα και θρομβοφλεβίτιδα της μηριαίας φλέβας,I
I80.2,Φλεβίτιδα και θρομβοφλεβίτιδα άλλων εν τω βάθει αγγείων των κάτω άκρων,I
I80.3,Φλεβίτιδα και θρομβοφλεβίτιδα των κάτω άκρων μη καθορισμένη,I
I80.8,Φλεβίτιδα και θρομβοφλεβίτιδα άλλων εντοπίσεων,I
I80.9,Φλεβίτιδα και θρομβοφλεβίτιδα μη καθορισμένης εντόπισης,I
I81,Θρόμβωση πυλαίας φλέβας,I
I82,Άλλη φλεβική εμβολή και θρόμβωση,I
I82.0,Σύνδρομο Budd-Chiari,I
I82.1,Μεταναστευτική θρομβοφλεβίτιδα,I
I82.2,Εμβολή και θρόμβωση της κοίλης φλέβας,I
I82.3,Εμβολή και θρόμβωση της νεφρικής φλέβας,I
I82.8,Εμβολή και θρόμβωση άλλων καθορισμένων φλεβών,I
I82.9,Εμβολή και θρόμβωση μη καθορισμένης φλέβας,I
I83,Κιρσοί των κάτω άκρων,I
I83.0,Κιρσοί των κάτω άκρων με εξέλκωση,I
I83.1,Κιρσοί των κάτω άκρων με φλεγμονή,I
I83.2,Κιρσοί των κάτω άκρων με εξέλκωση και φλεγμονή,I
I83.9,Κιρσοί των κάτω άκρων χωρίς εξέλκωση ή φλεγμονή,I
I84,Αιμορροΐδες,I
I84.0,Εσωτερικές θρομβωμένες αιμορροΐδες,I
I84.1,Εσωτερικές αιμορροΐδες με άλλες επιπλοκές,I
I84.2,Εσωτερικές αιμορροΐδες χωρίς επιπλοκή,I
I84.3,Εξωτερικές θρομβωμένες αιμορροΐδες,I
I84.4,Εξωτερικές αιμορροΐδες με άλλες επιπλοκές,I
I84.5,Εξωτερικές αιμορροΐδες χωρίς επιπλοκή,I
I84.6,Υπόλοιπες αιμορροϊδικές κιρσώδεις ανευρύνσεις (skin tags),I
I84.7,Μη καθορισμένες θρομβωμένες αιμορροΐδες,I
I84.8,Μη καθορισμένες αιμορροΐδες με άλλες επιπλοκές,I
I84.9,Μη καθορισμένες αιμορροΐδες χωρίς επιπλοκή,I
I85,Οισοφαγικοί κιρσοί,I
I85.0,Οισοφαγικοί κιρσοί με αιμορραγία,I
I85.9,Οισοφαγικοί κιρσοί χωρίς αιμορραγία,I
I86,Κιρσώδεις φλέβες άλλων εντοπίσεων,I
I86.0,Υπογλώσσιοι κιρσοί,I
I86.1,Κιρσοί του όσχεου,I
I86.2,Πυελικοί κιρσοί,I
I86.3,Κιρσοί του αιδοίου,I
I86.4,Γαστρικοί κιρσοί,I
I86.8,Κιρσώδεις φλέβες άλλων καθορισμένων εντοπίσεων,I
I87,Άλλες διαταραχές των φλεβών,I
I87.0,Μεταφλεβιτιδικό σύνδρομο,I
I87.1,Συμπίεση φλέβας,I
I87.2,Φλεβική ανεπάρκεια (χρόνια) (περιφερική),I
I87.8,Άλλες καθορισμένες διαταραχές των φλεβών,I
I87.9,"Διαταραχή φλέβας, μη καθορισμένη",I
I88,Μη ειδική λεμφαδενίτιδα,I
I88.0,Μη ειδική μεσεντέριος λεμφαδενίτιδα,I
I88.1,"Χρόνια λεμφαδενίτιδα, εκτός της μεσεντέριας",I
I88.8,Άλλη μη ειδική λεμφαδενίτιδα,I
I88.9,"Μη ειδική λεμφαδενίτιδα, μη καθορισμένη",I
I89,Άλλες μη λοιμώδεις διαταραχές των λεμφαγγείων και των λεμφαδένων,I
I89.0,"Λεμφοίδημα, που δεν ταξινομείται αλλού",I
I89.1,Λεμφαγειΐτιδα,I
I89.8,Άλλες καθορισμένες μη λοιμώδεις διαταραχές των λεμφαγγείων και των λεμφαδένων,I
I89.9,"Μη λοιμώδης διαταραχή των λεμφαγγείων και των λεμφαδένων, μη καθορισμένη",I
I95,Υπόταση,I
I95.0,Ιδιοπαθής υπόταση,I
I95.1,Ορθοστατική υπόταση,I
I95.2,Υπόταση από φάρμακα,I
I95.8,Άλλη υπόταση,I
I95.9,"Υπόταση, μη καθορισμένη",I
I97,"Μετεπεμβατικές διαταραχές του κυκλοφορικού συστήματος, που δεν ταξινομούνται αλλού",I
I97.0,Σύνδρομο μετά από καρδιοτομή,I
I97.1,Άλλες λειτουργικές διαταραχές μετά από καρδιακή χειρουργική επέμβαση,I
I97.2,Σύνδρομο λεμφοιδήματος μετά από μαστεκτομή,I
I97.8,Άλλες μετεπεμβατικές διαταραχές του κυκλοφορικού συστήματος που δεν ταξινομούνται αλλού,I
I97.9,"Μετεπεμβατική διαταραχή του κυκλοφορικού συστήματος, μη καθορισμένη",I
I99,Άλλες και μη καθορισμένες διαταραχές του κυκλοφορικού συστήματος,I
J00,Οξεία ρινοφαρυγγίτιδα [κοινό κρυολόγημα],J
J01,Οξεία παραρρινοκολπίτιδα,J
J01.0,Οξεία φλεγμονή του γναθιαίου κόλπου,J
J01.1,Οξεία μετωπιαία κολπίτιδα,J
J01.2,Οξεία ηθμοειδίτιδα,J
J01.3,Οξεία σφηνοειδίτιδα,J
J01.4,Οξεία παγκολπίτιδα,J
J01.8,Άλλη οξεία παραρρινοκολπίτιδα,J
J01.9,"Οξεία παραρρινοκολπίτιδα, μη καθορισμένη",J
J02,Οξεία φαρυγγίτιδα,J
J02.0,Στρεπτοκοκκική φαρυγγίτιδα,J
J02.8,Οξεία φαρυγγίτιδα οφειλόμενη σε άλλους καθορισμένους μικροοργανισμούς,J
J02.9,"Οξεία φαρυγγίτιδα, μη καθορισμένη",J
J03,Οξεία αμυγδαλίτιδα,J
J03.0,Στρεπτοκοκκική αμυγδαλίτιδα,J
J03.8,Οξεία αμυγδαλίτιδα οφειλόμενη σε άλλους καθορισμένους μικροοργανισμούς,J
J03.9,"Οξεία αμυγδαλίτιδα, μη καθορισμένη",J
J04,Οξεία λαρυγγίτιδα και τραχειίτιδα,J
J04.0,Οξεία λαρυγγίτιδα,J
J04.1,Οξεία τραχειΐτιδα,J
J04.2,Οξεία λαρυγγοτραχειΐτιδα,J
J05,Οξεία αποφρακτική λαρυγγίτιδα [croup] και επιγλωττίτιδα,J
J05.0,Οξεία αποφρακτική λαρυγγίτιδα [croup],J
J05.1,Οξεία επιγλωττίτιδα,J
J06,Οξείες λοιμώξεις του ανώτερου αναπνευστικού συστήματος πολλαπλές ή με μη καθορισμένες εντοπίσεις,J
J06.0,Οξεία λαρυγγοφαρυγγίτιδα,J
J06.8,Άλλες οξείες λοιμώξεις του ανώτερου αναπνευστικού συστήματος με πολλαπλές εντοπίσεις,J
J06.9,"Οξεία λοίμωξη του ανώτερου αναπνευστικού συστήματος, μη καθορισμένη",J
J09,Γρίπη που οφείλεται σε ταυτοποιημένο στέλεχος ιού της γρίπης των πτηνών,J
J10,Γρίπη που οφείλεται σε άλλον ταυτοποιημένο ιό της γρίπης,J
J10.0,"Γρίπη με πνευμονία, από άλλους ταυτοποιημένους ιούς της γρίπης",J
J10.1,"Γρίπη με άλλες αναπνευστικές εκδηλώσεις, από άλλο ταυτοποιημένο ιό της γρίπης",J
J10.8,"Γρίπη με άλλες εκδηλώσεις, από άλλο ταυτοποιημένο ιό της γρίπης",J
J11,"Γρίπη, από μη ταυτοποιημένο ιό",J
J11.0,"Γρίπη με πνευμονία, από μη ταυτοποιημένο ιό",J
J11.1,"Γρίπη με άλλες αναπνευστικές εκδηλώσεις, από μη ταυτοποιημένο ιό",J
J11.8,"Γρίπη με άλλες εκδηλώσεις, από μη ταυτοποιημένο ιό",J
J12,"Ιογενής πνευμονία, που δεν ταξινομείται αλλού",J
J12.0,Πνευμονία από αδενοϊούς,J
J12.1,Πνευμονία από αναπνευστικό συγκυτιακό ιό,J
J12.2,Πνευμονία από ιό της παραϊνφλουέντσας,J
J12.8,Άλλη ιογενής πνευμονία,J
J12.9,"Ιογενής πνευμονία, μη καθορισμένη",J
J13,Πνευμονία που οφείλεται στον Στρεπτόκοκκο της πνευμονίας [S. pneumoniae],J
J14,Πνευμονία που οφείλεται στον Αιμόφιλο της ινφλουέντσας [H. Influenzae],J
J15,"Βακτηριακή πνευμονία, που δεν ταξινομείται αλλού",J
J15.0,Πνευμονία που οφείλεται στην Κλεμπσιέλλα της πνευμονίας [Klebsiella pneumonia],J
J15.1,Πνευμονία που οφείλεται στην Ψευδομονάδα,J
J15.2,Πνευμονία που οφείλεται σε σταφυλόκοκκο,J
J15.3,"Πνευμονία που οφείλεται σε στρεπτόκοκκο, ομάδας Β",J
J15.4,Πνευμονία που οφείλεται σε άλλους στρεπτόκοκκους,J
J15.5,Πνευμονία που οφείλεται σε Εσσεριχία [Escherichia Coli],J
J15.6,Πνευμονία που οφείλεται σε άλλα αερόβια Gram -αρνητικά βακτήρια,J
J15.7,Πνευμονία που οφείλεται στο Μυκόπλασμα της πνευμονίας [Mycoplasma pneumoniae],J
J15.8,Άλλη βακτηριακή πνευμονία,J
J15.9,"Βακτηριακή πνευμονία, μη καθορισμένη",J
J16,"Πνευμονία που οφείλεται σε άλλους λοιμογόνους μικροοργανισμούς, που δεν ταξινομείται αλλού",J
J16.0,Χλαμυδιακή πνευμονία,J
J16.8,Πνευμονία που οφείλεται σε άλλους καθορισμένους λοιμογόνους μικροοργανισμούς,J
J18,"Πνευμονία, από μη καθορισμένους μικροοργανισμούς",J
J18.0,"Βρογχοπνευμονία, μη καθορισμένη",J
J18.1,"Λοβώδης πνευμονία, μη καθορισμένη",J
J18.2,"Υποστατική πνευμονία, μη καθορισμένη",J
J18.8,"Άλλη πνευμονία, από μη καθορισμένο μικροοργανισμό",J
J18.9,"Πνευμονία, μη καθορισμένη",J
J20,Οξεία βρογχίτιδα,J
J20.0,Οξεία βρογχίτιδα που οφείλεται στο Μυκόπλασμα της πνευμονίας [Mycoplasma pneumoniae],J
J20.1,Οξεία βρογχίτιδα που οφείλεται στον Αιμόφιλο της ινφλουέντσας [Haemophilus influenza],J
J20.2,Οξεία βρογχίτιδα που οφείλεται σε στρεπτόκοκκο,J
J20.3,Οξεία βρογχίτιδα που οφείλεται σε ιό Coxsackie,J
J20.4,Οξεία βρογχίτιδα που οφείλεται σε ιό της παραϊνφλουέντσας,J
J20.5,Οξεία βρογχίτιδα που οφείλεται σε αναπνευστικό συγκυτιακό ιό,J
J20.6,Οξεία βρογχίτιδα που οφείλεται σε ρινοϊό,J
J20.7,Οξεία βρογχίτιδα που οφείλεται σε ιό Echo,J
J20.8,Οξεία βρογχίτιδα που οφείλεται σε άλλους καθορισμένους μικροοργανισμούς,J
J20.9,"Οξεία βρογχίτιδα, μη καθορισμένη",J
J21,Οξεία βρογχιολίτιδα,J
J21.0,Οξεία βρογχιολίτιδα που οφείλεται σε αναπνευστικό συγκυτιακό ιό,J
J21.8,Οξεία βρογχιολίτιδα που οφείλεται σε άλλους καθορισμένους μικροοργανισμούς,J
J21.9,"Οξεία βρογχιολίτιδα, μη καθορισμένη",J
J22,Μη καθορισμένη οξεία λοίμωξη του κατώτερου αναπνευστικού,J
J30,Αγγειοκινητική και αλλεργική ρινίτιδα,J
J30.0,Αγγειοκινητική ρινίτιδα,J
J30.1,Αλλεργική ρινίτιδα που οφείλεται στη γύρη,J
J30.2,Άλλη εποχική αλλεργική ρινίτιδα,J
J30.3,Άλλη αλλεργική ρινίτιδα,J
J30.4,"Αλλεργική ρινίτιδα, μη καθορισμένη",J
J31,"Χρόνια ρινίτιδα, ρινοφαρυγγίτιδα και φαρυγγίτιδα",J
J31.0,Χρόνια ρινίτιδα,J
J31.1,Χρόνια ρινοφαρυγγίτιδα,J
J31.2,Χρόνια φαρυγγίτιδα,J
J32,Χρόνια παραρρινοκολπίτιδα,J
J32.0,Χρόνια φλεγμονή του γναθιαίου άντρου,J
J32.1,Χρόνια μετωπιαία κολπίτιδα,J
J32.2,Χρόνια ηθμοειδίτιδα,J
J32.3,Χρόνια σφηνοειδίτιδα,J
J32.4,Χρόνια παγκολπίτιδα,J
J32.8,Άλλη χρόνια παραρρινοκολπίτιδα,J
J32.9,"Χρόνια παραρρινοκολπίτιδα, μη καθορισμένη",J
J33,Ρινικοί πολύποδες,J
J33.0,Πολύποδας της ρινικής κοιλότητας,J
J33.1,Πολυποειδής εκφύλιση των παραρρινίων κόλπων,J
J33.8,Άλλος πολύποδας των παραρρινίων κόλπων,J
J33.9,"Ρινικός πολύποδας, μη καθορισμένος",J
J34,Άλλες διαταραχές της ρινός και των ρινικών κόλπων,J
J34.0,"Απόστημα, δοθιήνας και ψευδάνθρακας της ρινός",J
J34.1,Κύστη και βλεννοκήλη της ρινός και του ρινικού κόλπου,J
J34.2,Σκολίωση του ρινικού διαφράγματος,J
J34.3,Υπερτροφία των ρινικών κογχών,J
J34.8,Άλλες καθορισμένες διαταραχές της ρινός και των ρινικών κόλπων,J
J35,Χρόνια νοσήματα των αμυγδαλών και των αδενοειδών εκβλαστήσεων,J
J35.0,Χρόνια αμυγδαλίτιδα,J
J35.1,Υπερτροφία των αμυγδαλών,J
J35.2,Υπερτροφία των αδενοειδών εκβλαστήσεων,J
J35.3,Υπερτροφία των αμυγδαλών με υπερτροφία των αδενοειδών εκβλαστήσεων,J
J35.8,Άλλα χρόνια νοσήματα των αμυγδαλών και των αδενοειδών εκβλαστήσεων,J
J35.9,"Χρόνιο νόσημα των αμυγδαλών και των αδενοειδών εκβλαστήσεων, μη καθορισμένο",J
J36,Περιαμυγδαλικό απόστημα,J
J37,Χρόνια λαρυγγίτιδα και λαρυγγοτραχειΐτιδα,J
J37.0,Χρόνια λαρυγγίτιδα,J
J37.1,Χρόνια λαρυγγοτραχειΐτιδα,J
J38,"Νοσήματα των φωνητικών χορδών και του λάρυγγα, που δεν ταξινομούνται αλλού",J
J38.0,Παράλυση των φωνητικών χορδών και του λάρυγγα,J
J38.1,Πολύποδας των φωνητικών χορδών και του λάρυγγα,J
J38.2,Οζίδια των φωνητικών χορδών,J
J38.3,Άλλα νοσήματα των φωνητικών χορδών,J
J38.4,Οίδημα του λάρυγγα,J
J38.5,Λαρυγγόσπασμος,J
J38.6,Στένωση του λάρυγγα,J
J38.7,Άλλα νοσήματα του λάρυγγα,J
J39,Άλλα νοσήματα του ανώτερου αναπνευστικού συστήματος,J
J39.0,Οπισθοφαρυγγικό και παραφαρυγγικό απόστημα,J
J39.1,Άλλο απόστημα του φάρυγγα,J
J39.2,Άλλα νοσήματα του φάρυγγα,J
J39.3,"Αντίδραση υπερευαισθησίας του ανώτερου αναπνευστικού συστήματος, χωρίς να καθορίζεται η εντόπιση",J
J39.8,Άλλα καθορισμένα νοσήματα του ανώτερου αναπνευστικού συστήματος,J
J39.9,"Νόσημα του ανώτερου αναπνευστικού συστήματος, μη καθορισμένο",J
J40,"Βρογχίτιδα, που δεν καθορίζεται ως οξεία ή χρόνια",J
J41,Απλή και βλεννοπυώδης χρόνια βρογχίτιδα,J
J41.0,Απλή χρόνια βρογχίτιδα,J
J41.1,Βλεννοπυώδης χρόνια βρογχίτιδα,J
J41.8,Μικτή απλή και βλεννοπυώδης χρόνια βρογχίτιδα,J
J42,Μη καθορισμένη χρόνια βρογχίτιδα,J
J43,Εμφύσημα,J
J43.0,Σύνδρομο MacLeod,J
J43.1,Πανλοβιακό εμφύσημα,J
J43.2,Κεντρολοβιακό εμφύσημα,J
J43.8,Άλλο εμφύσημα,J
J43.9,"Eμφύσημα, μη καθορισμένο",J
J44,Άλλη χρόνια αποφρακτική πνευμονοπάθεια,J
J44.0,Χρόνια αποφρακτική πνευμονοπάθεια με οξεία λοίμωξη του κατώτερου αναπνευστικού,J
J44.1,"Χρόνια αποφρακτική πνευμονοπάθεια με οξεία παρόξυνση, μη καθορισμένη",J
J44.8,Άλλη καθορισμένη χρόνια αποφρακτική πνευμονοπάθεια,J
J44.9,"Χρόνια αποφρακτική πνευμονοπάθεια, μη καθορισμένη",J
J45,Άσθμα,J
J45.0,Κυρίως αλλεργικό άσθμα,J
J45.1,Μη αλλεργικό άσθμα,J
J45.8,Μικτό άσθμα,J
J45.9,"Άσθμα, μη καθορισμένο",J
J46,Σοβαρή ασθματική κρίση  [status asthmaticus],J
J47,Βρογχεκτασίες,J
J60,Πνευμονοκονίωση των ανθρακωρύχων,J
J61,Πνευμονοκονίωση που οφείλεται στον αμίαντο και σε άλλες ορυκτές ίνες,J
J62,Πνευμονοκονίωση που οφείλεται σε σκόνη που περιέχει πυρίτιο,J
J62.0,Πνευμονοκονίαση που οφείλεται σε σκόνη από τάλκη,J
J62.8,Πνευμονοκονίαση που οφείλεται σε άλλη σκόνη που περιέχει πυρίτιο,J
J63,Πνευμονοκονίωση που οφείλεται σε άλλες ανόργανες σκόνες,J
J63.0,Αργιλλίωση (του πνεύμονα),J
J63.1,Ίνωση από βωξίτη (του πνεύμονα),J
J63.2,Βηρυλλίωση,J
J63.3,Ίνωση από γραφίτη (του πνεύμονα),J
J63.4,Σιδήρωση,J
J63.5,Κασσιτέρωση,J
J63.8,Πνευμονοκονίωση που οφείλεται σε άλλες καθορισμένες ανόργανες σκόνες,J
J64,Μη καθορισμένη πνευμονοκονίωση,J
J65,Πνευμονοκονίαση που σχετίζεται με φυματίωση,J
J66,Παθήσεις των αεροφόρων οδών που οφείλονται σε καθορισμένες οργανικές σκόνες,J
J66.0,Βυσσίνωση,J
J66.1,Νόσος των εργατών του λιναριού,J
J66.2,Κανναβίνωση,J
J66.8,Νόσος των αεραγωγών οφειλόμενη σε άλλες καθορισμένες οργανικές σκόνες,J
J67,Πνευμονίτιδα από υπερευαισθησία οφειλόμενη σε οργανική σκόνη,J
J67.0,Πνεύμονας των γεωργών,J
J67.1,Βαγάσσωση,J
J67.2,Πνεύμονας των πτηνοτρόφων,J
J67.3,Σουβέρωση,J
J67.4,Πνεύμονας των εργατών βύνης,J
J67.5,Πνεύμονας των εργατών μανιταριών,J
J67.6,Πνεύμονας των αποφλοιωτών σφενδάμου,J
J67.7,Πνευμονίτιδα από τα κλιματιστικά μηχανήματα και τους υγραντές,J
J67.8,Πνευμονίτιδα από υπερευαισθησία που οφείλεται σε άλλες οργανικές σκόνες,J
J67.9,Πνευμονίτιδα από υπερευαισθησία που οφείλεται σε μη καθορισμένη οργανική σκόνη,J
J68,"Καταστάσεις του αναπνευστικού που οφείλονται σε εισπνοή χημικών ουσιών, αερίων, αναθυμιάσεων και ατμών",J
J68.0,"Βρογχίτιδα και πνευμονίτιδα που οφείλονται σε χημικές ουσίες, αέρια, αναθυμιάσεις και ατμούς",J
J68.1,"Πνευμονικό οίδημα που οφείλεται σε χημικές ουσίες, αέρια, αναθυμιάσεις και ατμούς",J
J68.2,"Φλεγμονή του ανώτερου αναπνευστικού που οφείλεται σε χημικές ουσίες, αέρια, αναθυμιάσεις και ατμούς, που δεν ταξινομείται αλλού",J
J68.3,"Άλλες οξείες και υποξείες αναπνευστικές καταστάσεις που οφείλονται σε χημικές ουσίες, αέρια, αναθυμιάσεις και ατμούς",J
J68.4,"Χρόνιες αναπνευστικές καταστάσεις που οφείλονται σε χημικές ουσίες, αέρια, αναθυμιάσεις και ατμούς",J
J68.8,"Άλλες αναπνευστικές καταστάσεις που οφείλονται σε χημικές ουσίες, αέρια, αναθυμιάσεις και ατμούς",J
J68.9,"Μη καθορισμένη αναπνευστική κατάσταση που οφείλεται σε χημικές ουσίες, αέρια, αναθυμιάσεις και ατμούς",J
J69,Πνευμονίτιδα που οφείλεται σε στερεά και υγρά υλικά,J
J69.0,Πνευμονίτιδα που οφείλεται σε τροφές και εμέσματα,J
J69.1,Πνευμονίτιδα που οφείλεται σε έλαια και αιθέρια έλαια,J
J69.8,Πνευμονίτιδα που οφείλεται σε άλλα στερεά και υγρά υλικά,J
J70,Αναπνευστικές καταστάσεις που οφείλονται σε άλλους εξωγενείς παράγοντες,J
J70.0,Οξείες πνευμονικές εκδηλώσεις που οφείλονται στην ακτινοβολία,J
J70.1,Χρόνιες και άλλες πνευμονικές εκδηλώσεις που οφείλονται στην ακτινοβολία,J
J70.2,Οξείες διαταραχές του διαμέσου πνευμονικού ιστού φαρμακευτικής αιτιολογίας,J
J70.3,Χρόνιες διαταραχές του διαμέσου πνευμονικού ιστού φαρμακευτικής αιτιολογίας,J
J70.4,"Διαταραχές του διάμεσου πνευμονικού ιστού φαρμακευτικής αιτιολογίας, μη καθορισμένες",J
J70.8,Αναπνευστικές καταστάσεις που οφείλονται σε άλλους καθορισμένους εξωγενείς παράγοντες,J
J70.9,Αναπνευστικές καταστάσεις που οφείλονται σε μη καθορισμένο εξωγενή παράγοντα,J
J80,Σύνδρομο αναπνευστικής δυσχέρειας των ενηλίκων,J
J81,Πνευμονικό οίδημα,J
J82,"Πνευμονική ηωσινοφιλία, που δεν ταξινομείται αλλού",J
J84,Άλλα νοσήματα του διάμεσου πνευμονικού ιστού,J
J84.0,Κυψελιδικές και κυψελιδοτοιχωματκές καταστάσεις,J
J84.1,Άλλα νοσήματα του διάμεσου πνευμονικού ιστού με ίνωση,J
J84.8,Άλλα καθορισμένα νοσήματα  του διάμεσου πνευμονικού ιστού,J
J84.9,"Διάμεση πνευμονοπάθεια, μη καθορισμένη",J
J85,Απόστημα του πνεύμονα και του μεσοθωρακίου,J
J85.0,Γάγγραινα και νέκρωση του πνεύμονα,J
J85.1,Απόστημα του πνεύμονα με πνευμονία,J
J85.2,Απόστημα του πνεύμονα χωρίς πνευμονία,J
J85.3,Απόστημα του μεσοθωρακίου,J
J86,Πυοθώρακας,J
J86.0,Πυοθώρακας με συρίγγιο,J
J86.9,Πυοθώρακας χωρίς συρίγγιο,J
J90,"Πλευριτική συλλογή, που δεν ταξινομείται αλλού",J
J92,Υπεζωκοτικές πλάκες,J
J92.0,Υπεζωκοτικές πλάκες με παρουσία αμίαντου,J
J92.9,Υπεζωκοτικές πλάκες χωρίς παρουσία αμίαντου,J
J93,Πνευμοθώρακας,J
J93.0,Αυτόματος πνευμοθώρακας υπό τάση,J
J93.1,Άλλος αυτόματος πνευμοθώρακας,J
J93.8,Άλλος πνευμοθώρακας,J
J93.9,"Πνευμοθώρακας, μη καθορισμένος",J
J94,Άλλες καταστάσεις του υπεζωκότα,J
J94.0,Χυλοθώρακας,J
J94.1,Ινοθώρακας,J
J94.2,Αιμοθώρακας,J
J94.8,Άλλες καθορισμένες καταστάσεις του υπεζωκότα,J
J94.9,"Κατάσταση του υπεζωκότα, μη καθορισμένη",J
J95,"Μετεπεμβατικές αναπνευστικές διαταραχές, που δεν ταξινομούνται αλλού",J
J95.0,Δυσλειτουργία της τραχειοστομίας,J
J95.1,Οξεία αναπνευστική ανεπάρκεια μετά από χειρουργική επέμβαση στο θώρακα,J
J95.2,Οξεία αναπνευστική ανεπάρκεια μετά από επέμβαση εκτός του θώρακα,J
J95.3,Χρόνια αναπνευστική ανεπάρκεια μετά από χειρουργική επέμβαση,J
J95.4,Σύνδρομο Mendelson,J
J95.5,Μετεπεμβατική υπογλωττιδική στένωση,J
J95.8,Άλλες μετεπεμβατικές αναπνευστικές διαταραχές,J
J95.9,"Μετεπεμβατική αναπνευστική διαταραχή, μη καθορισμένη",J
J96,"Αναπνευστική ανεπάρκεια, που δεν ταξινομείται αλλού",J
J96.0,Οξεία αναπνευστική ανεπάρκεια,J
J96.1,Χρόνια αναπνευστική ανεπάρκεια,J
J96.9,"Αναπνευστική ανεπάρκεια, μη καθορισμένη",J
J98,Άλλες αναπνευστικές διαταραχές,J
J98.0,"Νοσήματα των βρόγχων, που δεν ταξινομούνται αλλού",J
J98.1,Πνευμονική σύμπτωση,J
J98.2,Διάμεσο εμφύσημα,J
J98.3,Αναπληρωματικό εμφύσημα,J
J98.4,Άλλες διαταραχές του πνεύμονα,J
J98.5,"Νοσήματα του μεσοθωρακίου, που δεν ταξινομούνται αλλού",J
J98.6,Διαταραχές του διαφράγματος,J
J98.8,Άλλες καθορισμένες αναπνευστικές διαταραχές,J
J98.9,"Αναπνευστική διαταραχή, μη καθορισμένη",J
K00,Διαταραχές της ανάπτυξης των οδόντων και της ανατολής,K
K00.0,Ανοδοντία,K
K00.1,Υπεράριθμος οδόντας,K
K00.2,Ανωμαλίες του μεγέθους και του σχήματος των οδόντων,K
K00.3,Στικτοί οδόντες,K
K00.4,Ανωμαλίες της διάπλασης των οδόντων,K
K00.5,"Κληρονομικές ανωμαλίες της δομής των οδόντων, που δεν ταξινομούνται αλλού",K
K00.6,Ανωμαλίες της ανατολής των οδόντων,K
K00.7,Σύνδρομο οδοντοφυΐας [ανατολής οδόντων],K
K00.8,Άλλες διαταραχές της ανάπτυξης των οδόντων,K
K00.9,"Διαταραχή της ανάπτυξης των οδόντων, μη καθορισμένη",K
K01,Εμπεδωμένοι και έγκλειστοι οδόντες,K
K01.0,Εμπεδωμένοι οδόντες (embedded),K
K01.1,Έγκλειστοι οδόντες (impacted),K
K02,Οδοντική τερηδόνα,K
K02.0,Τερηδόνα που περιορίζεται στην αδαμαντίνη,K
K02.1,Τερηδόνα οδοντίνης,K
K02.2,Τερηδόνα οστεΐνης,K
K02.3,Στάσιμη τερηδόνα,K
K02.4,Οδοντοκλασία,K
K02.8,Άλλη οδοντική τερηδόνα,K
K02.9,"Οδοντική τερηδόνα , μη καθορισμένη",K
K03,Άλλα νοσήματα των σκληρών ιστών των οδόντων,K
K03.0,Εκσεσημασμένη αποτριβή των οδόντων,K
K03.1,Αποτριβή των οδόντων,K
K03.2,Διάβρωση των οδόντων,K
K03.3,Παθολογική απορρόφηση των οδόντων,K
K03.4,Υπεροστεΐνωση,K
K03.5,Αγκύλωση των οδόντων,K
K03.6,Εναποθέσεις [συσσώρευση] ουσιών πάνω στους οδόντες,K
K03.7,Αλλαγές του χρώματος των οδοντικών σκληρών ιστών μετά την ανατολή των οδόντων,K
K03.8,Άλλα καθορισμένα νοσήματα των σκληρών ιστών των οδόντων,K
K03.9,"Νόσημα των σκληρών ιστών των οδόντων, μη καθορισμένο",K
K04,Νοσήματα του πολφού και των ακρορριζικών ιστών,K
K04.0,Πολφίτιδα,K
K04.1,Νέκρωση του πολφού,K
K04.2,Εκφύλιση του πολφού,K
K04.3,Ανώμαλος σχηματισμός σκληρού ιστού στον πολφό,K
K04.4,Οξεία ακρορριζική περιοδοντίτιδα πολφικής προέλευσης,K
K04.5,Χρόνια ακρορριζική περιοδοντίτιδα,K
K04.6,Περιακρορριζικό απόστημα με συρίγγιο,K
K04.7,Περιακρορριζικό απόστημα χωρίς συρίγγιο,K
K04.8,Κύστη της ρίζας του οδόντα,K
K04.9,Άλλα και μη καθορισμένα νοσήματα του πολφού και των περιακρορριζικών ιστών,K
K05,Ουλίτιδα και περιοδοντικά νοσήματα,K
K05.0,Οξεία ουλίτιδα,K
K05.1,Χρόνια ουλίτιδα,K
K05.2,Οξεία περιοδοντίτιδα,K
K05.3,Χρόνια περιοδοντίτιδα,K
K05.4,Περιοδόντωση,K
K05.5,Άλλα περιοδοντικά νοσήματα,K
K05.6,Μη καθορισμένα περιοδοντικά νοσήματα,K
K06,Άλλες διαταραχές των ούλων και της νωδής φατνιακής ακρολοφίας,K
K06.0,Ρίκνωση των ούλων,K
K06.1,Διόγκωση των ούλων,K
K06.2,Βλάβες των ούλων και της νωδής φατνιακής ακρολοφίας που σχετίζονται με τραυματισμό,K
K06.8,Άλλες καθορισμένες διαταραχές των ούλων και της νωδής φατνιακής ακρολοφίας,K
K06.9,"Διαταραχή των ούλων και της νωδής φατνιακής ακρολοφίας, μη καθορισμένη",K
K07,Οδοντοπροσωπικές ανωμαλίες [συμπεριλαμβανομένης της ανώμαλης σύγκλεισης],K
K07.0,Μείζονες ανωμαλίες του μεγέθους της γνάθου,K
K07.1,Ανωμαλίες της σχέσης της γνάθου με τη βάση του κρανίου,K
K07.2,Ανωμαλίες της σχέσης των οδοντικών τόξων,K
K07.3,Ανωμαλίες της θέσης των οδόντων,K
K07.4,"Ανώμαλη σύγκλειση, μη καθορισμένη",K
K07.5,Οδοντοπροσωπικές λειτουργικές ανωμαλίες,K
K07.6,Διαταραχές της κροταφογναθικής διάρθρωσης,K
K07.8,Άλλες οδοντοπροσωπικές ανωμαλίες,K
K07.9,"Οδοντοπροσωπική ανωμαλία, μη καθορισμένη",K
K08,Άλλες διαταραχές των οδόντων και των υποστηρικτικών τους ιστών,K
K08.0,Απόπτωση  οδόντων που οφείλεται σε συστηματικά αίτια,K
K08.1,"Απώλεια οδόντων από ατύχημα, εξαγωγή, ή εντοπισμένη περιοδοντική πάθηση",K
K08.2,Ατροφία της νωδής φατνιακής ακρολοφίας,K
K08.3,Κατακράτηση της ρίζας οδόντα,K
K08.8,Άλλες καθορισμένες διαταραχές των οδόντων και των υποστηρικτικών τους ιστών,K
K08.9,"Διαταραχή των οδόντων και των υποστηρικτικών τους ιστών, μη καθορισμένη",K
K09,"Κύστεις της στοματικής χώρας, που δεν ταξινομούνται αλλού",K
K09.0,Οδοντογενείς κύστεις κατά την ανάπτυξη,K
K09.1,Κύστεις της στοματικής χώρας κατά την ανάπτυξη (μη οδοντογενείς),K
K09.2,Άλλες κύστεις των γνάθων,K
K09.8,"Άλλες κύστεις της στοματικής χώρας, που δεν ταξινομούνται αλλού",K
K09.9,"Κύστη της στοματικής χώρας, μη καθορισμένη",K
K10,Άλλα νοσήματα των γνάθων,K
K10.0,Διαταραχές των γνάθων κατά την ανάπτυξη,K
K10.1,"Γιγαντοκυτταρικό κοκκίωμα, κεντρικό",K
K10.2,Φλεγμονώδεις καταστάσεις των γνάθων,K
K10.3,Φατνιΐτιδα των γνάθων,K
K10.8,Άλλα καθορισμένα νοσήματα των γνάθων,K
K10.9,"Νόσημα των γνάθων, μη καθορισμένο",K
K11,Νοσήματα των σιαλογόνων αδένων,K
K11.0,Ατροφία σιαλογόνου αδένα,K
K11.1,Υπερτροφία σιαλογόνου αδένα,K
K11.2,Σιαλαδενίτιδα,K
K11.3,Απόστημα σιαλογόνου αδένα,K
K11.4,Συρίγγιο σιαλογόνου αδένα,K
K11.5,Σιαλολιθίαση,K
K11.6,Βλεννοκήλη σιαλογόνου αδένα,K
K11.7,Διαταραχές της έκκρισης των σιαλογόνων αδένων,K
K11.8,Άλλα νοσήματα των σιαλογόνων αδένων,K
K11.9,"Νόσημα σιαλογόνου αδένα, μη καθορισμένο",K
K12,Στοματίτιδα και σχετιζόμενες βλάβες,K
K12.0,Υποτροπιάζουσες στοματικές άφθες,K
K12.1,Άλλες μορφές στοματίτιδας,K
K12.2,Κυτταρίτιδα και απόστημα στόματος,K
K13,Άλλες διαταραχές των χειλέων και του στοματικού βλεννογόνου,K
K13.0,Νοσήματα των χειλέων,K
K13.1,Δήξη της παρειάς και των χειλέων,K
K13.2,"Λευκοπλακία και άλλες ανωμαλίες του στοματικού επιθηλίου, συμπεριλαμβανομένης της γλώσσας",K
K13.3,Τριχωτή λευκοπλακία,K
K13.4,Κοκκίωμα και κοκκιωματώδεις βλάβες του στοματικού βλεννογόνου,K
K13.5,Στοματική υποβλεννογόνια ίνωση,K
K13.6,Υπερπλασία του στοματικού βλεννογόνου από ερεθισμό,K
K13.7,Άλλες και μη καθορισμένες βλάβες του στοματικού βλεννογόνου,K
K14,Νοσήματα της γλώσσας,K
K14.0,Γλωσσίτιδα,K
K14.1,Γεωγραφική γλώσσα,K
K14.2,Μέση ρομβοειδής γλωσσίτιδα,K
K14.3,Υπερτροφία των γλωσσικών θηλών,K
K14.4,Ατροφία των γλωσσικών θηλών,K
K14.5,Πτυχωτή γλώσσα,K
K14.6,Γλωσσοδυνία,K
K14.8,Άλλα νοσήματα της γλώσσας,K
K14.9,"Νόσημα της γλώσσας, μη καθορισμένο",K
K20,Οισοφαγίτιδα,K
K21,Γαστροοισοφαγική παλινδρόμηση,K
K21.0,Γαστροοισοφαγική παλινδρόμηση με οισοφαγίτιδα,K
K21.9,Γαστροοισοφαγική παλινδρόμηση χωρίς οισοφαγίτιδα,K
K22,Άλλα νοσήματα του οισοφάγου,K
K22.0,Αχαλασία του καρδιακού σφιγκτήρα,K
K22.1,Έλκος του οισοφάγου,K
K22.2,Απόφραξη του οισοφάγου,K
K22.3,Διάτρηση οισοφάγου,K
K22.4,Δυσκινησία του οισοφάγου,K
K22.5,"Εκκόλπωμα του οισοφάγου, επίκτητο",K
K22.6,Σύνδρομο γαστροοισοφαγικής ρήξης - αιμορραγίας,K
K22.7,Οισοφάγος του Βarrett,K
K22.8,Άλλα καθορισμένα νοσήματα του οισοφάγου,K
K22.9,"Νόσημα του οισοφάγου, μη καθορισμένο",K
K25,Γαστρικό έλκος,K
K26,Δωδεκαδακτυλικό έλκος,K
K27,"Πεπτικό έλκος, μη καθορισμένης εντόπισης",K
K28,Γαστρονηστιδικό έλκος,K
K29,Γαστρίτιδα και δωδεκαδακτυλίτιδα,K
K29.0,Οξεία αιμορραγική γαστρίτιδα,K
K29.1,Άλλη οξεία γαστρίτιδα,K
K29.2,Αλκοολική γαστρίτιδα,K
K29.3,Χρόνια επιπολής γαστρίτιδα,K
K29.4,Χρόνια ατροφική γαστρίτιδα,K
K29.5,"Χρόνια γαστρίτιδα, μη καθορισμένη",K
K29.6,Άλλη γαστρίτιδα,K
K29.7,Γαστρίτιδα μη καθορισμένη,K
K29.8,Δωδεκαδακτυλίτιδα,K
K29.9,"Γαστροδωδεκαδακτυλίτιδα, μη καθορισμένη",K
K30,Δυσπεψία,K
K31,Άλλα νοσήματα του στομάχου και του δωδεκαδακτύλου,K
K31.0,Οξεία διαστολή του στομάχου,K
K31.1,Υπερτροφική πυλωρική στένωση των ενηλίκων,K
K31.2,Κλεψυδροειδής στένωση του στομάχου,K
K31.3,"Πυλωρόσπασμος, που δεν ταξινομείται αλλού",K
K31.4,Γαστρικό εκκόλπωμα,K
K31.5,Απόφραξη δωδεκαδακτύλου,K
K31.6,Συρίγγιο του στομάχου και του δωδεκαδακτύλου,K
K31.7,Πολύποδας του στομάχου και του δωδεκαδακτύλου,K
K31.8,Άλλα καθορισμένα νοσήματα του στομάχου και του δωδεκαδακτύλου,K
K31.9,"Νόσημα του στομάχου και του δωδεκαδακτύλου, μη καθορισμένο",K
K35,Οξεία σκωληκοειδίτιδα,K
K35.0,Οξεία σκωληκοειδίτιδα με γενικευμένη περιτονίτιδα,K
K35.1,Οξεία σκωληκοειδίτιδα με περιτοναϊκό απόστημα,K
K35.9,Οξεία σκωληκοειδίτιδα μη καθορισμένη,K
K36,Άλλες μορφές σκωληκοειδίτιδας,K
K37,"Σκωληκοειδίτιδα, μη καθορισμένη",K
K38,Άλλα νοσήματα της σκωληκοειδούς απόφυσης,K
K38.0,Υπερπλασία της σκωληκοειδούς απόφυσης,K
K38.1,Σκωληκοειδή συγκρίματα,K
K38.2,Εκκόλπωμα της σκωληκοειδούς απόφυσης,K
K38.3,Συρίγγιο της σκωληκοειδούς απόφυσης,K
K38.8,Άλλα καθορισμένα νοσήματα της σκωληκοειδούς απόφυσης,K
K38.9,"Νόσημα της σκωληκοειδούς απόφυσης, μη καθορισμένο",K
K40,Βουβωνοκήλη,K
K40.0,"Αμφοτερόπλευρη βουβωνοκήλη, με απόφραξη, χωρίς γάγγραινα",K
K40.1,"Αμφοτερόπλευρη βουβωνοκήλη, με γάγγραινα",K
K40.2,"Αμφοτερόπλευρη βουβωνοκήλη, χωρίς απόφραξη ή γάγγραινα",K
K40.3,"Ετερόπλευρη ή μη καθορισμένη βουβωνοκήλη, με απόφραξη, χωρίς γάγγραινα",K
K40.4,"Ετερόπλευρη ή μη καθορισμένη βουβωνοκήλη, με γάγγραινα",K
K40.9,"Ετεροπλευρη ή μη καθορισμένη βουβωνοκήλη, χωρίς απόφραξη ή γάγγραινα",K
K41,Μηροκήλη,K
K41.0,"Αμφοτερόπλευρη μηροκήλη, με απόφραξη, χωρίς γάγγραινα",K
K41.1,"Αμφοτερόπλευρη μηροκήλη, με γάγγραινα",K
K41.2,"Αμφοτερόπλευρη μηροκήλη, χωρίς απόφραξη ή γάγγραινα",K
K41.3,"Ετερόπλευρη ή μη καθορισμένη μηροκήλη, με απόφραξη, χωρίς γάγγραινα",K
K41.4,"Ετερόπλευρη ή μη καθορισμένη μηροκήλη, με γάγγραινα",K
K41.9,"Ετερόπλευρη ή μη καθορισμένη μηροκήλη, χωρίς απόφραξη ή γάγγραινα",K
K42,Ομφαλοκήλη,K
K42.0,"Ομφαλοκήλη, με απόφραξη, χωρίς γάγγραινα",K
K42.1,Ομφαλοκήλη με γάγγραινα,K
K42.9,Ομφαλοκήλη χωρίς απόφραξη ή γάγγραινα,K
K43,Κοιλιοκήλη,K
K43.0,"Κοιλιοκήλη με απόφραξη, χωρίς γάγγραινα",K
K43.1,Κοιλιοκήλη με γάγγραινα,K
K43.9,Κοιλιοκήλη χωρίς απόφραξη ή γάγγραινα,K
K44,Διαφραγματοκήλη,K
K44.0,"Διαφραγματοκήλη με απόφραξη, χωρίς γάγγραινα",K
K44.1,Διαφραγματοκήλη με γάγγραινα,K
K44.9,Διαφραγματοκήλη χωρίς απόφραξη ή γάγγραινα,K
K45,Άλλες κοιλιοκήλες,K
K45.0,"Άλλη καθορισμένη κοιλιοκήλη με απόφραξη, χωρίς γάγγραινα",K
K45.1,Άλλη καθορισμένη κοιλιοκήλη με γάγγραινα,K
K45.8,Άλλη καθορισμένη κοιλιοκήλη χωρίς απόφραξη ή γάγγραινα,K
K46,Μη καθορισμένη κοιλιοκήλη,K
K46.0,"Μη καθορισμένη κοιλιοκήλη με απόφραξη, χωρίς γάγγραινα",K
K46.1,Μη καθορισμένη κοιλιοκήλη με γάγγραινα,K
K46.9,Μη καθορισμένη κοιλιοκήλη χωρίς απόφραξη ή γάγγραινα,K
K50,Νόσος του Crohn [τοπική εντερίτιδα],K
K50.0,Νόσος του Crohn του λεπτού εντέρου,K
K50.1,Νόσος του Crohn του παχέος εντέρου,K
K50.8,Άλλη νόσος του Crohn,K
K50.9,Μη καθορισμένη νόσος του Crohn,K
K51,Ελκώδης κολίτιδα,K
K51.0,Ελκώδης (χρόνια) εντεροκολίτιδα,K
K51.1,Ελκώδης (χρόνια) ειλεοκολίτιδα,K
K51.2,Ελκώδης (χρόνια) πρωκτίτιδα,K
K51.3,Ελκώδης (χρόνια) ορθοσιγμοειδίτιδα,K
K51.4,Ψευδοπολυποδίαση του κόλου,K
K51.5,Βλεννογόνια πρωκτοκολίτιδα,K
K51.8,Άλλη ελκώδης κολίτιδα,K
K51.9,"Ελκώδης κολίτιδα, μη καθορισμένη",K
K52,Άλλη μη λοιμώδης γαστρεντερίτιδα και κολίτιδα,K
K52.0,Γαστρεντερίτιδα και κολίτιδα από ακτινοβολία,K
K52.1,Τοξική γαστρεντερίτιδα και κολίτιδα,K
K52.2,Αλλεργική και διαιτητική γαστρεντερίτιδα και κολίτιδα,K
K52.8,Άλλη καθορισμένη μη λοιμώδης γαστρεντερίτιδα και κολίτιδα,K
K52.9,"Μη λοιμώδης γαστρεντερίτιδα και κολίτιδα, μη καθορισμένη",K
K55,Αγγειακές διαταραχές του εντέρου,K
K55.0,Οξείες αγγειακές διαταραχές του εντέρου,K
K55.1,Χρόνιες αγγειακές διαταραχές του εντέρου,K
K55.2,Αγγειοδυσπλασία του κόλου,K
K55.8,Άλλες αγγειακές διαταραχές του εντέρου,K
K55.9,"Αγγειακή διαταραχή του εντέρου, μη καθορισμένη",K
K56,Παραλυτικός ειλεός και εντερική απόφραξη χωρίς κήλη,K
K56.0,Παραλυτικός ειλεός,K
K56.1,Εγκολεασμός,K
K56.2,Συστροφή,K
K56.3,Ειλεός από χολόλιθο,K
K56.4,Άλλη ενσφήνωση του εντέρου,K
K56.5,Εντερικές συμφύσεις με απόφραξη,K
K56.6,Άλλη και μη καθορισμένη απόφραξη του εντέρου,K
K56.7,Ειλεός μη καθορισμένος,K
K57,Εκκολπωματική νόσος του εντέρου,K
K57.0,Εκκολπωματική νόσος του λεπτού εντέρου με διάτρηση και απόστημα,K
K57.1,Εκκολπωματική νόσος του λεπτού εντέρου χωρίς διάτρηση ή απόστημα,K
K57.2,Εκκολπωματική νόσος του παχέος εντέρου με διάτρηση και απόστημα,K
K57.3,Εκκολπωματική νόσος του παχέος εντέρου χωρίς διάτρηση ή απόστημα,K
K57.4,Εκκολπωματική νόσος του λεπτού και παχέος εντέρου με διάτρηση και απόστημα,K
K57.5,Εκκολπωματική νόσος του λεπτού και παχέος εντέρου χωρίς διάτρηση ή απόστημα,K
K57.8,"Εκκολπωματική νόσος του εντέρου, μη καθορισμένου τμήματος, με διάτρηση και απόστημα",K
K57.9,"Εκκολπωματική νόσος του εντέρου,  μη καθορισμένου τμήματος, χωρίς διάτρηση ή απόστημα",K
K58,Σύνδρομο ευερέθιστου εντέρου,K
K58.0,Σύνδρομο ευερέθιστου εντέρου με διάρροια,K
K58.9,Σύνδρομο ευερέθιστου εντέρου χωρίς διάρροια,K
K59,Άλλες λειτουργικές διαταραχές του εντέρου,K
K59.0,Δυσκοιλιότητα,K
K59.1,Λειτουργική διάρροια,K
K59.2,"Νευρογενές έντερο, που δεν ταξινομείται αλλού",K
K59.3,"Μεγάκολο, που δεν ταξινομείται αλλού",K
K59.4,Σπασμός του πρωκτού,K
K59.8,Άλλες καθορισμένες λειτουργικές διαταραχές του εντέρου,K
K59.9,"Λειτουργική διαταραχή του εντέρου, μη καθορισμένη",K
K60,Ραγάδα και συρίγγιο της ορθοπρωκτικής χώρας,K
K60.0,Οξεία ραγάδα του πρωκτού,K
K60.1,Χρόνια ραγάδα του πρωκτού,K
K60.2,"Ραγάδα του πρωκτού, μη καθορισμένη",K
K60.3,Πρωκτικό συρίγγιο,K
K60.4,Ορθικό συρίγγιο,K
K60.5,Ορθοπρωκτικό συρίγγιο,K
K61,Απόστημα της ορθοπρωκτικής χώρας,K
K61.0,Πρωκτικό απόστημα,K
K61.1,Ορθικό απόστημα,K
K61.2,Ορθοπρωκτικό απόστημα,K
K61.3,Ορθοϊσχιακό απόστημα,K
K61.4,Ενδοσφιγκτηριακό απόστημα,K
K62,Άλλα νοσήματα του πρωκτού και του ορθού,K
K62.0,Πρωκτικός πολύποδας,K
K62.1,Ορθικός πολύποδας,K
K62.2,Πρόπτωση του πρωκτού,K
K62.3,Πρόπτωση του ορθού,K
K62.4,Στένωση του πρωκτού και του ορθού,K
K62.5,Αιμορραγία του πρωκτού και του ορθού,K
K62.6,Έλκη του πρωκτού και του ορθού,K
K62.7,Πρωκτίτιδα από ακτινοβολία,K
K62.8,Άλλα καθορισμένα νοσήματα του πρωκτού και του ορθού,K
K62.9,"Νόσημα του πρωκτού και του ορθού, μη καθορισμένο",K
K63,Άλλα νοσήματα του εντέρου,K
K63.0,Απόστημα του εντέρου,K
K63.1,Διάτρηση του εντέρου (μη τραυματική),K
K63.2,Συρίγγιο του εντέρου,K
K63.3,Έλκη εντέρου,K
K63.4,Εντερόπτωση,K
K63.5,Πολύποδας κόλου,K
K63.8,Άλλα καθορισμένα νοσήματα του εντέρου,K
K63.9,"Νόσημα του εντέρου, μη καθορισμένο",K
K65,Περιτονίτιδα,K
K65.0,Οξεία περιτονίτιδα,K
K65.8,Άλλες περιτονίτιδες,K
K65.9,"Περιτονίτιδα, μη καθορισμένη",K
K66,Άλλες διαταραχές του περιτοναίου,K
K66.0,Περιτοναϊκές συμφύσεις,K
K66.1,Αιμοπεριτόναιο,K
K66.8,Άλλες καθορισμένες διαταραχές του περιτοναίου,K
K66.9,"Διαταραχή του περιτοναίου, μη καθορισμένη",K
K70,Αλκοολική ηπατοπάθεια,K
K70.0,Αλκοολικό λιπώδες ήπαρ,K
K70.1,Αλκοολική ηπατίτιδα,K
K70.2,Αλκοολική ίνωση και σκλήρωση του ήπατος,K
K70.3,Αλκοολική κίρρωση του ήπατος,K
K70.4,Αλκοολική ηπατική ανεπάρκεια,K
K70.9,"Αλκοολική ηπατοπάθεια, μη καθορισμένη",K
K71,Τοξική ηπατοπάθεια,K
K71.0,Τοξική ηπατοπάθεια με χολόσταση,K
K71.1,Τοξική ηπατοπάθεια με ηπατική νέκρωση,K
K71.2,Τοξική ηπατοπάθεια με οξεία ηπατίτιδα,K
K71.3,Τοξική ηπατοπάθεια με χρόνια εμμένουσα ηπατίτιδα,K
K71.4,Τοξική ηπατοπάθεια με χρόνια λοβώδη ηπατίτιδα,K
K71.5,Τοξική ηπατοπάθεια με χρόνια ενεργό ηπατίτιδα,K
K71.6,"Τοξική ηπατοπάθεια με ηπατίτιδα, που δεν ταξινομείται αλλού",K
K71.7,Τοξική ηπατοπάθεια με ίνωση και κίρρωση του ήπατος,K
K71.8,Τοξική ηπατοπάθεια με άλλες διαταραχές του ήπατος,K
K71.9,"Τοξική ηπατοπάθεια, μη καθορισμένη",K
K72,"Ηπατική ανεπάρκεια, που δεν ταξινομείται αλλού",K
K72.0,Οξεία και υποξεία ηπατική ανεπάρκεια,K
K72.1,Χρόνια ηπατική ανεπάρκεια,K
K72.9,"Ηπατική ανεπάρκεια, μη καθορισμένη",K
K73,"Χρόνια ηπατίτιδα, που δεν ταξινομείται αλλού",K
K73.0,"Χρόνια εμμένουσα ηπατίτιδα, που δεν ταξινομείται αλλού",K
K73.1,"Χρόνια λοβώδης ηπατίτιδα, που δεν ταξινομείται αλλού",K
K73.2,"Χρόνια ενεργός ηπατίτιδα, που δεν ταξινομείται αλλού",K
K73.8,"Άλλη χρόνια ηπατίτιδα, που δεν ταξινομείται αλλού",K
K73.9,"Χρόνια ηπατίτιδα, μη καθορισμένη",K
K74,Ίνωση και κίρρωση του ήπατος,K
K74.0,Ηπατική ίνωση,K
K74.1,Ηπατική σκλήρωση,K
K74.2,Ηπατική ίνωση με ηπατική σκλήρωση,K
K74.3,Πρωτοπαθής χολική κίρρωση,K
K74.4,Δευτεροπαθής χολική κίρρωση,K
K74.5,"Χολική κίρρωση, μη καθορισμένη",K
K74.6,Άλλη και μη καθορισμένη κίρρωση του ήπατος,K
K75,Άλλες φλεγμονώδεις ηπατοπάθειες,K
K75.0,Απόστημα ήπατος,K
K75.1,Φλεβίτιδα της πυλαίας φλέβας,K
K75.2,Μη ειδική αντιδραστική ηπατίτιδα,K
K75.3,"Κοκκιωματώδης ηπατίτιδα, που δεν ταξινομείται αλλού",K
K75.4,Αυτοάνοση ηπατίτιδα,K
K75.8,Άλλες καθορισμένες φλεγμονώδεις ηπατοπάθειες,K
K75.9,"Φλεγμονώδης ηπατοπάθεια, μη καθορισμένη",K
K76,Άλλα νοσήματα του ήπατος,K
K76.0,"Λιπώδες ήπαρ, που δεν ταξινομείται αλλού",K
K76.1,Χρόνια παθητική συμφόρηση του ήπατος,K
K76.2,Κεντρική αιμορραγική νέκρωση του ήπατος,K
K76.3,Ηπατικό έμφρακτο,K
K76.4,Ηπατική πελίωση,K
K76.5,Αποφρακτική νόσος των ηπατικών φλεβών,K
K76.6,Πυλαία υπέρταση,K
K76.7,Ηπατονεφρικό σύνδρομο,K
K76.8,Άλλες καθορισμένες ηπατοπάθειες,K
K76.9,"Ηπατοπάθεια, μη καθορισμένη",K
K80,Χολολιθίαση,K
K80.0,Λίθος της χοληδόχου κύστης με οξεία χολοκυστίτιδα,K
K80.1,Λίθος της χοληδόχου κύστης με άλλες μορφές χολοκυστίτιδας,K
K80.2,Λίθοι της χοληδόχου κύστης χωρίς χολοκυστίτιδα,K
K80.3,Λίθος χοληφόρου πόρου με χολαγγειΐτιδα,K
K80.4,Λίθος χοληφόρου πόρου με χολοκυστίτιδα,K
K80.5,Λίθος χοληφόρου πόρου χωρίς χολαγγειΐτιδα ή χολοκυστίτιδα,K
K80.8,Άλλη χολολιθίαση,K
K81,Χολοκυστίτιδα,K
K81.0,Οξεία χολοκυστίτιδα,K
K81.1,Χρόνια χολοκυστίτιδα,K
K81.8,Άλλη χολοκυστίτιδα,K
K81.9,"Χολοκυστίτιδα, μη καθορισμένη",K
K82,Άλλα νοσήματα της χοληδόχου κύστης,K
K82.0,Απόφραξη της χοληδόχου κύστης,K
K82.1,Ύδρωπας της χοληδόχου κύστης,K
K82.2,Διάτρηση της χοληδόχου κύστης,K
K82.3,Συρίγγιο της χοληδόχου κύστης,K
K82.4,Χοληστερόλωση της χοληδόχου κύστης,K
K82.8,Άλλα καθορισμένα νοσήματα της χοληδόχου κύστης,K
K82.9,"Νόσημα της χοληδόχου κύστης, μη καθορισμένο",K
K83,Άλλα νοσήματα των χοληφόρων οδών,K
K83.0,Χολαγγειΐτιδα,K
K83.1,Απόφραξη του χοληφόρου πόρου,K
K83.2,Διάτρηση του χοληφόρου πόρου,K
K83.3,Συρίγγιο του χοληφόρου πόρου,K
K83.4,Σπασμός του σφιγκτήρα του Oddi,K
K83.5,Κύστη του χοληφόρου πόρου,K
K83.8,Άλλα καθορισμένα νοσήματα των χοληφόρων οδών,K
K83.9,"Νόσημα της χοληφόρου οδού, μη καθορισμένο",K
K85,Οξεία παγκρεατίτιδα,K
K85.0,Ιδιοπαθής οξεία παγκρεατίτιδα,K
K85.1,Χολική οξεία παγκρεατίτιδα,K
K85.2,Οξεία παγκρεατίτιδα οφειλόμενη στο οινόπνευμα,K
K85.3,Φαρμακευτική οξεία παγκρεατίτιδα,K
K85.8,Άλλη οξεία παγκρεατίτιδα,K
K85.9,"Οξεία παγκρεατίτιδα, μη καθορισμένη",K
K86,Άλλα νοσήματα του παγκρέατος,K
K86.0,Χρόνια παγκρεατίτιδα οφειλόμενη στο οινόπνευμα,K
K86.1,Άλλες μορφές χρόνιας παγκρεατίτιδας,K
K86.2,Κύστη του παγκρέατος,K
K86.3,Ψευδοκύστη του παγκρέατος,K
K86.8,Άλλα καθορισμένα νοσήματα του παγκρέατος,K
K86.9,"Νόσημα του παγκρέατος, μη καθορισμένο",K
K90,Εντερική δυσαπορρόφηση,K
K90.0,Κοιλιοκάκη,K
K90.1,Τροπικό sprue  [ιδιοπαθής στεατόρροια],K
K90.2,"Σύνδρομο τυφλής έλικας, που δεν ταξινομείται αλλού",K
K90.3,Παγκρεατική στεατόρροια,K
K90.4,"Δυσαπορρόφηση οφειλόμενη σε δυσανεξία, που δεν ταξινομείται αλλού",K
K90.8,Άλλη εντερική δυσαπορρόφηση,K
K90.9,"Εντερική δυσαπορρόφηση, μη καθορισμένη",K
K91,"Διαταραχές του πεπτικού συστήματος μετά από ιατρικές επεμβάσεις, που δεν ταξινομούνται αλλού",K
K91.0,Έμετοι μετά από εγχείρηση στο γαστρεντερικό σύστημα,K
K91.1,Σύνδρομα μετά από επεμβάσεις στον στόμαχο,K
K91.2,"Μετεγχειρητική δυσαπορρόφηση, που δεν ταξινομείται αλλού",K
K91.3,Μετεγχειρητική απόφραξη του εντέρου,K
K91.4,Δυσλειτουργία της κολοστομίας και της εντεροστομίας,K
K91.5,Σύνδρομο μετά από χολοκυστεκτομή,K
K91.8,"Άλλες μετεπεμβατικές διαταραχές του πεπτικού συστήματος,  που δεν ταξινομούνται αλλού",K
K91.9,"Μετεπεμβατική διαταραχή του πεπτικού συστήματος, μη καθορισμένη",K
K92,Άλλα νοσήματα του πεπτικού συστήματος,K
K92.0,Αιματέμεση,K
K92.1,Μέλαινα,K
K92.2,"Γαστρεντερική αιμορραγία, μη καθορισμένη",K
K92.8,Άλλα καθορισμένα νοσήματα  του πεπτικού συστήματος,K
K92.9,"Νόσημα του πεπτικού συστήματος, μη καθορισμένο",K
K93.8,Διαταραχές άλλων καθορισμένων οργάνων του πεπτικού συστήματος σε νοσήματα που ταξινομούνται αλλού,K
L00,Σύνδρομο σταφυλοκοκκικής επιδερμικής νεκρόλυσης,L
L01,Μολυσματικό κηρίο,L
L01.0,Μολυσματικό κηρίο [οποιοσδήποτε μικροοργανισμός] [οποιαδήποτε εντόπιση],L
L01.1,Κηριοποίηση άλλων δερματοπαθειών,L
L02,"Δερματικό απόστημα, δοθιήνας και ψευδάνθρακας",L
L02.0,"Δερματικό απόστημα, δοθιήνας και ψευδάνθρακας του προσώπου",L
L02.1,"Δερματικό απόστημα, δοθιήνας και ψευδάνθρακας του τραχήλου",L
L02.2,"Δερματικό απόστημα, δοθιήνας και ψευδάνθρακας του κορμού",L
L02.3,"Δερματικό απόστημα, δοθιήνας και ψευδάνθρακας των γλουτών",L
L02.4,"Δερματικό απόστημα, δοθιήνας και ψευδάνθρακας των άκρων",L
L02.8,"Δερματικό απόστημα, δοθιήνας και ψευδάνθρακας άλλων εντοπίσεων",L
L02.9,"Δερματικό απόστημα, δοθιήνας και ψευδάνθρακας, μη καθορισμένο",L
L03,Κυτταρίτιδα,L
L03.0,Κυτταρίτιδα των δακτύλων του άνω και κάτω άκρου,L
L03.1,Κυτταρίτιδα άλλων τμημάτων των άκρων,L
L03.2,Κυτταρίτιδα του προσώπου,L
L03.3,Κυτταρίτιδα του κορμού,L
L03.8,Κυτταρίτιδα άλλων εντοπίσεων,L
L03.9,"Κυτταρίτιδα, μη καθορισμένη",L
L04,Οξεία λεμφαδενίτιδα,L
L04.0,"Οξεία λεμφαδενίτιδα του προσώπου, κεφαλής και τραχήλου",L
L04.1,Οξεία λεμφαδενίτιδα του κορμού,L
L04.2,Οξεία λεμφαδενίτιδα του άνω άκρου,L
L04.3,Οξεία λεμφαδενίτιδα του κάτω άκρου,L
L04.8,Οξεία λεμφαδενίτιδα άλλων εντοπίσεων,L
L04.9,"Οξεία λεμφαδενίτιδα, μη καθορισμένη",L
L05,Δερμοειδής κύστη,L
L05.0,Δερμοειδής κύστη με απόστημα,L
L05.9,Δερμοειδής κύστη χωρίς απόστημα,L
L08,Άλλες τοπικές λοιμώξεις του δέρματος και του υποδόριου ιστού,L
L08.0,Πυόδερμα,L
L08.1,Ερύθρασμα,L
L08.8,Άλλες καθορισμένες τοπικές λοιμώξεις του δέρματος και του υποδόριου ιστού,L
L08.9,"Τοπική λοίμωξη του δέματος και του υποδόριου ιστού, μη καθορισμένη",L
L10,Πέμφιγα,L
L10.0,Πέμφιγα κοινή,L
L10.1,Πέμφιγα βλαστική,L
L10.2,Πέμφιγα φυλλώδης,L
L10.3,Βραζιλιανή πέμφιγα (τροπική) [fogo selvagem],L
L10.4,Πέμφιγα ερυθηματώδης,L
L10.5,Πέμφιγα φαρμακευτικής αιτιολογίας,L
L10.8,Άλλη πέμφιγα,L
L10.9,"Πέμφιγα, μη καθορισμένη",L
L11,Άλλες ακανθολυτικές δερματοπάθειες,L
L11.0,Επίκτητη θυλακική υπερκεράτωση,L
L11.1,Παροδική ακανθολυτική δερματοπάθεια [Grover],L
L11.8,Άλλες καθορισμένες ακανθολυτικές διαταραχές,L
L11.9,"Ακανθολυτική διαταραχή, μη καθορισμένη",L
L12,Πεμφιγοειδές,L
L12.0,Πομφολυγώδες πεμφιγοειδές,L
L12.1,Ουλωτικό πεμφιγοειδές,L
L12.2,Χρόνια πομφολυγώδης νόσος της παιδικής ηλικίας,L
L12.3,Επίκτητη πομφολυγώδης επιδερμόλυση,L
L12.8,Άλλες μορφές πεμφιγοειδούς,L
L12.9,"Πεμφιγοειδές, μη καθορισμένο",L
L13,Άλλες πομφολυγώδεις δερματοπάθειες,L
L13.0,Ερπητοειδής δερματίτιδα,L
L13.1,Υποκεράτιος φλυκταινώδης δερματίτιδα,L
L13.8,Άλλες καθορισμένες πομφολυγώδεις δερματοπάθειες,L
L13.9,"Πομφολυγώδης δερματοπάθεια, μη καθορισμένη",L
L20,Ατοπική δερματίτιδα,L
L20.0,Κνήφη του Besnier,L
L20.8,Άλλη ατοπική δερματίτιδα,L
L20.9,"Ατοπική δερματίτιδα, μη καθορισμένη",L
L21,Σμηγματορροϊκή δερματίτιδα,L
L21.0,Σμηγματόρροια του τριχωτού της κεφαλής των νεογνών,L
L21.1,Σμηγματορροϊκή δερματίτιδα της βρεφικής ηλικίας,L
L21.8,Άλλη σμηγματορροϊκή δερματίτιδα,L
L21.9,"Σμηγματορροϊκή δερματίτιδα, μη καθορισμένη",L
L22,Δερματίτιδα από σπάργανα [πάνα],L
L23,Αλλεργική δερματίτιδα εξ επαφής,L
L23.0,Αλλεργική δερματίτιδα εξ επαφής με μέταλλα,L
L23.1,Αλλεργική δερματίτιδα εξ επαφής που οφείλεται σε κόλλες,L
L23.2,Αλλεργική δερματίτιδα εξ επαφής που οφείλεται σε καλλυντικά,L
L23.3,Αλλεργική δερματίτιδα εξ επαφής που οφείλεται σε φάρμακα που έρχονται σε επαφή με το δέρμα,L
L23.4,Αλλεργική δερματίτιδα εξ επαφής που οφείλεται σε βαφές,L
L23.5,Αλλεργική δερματίτιδα εξ επαφής που οφείλεται σε άλλα χημικά προϊόντα,L
L23.6,Αλλεργική δερματίτιδα εξ επαφής που οφείλεται σε τροφή που έρχεται σε επαφή με το δέρμα,L
L23.7,"Αλλεργική δερματίτιδα εξ επαφής που οφείλεται σε φυτά, εκτός από τρόφιμα",L
L23.8,Αλλεργική δερματίτιδα εξ επαφής που οφείλεται σε άλλους παράγοντες,L
L23.9,"Αλλεργική δερματίτιδα εξ επαφής, μη καθορισμένης αιτίας",L
L24,Ερεθιστική δερματίτιδα εξ επαφής,L
L24.0,Ερεθιστική δερματίτιδα εξ επαφής που οφείλεται σε απορρυπαντικά,L
L24.1,Ερεθιστική δερματίτιδα εξ επαφής που οφείλεται σε έλαια και λίπη,L
L24.2,Ερεθιστική δερματίτιδα εξ επαφής που οφείλεται σε διαλύτες,L
L24.3,Ερεθιστική δερματίτιδα εξ επαφής που οφείλεται σε καλλυντικά,L
L24.4,Ερεθιστική δερματίτιδα εξ επαφής που οφείλεται σε φάρμακα που έρχονται σε επαφή με το δέρμα,L
L24.5,Ερεθιστική δερματίτιδα εξ επαφής που οφείλεται σε άλλα χημικά προϊόντα,L
L24.6,Ερεθιστική δερματίτιδα εξ επαφής που οφείλεται σε τροφή που έρχεται σε επαφή με το δέρμα,L
L24.7,"Ερεθιστική δερματίτιδα εξ επαφής που οφείλεται σε φυτά, εκτός από τρόφιμα",L
L24.8,Ερεθιστική δερματίτιδα εξ επαφής που οφείλεται σε άλλους παράγοντες,L
L24.9,"Ερεθιστική δερματίτιδα εξ επαφής, μη καθορισμένης αιτίας",L
L25,Μη καθορισμένη δερματίτιδα εξ επαφής,L
L25.0,Μη καθορισμένη δερματίτιδα εξ επαφής που οφείλεται σε καλλυντικά,L
L25.1,Μη καθορισμένη δερματίτιδα εξ επαφής που οφείλεται σε φάρμακα που έρχονται σε επαφή με το δέρμα,L
L25.2,Μη καθορισμένη δερματίτιδα εξ επαφής που οφείλεται σε βαφές,L
L25.3,Μη καθορισμένη δερματίτιδα εξ επαφής που οφείλεται σε άλλα χημικά προϊόντα,L
L25.4,Μη καθορισμένη δερματίτιδα εξ επαφής που οφείλεται σε τροφή που έρχεται σε επαφή με το δέρμα,L
L25.5,"Μη καθορισμένη δερματίτιδα εξ επαφής που οφείλεται σε φυτά, εκτός από τρόφιμα",L
L25.8,Μη καθορισμένη δερματίτιδα εξ επαφής που οφείλεται σε άλλους παράγοντες,L
L25.9,"Μη καθορισμένη δερματίτιδα εξ επαφής, μη καθορισμένης αιτίας",L
L26,Αποφολιδωτική δερματίτιδα,L
L27,Δερματίτιδα που οφείλεται σε ουσίες που λαμβάνονται εσωτερικά,L
L27.0,Γενικευμένο δερματικό εξάνθημα που οφείλεται σε φάρμακα και φαρμακευτικές ουσίες,L
L27.1,Εντοπισμένο δερματικό εξάνθημα από φάρμακα και φαρμακευτικές ουσίες,L
L27.2,Δερματίτιδα που οφείλεται σε βρώση τροφής,L
L27.8,Δερματίτιδα που οφείλεται σε άλλες ουσίες που λαμβάνονται εσωτερικά,L
L27.9,Δερματίτιδα που οφείλεται σε μη καθορισμένη ουσία που λαμβάνεται εσωτερικά,L
L28,Χρόνιος απλός λειχήνας και κνήφη,L
L28.0,Χρόνιος απλός λειχήνας,L
L28.1,Οζώδης κνήφη,L
L28.2,Άλλη κνήφη,L
L29,Κνησμός,L
L29.0,Κνησμός του πρωκτού,L
L29.1,Κνησμός του οσχέου,L
L29.2,Κνησμός του αιδοίου,L
L29.3,"Πρωκτογεννητικός κνησμός, μη καθορισμένος",L
L29.8,Άλλες μορφές κνησμού,L
L29.9,"Κνησμός, μη καθορισμένος",L
L30,Άλλη δερματίτιδα,L
L30.0,Νομισματοειδές έκζεμα,L
L30.1,Δυσιδρωσία [δυσιδρωσικό έκζεμα],L
L30.2,Δερματική αυτοευαισθητοποίηση,L
L30.3,Δερματίτιδα από λοιμώδη παράγοντα,L
L30.4,Ερύθημα παράτριμμα,L
L30.5,Λευκή πιτυρίαση,L
L30.8,Άλλη καθορισμένη δερματίτιδα,L
L30.9,"Δερματίτιδα, μη καθορισμένη",L
L40,Ψωρίαση,L
L40.0,Κοινή ψωρίαση,L
L40.1,Γενικευμένη φλυκαταινώδης ψωρίαση,L
L40.2,Ακροδερματίτιδα συνεχής,L
L40.3,Φλυκταίνωση παλαμών και πελμάτων,L
L40.4,Σταγονοειδής ψωρίαση,L
L40.8,Άλλη ψωρίαση,L
L40.9,"Ψωρίαση, μη καθορισμένη",L
L41,Παραψωρίαση,L
L41.0,Οξεία λειχηνοειδής και ευλογιοειδής πιτυρίαση,L
L41.1,Χρόνια λειχηνοειδής πιτυρίαση,L
L41.2,Λεμφωματοειδής βλατίδωση,L
L41.3,Παραψωρίαση κατά μικρές πλάκες,L
L41.4,Παραψωρίαση κατά μεγάλες πλάκες,L
L41.5,Ποικιλοδερματική παραψωρίαση,L
L41.8,Άλλη παραψωρίαση,L
L41.9,"Παραψωρίαση, μη καθορισμένη",L
L42,Ροδόχρους πιτυρίαση,L
L43,Ομαλός λειχήνας,L
L43.0,Υπερτροφικός ομαλός λειχήνας,L
L43.1,Πομφολυγώδης ομαλός λειχήνας,L
L43.2,Λειχηνοειδής φαρμακευτική αντίδραση,L
L43.3,Υπόξυς (ενεργός) ομαλός λειχήνας,L
L43.8,Άλλος ομαλός λειχήνας,L
L43.9,"Ομαλός λειχήνας, μη καθορισμένος",L
L44,Άλλες βλατιδολεπιδώδεις δερματοπάθειες,L
L44.0,Ερυθρά ιόνθιος  πιτυρίαση,L
L44.1,Κοκκιωματώδης λειχήνας,L
L44.2,Γραμμωτός λειχήνας,L
L44.3,Ερυθρός κομβολογιοειδής λειχήνας,L
L44.4,Βρεφική βλατιδώδης ακροδερματίτιδα [Giannotti-Crosti],L
L44.8,Άλλες καθορισμένες βλατιδολεπιδώδεις δερματοπάθειες,L
L44.9,"Βλατιδολεπιδώδης δερματοπάθεια, μη καθορισμένη",L
L50,Κνίδωση,L
L50.0,Αλλεργική κνίδωση,L
L50.1,Ιδιοπαθής κνίδωση,L
L50.2,Κνίδωση που οφείλεται στο κρύο και στη ζέστη,L
L50.3,Κνιδωτικός δερμογραφισμός,L
L50.4,Κνίδωση από δόνηση (μηχανική),L
L50.5,Χολινεργική κνίδωση,L
L50.6,Κνίδωση εξ επαφής,L
L50.8,Άλλη κνίδωση,L
L50.9,"Κνίδωση, μη καθορισμένη",L
L51,Πολύμορφο ερύθημα,L
L51.0,Μη πομφολυγώδες πολύμορφο ερύθημα,L
L51.1,Πομφολυγώδες πολύμορφο ερύθημα,L
L51.2,Τοξική επιδερμική νεκρόλυση [Lyell],L
L51.8,Άλλο πολύμορφο ερύθημα,L
L51.9,"Πολύμορφο ερύθημα, μη καθορισμένο",L
L52,Οζώδες ερύθημα,L
L53,Άλλες ερυθηματώδεις καταστάσεις,L
L53.0,Τοξικό ερύθημα,L
L53.1,Δακτυλιοειδές φυγόκεντρο ερύθημα,L
L53.2,Παρυφές ερύθημα,L
L53.3,Άλλο χρόνιο έμμορφο ερύθημα,L
L53.8,Άλλες καθορισμένες ερυθηματώδεις καταστάσεις,L
L53.9,"Ερυθηματώδης κατάσταση, μη καθορισμένη",L
L55,Ηλιακό έγκαυμα,L
L55.0,Ηλιακό έγκαυμα πρώτου βαθμού,L
L55.1,Ηλιακό έγκαυμα δευτέρου βαθμού,L
L55.2,Ηλιακό έγκαυμα τρίτου βαθμού,L
L55.8,Άλλο ηλιακό έγκαυμα,L
L55.9,"Ηλιακό έγκαυμα, μη καθορισμένο",L
L56,Άλλες οξείες μεταβολές του δέρματος από υπεριώδη ακτινοβολία,L
L56.0,Φωτοτοξική αντίδραση σε φάρμακο,L
L56.1,Φωτοαλλεργική αντίδραση σε φάρμακο,L
L56.2,Φωτοδερματίτιδα εξ επαφής [berloque dermatitis],L
L56.3,Ηλιακή κνίδωση,L
L56.4,Πολύμορφο εξάνθημα από φώς,L
L56.8,Άλλες καθορισμένες οξείες μεταβολές από υπεριώδη ακτινοβολία,L
L56.9,"Οξεία μεταβολή από υπεριώδη ακτινοβολία, μη καθορισμένη",L
L57,Μεταβολές του δέρματος λόγω χρόνιας έκθεσης σε μη ιονίζουσα ακτινοβολία,L
L57.0,Ακτινική υπερκεράτωση,L
L57.1,Ακτινική δικτύωση,L
L57.2,Πάχυνση του δέρματος του αυχένα,L
L57.3,Ποικιλοδερμία του Civatte,L
L57.4,Γεροντικό χαλαρό δέρμα,L
L57.5,Ακτινικό κοκκίωμα,L
L57.8,Άλλες μεταβολές του δέρματος λόγω χρόνιας έκθεσης σε μη ιονίζουσα ακτινοβολία,L
L57.9,"Δερματικές μεταβολές λόγω χρόνιας έκθεσης σε μη ιονίζουσα ακτινοβολία, μη καθορισμένες",L
L58,Ακτινοδερματίτιδα,L
L58.0,Οξεία ακτινοδερματίτιδα,L
L58.1,Χρόνια ακτινοδερματίτιδα,L
L58.9,"Ακτινοδερματίτιδα, μη καθορισμένη",L
L59,Άλλες διαταραχές του δέρματος και του υποδόριου ιστού που σχετίζονται με ακτινοβολία,L
L59.0,Ερύθημα από θερμότητα (εκ πυραύνων) [δερματίτιδα από θερμότητα (εκ πυραύνων)],L
L59.8,Άλλες καθορισμένες διαταραχές του δέρματος και του υποδόριου ιστού που σχετίζονται με ακτινοβολία,L
L59.9,"Διαταραχή του δέρματος και του υποδόριου ιστού που σχετίζεται με ακτινοβολία, μη καθορισμένη",L
L60,Διαταραχές των νυχιών,L
L60.0,Είσφρυση νυχιού,L
L60.1,Ονυχόλυση,L
L60.2,Ονυχογρύπωση,L
L60.3,Δυστροφία των νυχιών,L
L60.4,Γραμμές του Beau,L
L60.5,Σύνδρομο των κίτρινων νυχιών,L
L60.8,Άλλες διαταραχές των νυχιών,L
L60.9,"Διαταραχή των νυχιών, μη καθορισμένη",L
L63,Γυροειδής αλωπεκία,L
L63.0,Ολική αλωπεκία (τριχωτού της κεφαλής),L
L63.1,Καθολική αλωπεκία,L
L63.2,Οφίαση,L
L63.8,Άλλη γυροειδής αλωπεκία,L
L63.9,"Γυροειδής αλωπεκία, μη καθορισμένη",L
L64,Ανδρογενετική αλωπεκία,L
L64.0,Ανδρογενετική αλωπεκία φαρμακευτικής αιτιολογίας,L
L64.8,Άλλη ανδρογενετική αλωπεκία,L
L64.9,"Ανδρογενετική αλωπεκία, μη καθορισμένη",L
L65,Άλλη μη ουλωτική απώλεια τριχών,L
L65.0,Τελογενής τριχόπτωση,L
L65.1,Αναγενής τριχόπτωση,L
L65.2,Αλωπεκία σε θυλακική βλεννίνωση,L
L65.8,Άλλη καθορισμένη μη ουλωτική απώλεια τριχών,L
L65.9,"Μη ουλωτική απώλεια τριχών, μη καθορισμένη",L
L66,Ουλωτική αλωπεκία [ουλωτική απώλεια τριχών],L
L66.0,Ψευδογυροειδής αλωπεκία,L
L66.1,Θυλακικός λειχήνας,L
L66.2,Αποψιλωτική θυλακίτιδα,L
L66.3,Αποστηματοποιημένη περιθυλακίτιδα του τριχωτού της κεφαλής,L
L66.4,Ουλερυθηματώδης δικτυωτή θυλακίτιδα,L
L66.8,Άλλη ουλωτική αλωπεκία,L
L66.9,"Ουλωτική αλωπεκία, μη καθορισμένη",L
L67,Ανωμαλίες του χρώματος και του στελέχους των τριχών,L
L67.0,Οζώδης τριχορρηξία,L
L67.1,Παραλλαγές στο χρώμα των τριχών,L
L67.8,Άλλες ανωμαλίες του χρώματος και του στελέχους των τριχών,L
L67.9,"Ανωμαλία του χρώματος και του στελέχους των τριχών, μη καθορισμένη",L
L68,Υπερτρίχωση,L
L68.0,Δασυστριχισμός,L
L68.1,Επίκτητος χνοώδης υπερτρίχωση,L
L68.2,Εντοπισμένη υπερτρίχωση,L
L68.3,Πολυτριχία,L
L68.8,Άλλη υπερτρίχωση,L
L68.9,"Υπερτρίχωση, μη καθορισμένη",L
L70,Ακμή,L
L70.0,Κοινή ακμή,L
L70.1,Κυστική ακμή,L
L70.2,Ευλογιοειδής ακμή,L
L70.3,Τροπική ακμή,L
L70.4,Βρεφική ακμή,L
L70.5,Προκλητή ακμή των νεαρών κοριτσιών [Acné excoriée des jeunes filles],L
L70.8,Άλλη ακμή,L
L70.9,"Ακμή, μη καθορισμένη",L
L71,Ροδόχρους ακμή,L
L71.0,Περιστοματική δερματίτιδα,L
L71.1,Ρινόφυμα,L
L71.8,Άλλη ροδόχρους ακμή,L
L71.9,"Ροδόχρους ακμή, μη καθορισμένη",L
L72,Θυλακικές κύστεις του δέρματος και του υποδόριου ιστού,L
L72.0,Επιδερμοειδής κύστη,L
L72.1,Τριχειλημματική  κύστη,L
L72.2,Πολλαπλό στεατοκύστωμα,L
L72.8,Άλλες θυλακικές κύστεις του δέρματος και του υποδόριου ιστού,L
L72.9,"Θυλακική κύστη του δέρματος και του υποδόριου ιστού, μη καθορισμένη",L
L73,Άλλες θυλακικές διαταραχές,L
L73.0,Χηλοειδής ακμή,L
L73.1,Ψευδοθυλακίτιδα του γενείου,L
L73.2,Διαπυητική ιδρωταδενίτιδα,L
L73.8,Άλλη καθορισμένη θυλακική διαταραχή,L
L73.9,"Θυλακική διαταραχή, μη καθορισμένη",L
L74,Διαταραχές της έκκρισης ιδρώτα,L
L74.0,Ιδρώα ερυθρή,L
L74.1,Ιδρώα κρυσταλλίνη,L
L74.2,Εν τω βάθει ιδρώα,L
L74.3,"Ιδρώα, μη καθορισμένη",L
L74.4,Ανιδρωσία,L
L74.8,Άλλες διαταραχές της έκκρισης ιδρώτα,L
L74.9,"Διαταραχή της έκκρισης ιδρώτα, μη καθορισμένη",L
L75,Διαταραχές της αποκρινούς έκκρισης ιδρώτα,L
L75.0,Βρωμιδρωσία,L
L75.1,Χρωμιδρωσία,L
L75.2,Αποκρινής ιδρώα,L
L75.8,Άλλες διαταραχές της αποκρινούς έκκρισης ιδρώτα,L
L75.9,"Διαταραχή της αποκρινούς έκκρισης ιδρώτα, μη καθορισμένη",L
L80,Λεύκη,L
L81,Άλλες διαταραχές της χρώσης του δέρματος,L
L81.0,Μεταφλεγμονώδης υπερμελάγχρωση,L
L81.1,Χλόασμα,L
L81.2,Εφηλίδες,L
L81.3,Καφεγαλακτόχροες κηλίδες [café au lait],L
L81.4,Άλλη υπερμελάγχρωση από μελανίνη,L
L81.5,"Λευκόδερμα, που δεν ταξινομείται αλλού",L
L81.6,Άλλες διαταραχές ελαττωμένης σύνθεσης μελανίνης,L
L81.7,Μελαγχρωματική πορφυρική δερματοπάθεια,L
L81.8,Άλλες καθορισμένες διαταραχές της χρώσης του δέρματος,L
L81.9,"Διαταραχή της χρώσης του δέρματος, μη καθορισμένη",L
L82,Σμηγματορροϊκή υπερκεράτωση,L
L83,Μελανίζουσα ακάνθωση,L
L84,Τύλοι και κάλοι,L
L85,Άλλες παχύνσεις της επιδερμίδας,L
L85.0,Επίκτητη ιχθύαση,L
L85.1,Επίκτητη υπερκεράτωση [κερατοδερμία] παλαμιαία και πελματιαία,L
L85.2,Στικτή υπερκεράτωση (παλαμιαία και πελματιαία),L
L85.3,Ξήρωση του δέρματος,L
L85.8,Άλλες καθορισμένες παχύνσεις της επιδερμίδας,L
L85.9,"Πάχυνση της επιδερμίδας, μη καθορισμένη",L
L87,Διαεπιδερμικές [διατιτραίνουσες] δερματοπάθειες,L
L87.0,Υπερκεράτωση θυλακική και παραθυλακική διεισδύουσα στο δέρμα [νόσος του Kyrle],L
L87.1,Αντιδραστική διατιτραίνουσα δερματοπάθεια με αποβολή κολλαγόνου,L
L87.2,Έρπουσα διατριταίνουσα ελάστωση,L
L87.8,Άλλες διαεπιδερμικές [διατιτραίνουσες] δερματοπάθειες,L
L87.9,"Διαεπιδερμική [διατιτραίνουσα] δερματοπάθεια, μη καθορισμένη",L
L88,Γαγγραινώδες πυόδερμα,L
L89,Έλκος κατάκλισης,L
L90,Ατροφικές διαταραχές του δέρματος,L
L90.0,Σκληρυντικός και ατροφικός λειχήνας,L
L90.1,Ανετοδερμία των Schweninger-Buzzi,L
L90.2,Ανετοδερμία των Jadassohn-Pellizzari,L
L90.3,Ατροφοδερμία των Pasini και Pierini,L
L90.4,Χρόνια ατροφική ακροδερματίτιδα,L
L90.5,Ουλώδεις καταστάσεις και ίνωση του δέρματος,L
L90.6,Ατροφικές ραβδώσεις,L
L90.8,Άλλες ατροφικές διαταραχές του δέρματος,L
L90.9,"Ατροφική διαταραχή του δέρματος, μη καθορισμένη",L
L91,Υπερτροφικές βλάβες του δέρματος,L
L91.0,Χηλοειδής ουλή,L
L91.8,Άλλες υπερτροφικές βλάβες του δέρματος,L
L91.9,"Υπερτροφική βλάβη του δέρματος, μη καθορισμένη",L
L92,Κοκκιωματώδεις βλάβες του δέρματος και του υποδόριου ιστού,L
L92.0,Δακτυλιοειδές κοκκίωμα,L
L92.1,"Λιποειδική νεκροβίωση, που δεν ταξινομείται αλλού",L
L92.2,Κοκκίωμα του προσώπου [ηωσινόφιλο κοκκίωμα του δέρματος],L
L92.3,"Κοκκίωμα από ξένο σώμα, του δέρματος και του υποδόριου ιστού",L
L92.8,Άλλες κοκκιωματώδεις βλάβες του δέρματος και του υποδόριου ιστού,L
L92.9,"Κοκκιωματώδης βλάβη του δέρματος και του υποδόριου ιστού, μη καθορισμένη",L
L93,Ερυθηματώδης λύκος,L
L93.0,Δισκοειδής ερυθηματώδης λύκος,L
L93.1,Υπόξυς δερματικός ερυθηματώδης λύκος,L
L93.2,Άλλος εντοπισμένος ερυθηματώδης λύκος,L
L94,Άλλες εντοπισμένες διαταραχές του συνδετικού ιστού,L
L94.0,Εντοπισμένη σκληροδερμία [μορφέα],L
L94.1,Γραμμοειδής σκληροδερμία,L
L94.2,Ασβέστωση του δέρματος,L
L94.3,Σκληροδακτυλία,L
L94.4,Βλατίδες του Gottron,L
L94.5,Αγγειακή ατροφική ποικιλοδερμία,L
L94.6,Αυτόματος δακτυλοπτωσία,L
L94.8,Άλλες καθορισμένες εντοπισμένες διαταραχές του συνδετικού ιστού,L
L94.9,"Εντοπισμένη διαταραχή του συνδετικού ιστού, μη καθορισμένη",L
L95,"Αγγειΐτιδα που περιορίζεται στο δέρμα, που δεν ταξινομείται αλλού",L
L95.0,Πελιδνοειδής αγγειΐτιδα,L
L95.1,Ερύθημα με μόνιμες οζώδεις επάρσεις,L
L95.8,Άλλη αγγειΐτιδα που περιορίζεται στο δέρμα,L
L95.9,"Αγγειΐτιδα που περιορίζεται στο δέρμα, μη καθορισμένη",L
L97,"Έλκος του κάτω άκρου, που δεν ταξινομείται αλλού",L
L98,"Άλλες διαταραχές του δέρματος και του υποδόριου ιστού, που δεν ταξινομούνται αλλού",L
L98.0,Πυογόνο κοκκίωμα,L
L98.1,Προκλητή δερματίτιδα,L
L98.2,Εμπύρετος ουδετεροφιλική δερματοπάθεια [Sweet],L
L98.3,Εωσινοφιλική κυτταρίτιδα [Wells],L
L98.4,"Χρόνιο έλκος του δέρματος, που δεν ταξινομείται αλλού",L
L98.5,Βλεννίνωση του δέρματος,L
L98.6,Άλλες διηθητικές διαταραχές του δέρματος και του υποδόριου ιστού,L
L98.8,Άλλες καθορισμένες διαταραχές του δέρματος και του υποδόριου ιστού,L
L98.9,"Διαταραχή του δέρματος και του υποδόριου ιστού, μη καθορισμένη",L
M00,Πυώδης αρθρίτιδα,M
M00.0,Σταφυλοκοκκική αρθρίτιδα και πολυαρθρίτιδα,M
M00.1,Πνευμονιοκοκκική αρθρίτιδα και πολυαρθρίτιδα,M
M00.2,Άλλη στρεπτοκοκκική αρθρίτιδα και πολυαρθρίτιδα,M
M00.8,Αρθρίτιδα και πολυαρθρίτιδα που οφείλεται σε άλλους καθορισμένους βακτηριακούς παράγοντες,M
M00.9,"Πυώδης αρθρίτιδα, μη καθορισμένη",M
M02,Αντιδραστικές αρθρίτιδες,M
M02.0,Αρθρίτιδα μετά από εντερική παράκαμψη,M
M02.1,Μεταδυσεντερική αρθρίτιδα,M
M02.2,Αρθρίτιδα μετά από ανοσοποίηση,M
M02.3,Νόσος του Reiter,M
M02.8,Άλλες αντιδραστικές αρθρίτιδες,M
M02.9,"Αντιδραστική αρθρίτιδα, μη καθορισμένη",M
M05,Οροθετική ρευματοειδής αρθρίτιδα,M
M05.0,Σύνδρομο Felty,M
M05.1,Ρευματοειδής πνευμονοπάθεια (J99.0*),M
M05.2,Ρευματοειδής αγγειΐτιδα,M
M05.3,Ρευματοειδής αρθρίτιδα με συμμετοχή άλλων οργάνων και συστημάτων,M
M05.8,Άλλη οροθετική ρευματοειδής αρθρίτιδα,M
M05.9,"Οροθετική ρευματοειδής αρθρίτιδα, μη καθορισμένη",M
M06,Άλλη ρευματοειδής αρθρίτιδα,M
M06.0,Οροαρνητική ρευματοειδής αρθρίτιδα,M
M06.1,Νόσος του Still με έναρξη στην ενήλικη ζωή,M
M06.2,Ρευματοειδής θυλακίτιδα,M
M06.3,Ρευματοειδές οζίδιο,M
M06.4,Φλεγμονώδης πολυαρθρίτιδα,M
M06.8,Άλλη καθορισμένη ρευματοειδής αρθρίτιδα,M
M06.9,"Ρευματοειδής αρθρίτιδα, μη καθορισμένη",M
M08,Νεανική αρθρίτιδα,M
M08.0,Νεανική ρευματοειδής αρθρίτιδα,M
M08.1,Νεανική αγκυλοποιητική σπονδυλίτιδα,M
M08.2,Νεανική αρθρίτιδα με συστηματική έναρξη,M
M08.3,Νεανική πολυαρθρίτιδα (οροαρνητική),M
M08.4,Ολιγοαρθρική νεανική αρθρίτιδα,M
M08.8,Άλλη νεανική αρθρίτιδα,M
M08.9,"Νεανική αρθρίτιδα, μη καθορισμένη",M
M10,Ουρική αρθρίτιδα,M
M10.0,Ιδιοπαθής ουρική αρθρίτιδα,M
M10.1,Ουρική αρθρίτιδα που προκαλείται από μόλυβδο,M
M10.2,Φαρμακευτική ουρική αρθρίτιδα,M
M10.3,Ουρική αρθρίτιδα που οφείλεται σε βλάβη της νεφρικής λειτουργίας,M
M10.4,Άλλη δευτεροπαθής ουρική αρθρίτιδα,M
M10.9,"Ουρική αρθρίτιδα, μη καθορισμένη",M
M11,Άλλες κρυσταλλογενείς αρθρίτιδες,M
M11.0,Νόσος της εναπόθεσης υδροξυαπατίτη,M
M11.1,Οικογενής χονδρασβέστωση,M
M11.2,Άλλη χονδρασβέστωση,M
M11.8,Άλλες καθορισμένες κρυσταλλογενείς αρθρίτιδες,M
M11.9,"Κρυσταλλογενής αρθρίτιδα, μη καθορισμένη",M
M12,Άλλες καθορισμένες αρθρίτιδες,M
M12.0,Χρόνια μεταρευματική αρθρίτιδα [Jaccoud],M
M12.1,Νόσος των Kaschin-Beck,M
M12.2,Λαχνοοζώδης ορογονοθυλακίτιδα (μελαγχρωματική),M
M12.3,Παλίνδρομος ρευματισμός,M
M12.4,Διαλείπων ύδραρθρος,M
M12.5,Τραυματική αρθρίτιδα,M
M12.8,"Άλλες καθορισμένες αρθρίτιδες, που δεν ταξινομούνται αλλού",M
M13,Άλλη αρθρίτιδα,M
M13.0,"Πολυαρθρίτιδα, μη καθορισμένη",M
M13.1,"Μονοαρθρίτιδα, που δεν ταξινομείται αλλού",M
M13.8,Άλλη καθορισμένη αρθρίτιδα,M
M13.9,"Αρθρίτιδα, μη καθορισμένη",M
M15,Εκφυλιστική πολυαρθρίτιδα,M
M15.0,Πρωτοπαθής γενικευμένη (οστεο)αρθρίτιδα,M
M15.1,Όζοι του Heberden (με αρθρίτιδα),M
M15.2,Όζοι του Bouchard (με αρθρίτιδα),M
M15.3,Δευτεροπαθής πολλαπλή εκφυλιστική αρθρίτιδα,M
M15.4,Διαβρωτική (οστεο)αρθρίτιδα,M
M15.8,Άλλη εκφυλιστική αρθρίτιδα,M
M15.9,"Εκφυλιστική αρθρίτιδα, μη καθορισμένη",M
M16,Εκφυλιστική αρθρίτιδα του ισχίου,M
M16.0,"Πρωτοπαθής εκφυλιστική αρθρίτιδα του ισχίου, αμφοτερόπλευρη",M
M16.1,Άλλη πρωτοπαθής εκφυλιστική αρθρίτιδα του ισχίου,M
M16.2,"Εκφυλιστική αρθρίτιδα του ισχίου λόγω δυσπλαστικών ισχίων, αμφοτερόπλευρη",M
M16.3,Άλλη δυσπλαστική εκφυλιστική αρθρίτιδα του ισχίου,M
M16.4,"Μετατραυματική εκφυλιστική αρθρίτιδα του ισχίου, αμφοτερόπλευρη",M
M16.5,Άλλη μετατραυματική εκφυλιστική αρθρίτιδα του ισχίου,M
M16.6,"Άλλη δευτεροπαθής εκφυλιστική αρθρίτιδα του ισχίου, αμφοτερόπλευρη",M
M16.7,Άλλη δευτεροπαθής εκφυλιστική αρθρίτιδα του ισχίου,M
M16.9,"Εκφυλιστική αρθρίτιδα του ισχίου, μη καθορισμένη",M
M17,Εκφυλιστική αρθρίτιδα του γόνατος [γονάρθρωση],M
M17.0,"Πρωτοπαθής εκφυλιστική αρθρίτιδα του γόνατος, αμφοτερόπλευρη",M
M17.1,Άλλη πρωτοπαθής εκφυλιστική αρθρίτιδα του γόνατος,M
M17.2,"Μετατραυματική εκφυλιστική αρθρίτιδα του γόνατος, αμφοτερόπλευρη",M
M17.3,Άλλη μετατραυματική εκφυλιστική αρθρίτιδα του γόνατος,M
M17.4,"Άλλη δευτεροπαθής εκφυλιστική αρθρίτιδα του γόνατος, αμφοτερόπλευρη",M
M17.5,Άλλη δευτεροπαθής εκφυλιστική αρθρίτιδα του γόνατος,M
M17.9,"Εκφυλιστική αρθρίτιδα του γόνατος, μη καθορισμένη",M
M18,Εκφυλιστική αρθρίτιδα της πρώτης καρπομετακάρπιας άρθρωσης,M
M18.0,"Πρωτοπαθής εκφυλιστική αρθρίτιδα των πρώτων καρπομετακάρπιων αρθρώσεων, αμφοτερόπλευρη",M
M18.1,Άλλη πρωτοπαθής εκφυλιστική αρθρίτιδα της πρώτης καρπομετακάρπιας άρθρωσης,M
M18.2,"Μετατραυματική εκφυλιστική αρθρίτιδα των πρώτων καρπομετακάρπιων αρθρώσεων, αμφοτερόπλευρη",M
M18.3,Άλλη μετατραυματική εκφυλιστική αρθρίτιδα της πρώτης καρπομετακάρπιας άρθρωσης,M
M18.4,"Άλλη δευτεροπαθής εκφυλιστική αρθρίτιδα των πρώτων καρπομετακάρπιων αρθρώσεων, αμφοτερόπλευρη",M
M18.5,Άλλη δευτεροπαθής εκφυλιστική αρθρίτιδα της πρώτης καρπομετακάρπιας άρθρωσης,M
M18.9,"Εκφυλιστική αρθρίτιδα της πρώτης καρπομετακάρπιας άρθρωσης, μη καθορισμένη",M
M19,Άλλη εκφυλιστική αρθρίτιδα,M
M19.0,Πρωτοπαθής εκφυλιστική αρθρίτιδα άλλων αρθρώσεων,M
M19.1,Μετατραυματική εκφυλιστική αρθρίτιδα άλλων αρθρώσεων,M
M19.2,Άλλη δευτεροπαθής εκφυλιστική αρθρίτιδα άλλων αρθρώσεων,M
M19.8,Άλλη καθορισμένη εκφυλιστική αρθρίτιδα,M
M19.9,"Εκφυλιστική αρθρίτιδα, μη καθορισμένη",M
M20,Επίκτητες παραμορφώσεις των δακτύλων των χεριών και των ποδιών,M
M20.0,Δυσμορφία του(των) δακτύλου(ων) των χεριών,M
M20.1,Βλαισός μεγάλος δάκτυλος του πόδα (επίκτητος),M
M20.2,Δύσκαμπτος μεγάλος δάκτυλος του πόδα,M
M20.3,Άλλη (επίκτητη) παραμόρφωση του μεγάλου δακτύλου του πόδα,M
M20.4,Άλλη σφυροδακτυλία του πόδα (επίκτητη),M
M20.5,Άλλες παραμορφώσεις των δακτύλων του πόδα (επίκτητες),M
M20.6,"Επίκτητη παραμόρφωση των δακτύλων του πόδα, μη καθορισμένη",M
M21,Άλλες επίκτητες παραμορφώσεις των άκρων,M
M21.0,"Παραμόρφωση με βλαισότητα, που δεν ταξινομείται αλλού",M
M21.1,"Παραμόρφωση με ραιβότητα, που δεν ταξινομείται αλλού",M
M21.2,Παραμόρφωση με κάμψη,M
M21.3,Πτώση του καρπού ή του άκρου πόδα (επίκτητη),M
M21.4,Πλατυποδία (επίκτητη),M
M21.5,"Επίκτητη γαμψοχειρία, ραιβοχειρία, κοιλοποδία και ραιβοϊπποποδία",M
M21.6,Άλλες επίκτητες παραμορφώσεις της ποδοκνημικής και του άκρου πόδα,M
M21.7,Ανισοσκελία (επίκτητη),M
M21.8,Άλλες καθορισμένες επίκτητες παραμορφώσεις των άκρων,M
M21.9,"Επίκτητη παραμόρφωση του άκρου, μη καθορισμένη",M
M22,Διαταραχές της επιγονατίδας,M
M22.0,Υποτροπιάζον εξάρθρημα της επιγονατίδας,M
M22.1,Υποτροπιάζον υπεξάρθρημα της επιγονατίδας,M
M22.2,Διαταραχές της επιγονατίδας και του μηριαίου οστού,M
M22.3,Άλλη αποδιοργάνωση της επιγονατίδας,M
M22.4,Χονδρομαλάκυνση της επιγονατίδας,M
M22.8,Άλλες διαταραχές της επιγονατίδας,M
M22.9,"Διαταραχή της επιγονατίδας, μη καθορισμένη",M
M23,Εσωτερική αποδιοργάνωση του γόνατος,M
M23.0,Κυστικός μηνίσκος,M
M23.1,Δισκοειδής μηνίσκος (συγγενής),M
M23.2,Αποδιοργάνωση του μηνίσκου από παλαιότερη ρήξη ή τραυματισμό,M
M23.3,Άλλη αποδιοργάνωση του μηνίσκου,M
M23.4,Ελεύθερο σώμα στο γόνατο,M
M23.5,Χρόνια αστάθεια του γόνατος,M
M23.6,Άλλη αυτόματη ρήξη του(των) συνδέσμου(ω)ν του γόνατος,M
M23.8,Άλλη εσωτερική αποδιοργάνωση του γόνατος,M
M23.9,"Εσωτερική αποδιοργάνωση του γόνατος, μη καθορισμένη",M
M24,Άλλη καθορισμένη αποδιοργάνωση της άρθρωσης,M
M24.0,Ελεύθερο σώμα στην άρθρωση,M
M24.1,Άλλες διαταραχές του αρθρικού χόνδρου,M
M24.2,Παθολογία συνδέσμου,M
M24.3,"Παθολογικό εξάρθρημα και υπεξάρθρημα της άρθρωσης, που δεν ταξινομείται αλλού",M
M24.4,Υποτροπιάζον εξάρθρημα και υπεξάρθρημα της άρθρωσης,M
M24.5,Σύγκαμψη της άρθρωσης,M
M24.6,Αγκύλωση της άρθρωσης,M
M24.7,Αρθροκατάδυση του ισχίου,M
M24.8,"Άλλες καθορισμένες παθήσεις της άρθρωσης, που δεν ταξινομούνται αλλού",M
M24.9,"Πάθηση της άρθρωσης, μη καθορισμένη",M
M25.0,Αίμαρθρο,M
M25.1,Συρίγγιο άρθρωσης,M
M25.2,Ασταθής άρθρωση,M
M25.3,Άλλη αστάθεια άρθρωσης,M
M25.4,Εξίδρωση άρθρωσης,M
M25.5,Πόνος άρθρωσης,M
M25.6,"Δυσκαμψία άρθρωσης, που δεν ταξινομείται αλλού",M
M25.7,Οστεόφυτα,M
M25.8,Άλλες καθορισμένες παθήσεις της άρθρωσης,M
M25.9,"Πάθηση άρθρωσης, μη καθορισμένη",M
M30,Οζώδης πολυαρτηρίτιδα και σχετιζόμενες καταστάσεις,M
M30.0,Οζώδης πολυαρτηρίτιδα,M
M30.1,Πολυαρτηρίτιδα με πνευμονική συμμετοχή [Churg-Strauss],M
M30.2,Νεανική πολυαρτηρίτιδα,M
M30.3,Βλεννογονοδερματικό λεμφαδενικό σύνδρομο [Kawasaki],M
M30.8,Άλλες καταστάσεις που σχετίζονται με την οζώδη πολυαρτηρίτιδα,M
M31,Άλλες νεκρωτικές αγγειοπάθειες,M
M31.0,Αγγειΐτιδα υπερευαισθησίας,M
M31.1,Θρομβωτική μικροαγγειοπάθεια,M
M31.2,Θανατηφόρο κοκκίωμα της μέσης γραμμής,M
M31.3,Κοκκιωμάτωση του Wegener,M
M31.4,Σύνδρομο του αορτικού τόξου [Takayasu],M
M31.5,Γιγαντοκυτταρική αρτηρίτιδα με ρευματική πολυμυαλγία,M
M31.6,Άλλη γιγαντοκυτταρική αρτηρίτιδα,M
M31.7,Μικροσκοπική πολυαγγειΐτιδα,M
M31.8,Άλλες καθορισμένες νεκρωτικές αγγειοπάθειες,M
M31.9,"Νεκρωτική αγγειοπάθεια, μη καθορισμένη",M
M32,Συστηματικός ερυθηματώδης λύκος,M
M32.0,Φαρμακευτικός συστηματικός ερυθηματώδης λύκος,M
M32.1,Συστηματικός ερυθηματώδης λύκος με προσβολή οργάνων ή συστημάτων,M
M32.8,Άλλες μορφές συστηματικού ερυθηματώδους λύκου,M
M32.9,"Συστηματικός ερυθηματώδης λύκος, μη καθορισμένος",M
M33,Δερματοπολυμυοσίτιδα,M
M33.0,Νεανική δερματομυοσίτιδα,M
M33.1,Άλλη δερματομυοσίτιδα,M
M33.2,Πολυμυοσίτιδα,M
M33.9,"Δερματοπολυμυοσίτιδα, μη καθορισμένη",M
M34,Συστηματική σκλήρωση,M
M34.0,Προϊούσα συστηματική σκλήρωση,M
M34.1,Σύνδρομο CR(E)ST,M
M34.2,Συστηματική σκλήρωση από φάρμακα και χημικές ουσίες,M
M34.8,Άλλες μορφές συστηματικής σκλήρωσης,M
M34.9,"Συστηματική σκλήρωση, μη καθορισμένη",M
M35,Άλλη συστηματική προσβολή του συνδετικού ιστού,M
M35.0,Σύνδρομο Sjögren:,M
M35.1,Άλλα αλληλοκαλυπτόμενα σύνδρομα,M
M35.2,Νόσος του Behçet,M
M35.3,Ρευματική πολυμυαλγία,M
M35.4,Διάχυτη (ηωσινόφιλη) φλεγμονή περιτονίας,M
M35.5,Πολυεστιακή ινοσκλήρωση,M
M35.6,Υποτροπιάζουσα υποδερματίτιδα [Weber-Christian],M
M35.7,Σύνδρομο υπερκινησίας,M
M35.8,Άλλη καθορισμένη συστηματική συμμετοχή του συνδετικού ιστού,M
M35.9,"Συστηματική συμμετοχή του συνδετικού ιστού, μη καθορισμένη",M
M40,Kύφωση και λόρδωση,M
M40.0,Κύφωση θέσης,M
M40.1,Άλλη δευτεροπαθής κύφωση,M
M40.2,Άλλη και μη καθορισμένη κύφωση,M
M40.3,Σύνδρομο επίπεδης ράχης,M
M40.4,Άλλες μορφές λόρδωσης,M
M40.5,"Λόρδωση, μη καθορισμένη",M
M41,Σκολίωση,M
M41.0,Βρεφική ιδιοπαθής σκολίωση,M
M41.1,Νεανική ιδιοπαθής σκολίωση,M
M41.2,Άλλη ιδιοπαθής σκολίωση,M
M41.3,Θωρακογενής σκολίωση,M
M41.4,Νευρομυϊκή σκολίωση,M
M41.5,Άλλη δευτεροπαθής σκολίωση,M
M41.8,Άλλες μορφές σκολίωσης,M
M41.9,"Σκολίωση, μη καθορισμένη",M
M42,Οστεοχονδρίτιδα της σπονδυλικής στήλης,M
M42.0,Νεανική οστεοχονδρίτιδα της σπονδυλικής στήλης,M
M42.1,Οστεοχονδρίτιδα της σπονδυλικής στήλης των ενηλίκων,M
M42.9,"Οστεοχονδρίτιδα της σπονδυλικής στήλης, μη καθορισμένη",M
M43,Άλλες παραμορφωτικές παθήσεις της σπονδυλικής στήλης,M
M43.0,Σπονδυλόλυση,M
M43.1,Σπονδυλολίσθηση,M
M43.2,Άλλη συνένωση της σπονδυλικής στήλης,M
M43.3,Υποτροπιάζον ατλαντοαξονικό υπεξάρθρημα με μυελοπάθεια,M
M43.4,Άλλο υποτροπιάζον ατλαντοαξονικό υπεξάρθρημα,M
M43.5,Άλλο υποτροπιάζον σπονδυλικό υπεξάρθρημα,M
M43.6,Ραιβόκρανο,M
M43.8,Άλλες καθορισμένες παραμορφωτικές παθήσεις της σπονδυλικής στήλης,M
M43.9,"Παραμορφωτική πάθηση της σπονδυλικής στήλης, μη καθορισμένη",M
M45,Αγκυλοποιητική σπονδυλίτιδα,M
M46,Άλλες φλεγμονώδεις σπονδυλοαρθρίτιδες,M
M46.0,Σπονδυλική ενθεσοπάθεια,M
M46.1,"Ιερολαγονίτιδα, που δεν ταξινομείται αλλού",M
M46.2,Οστεομυελίτιδα των σπονδύλων,M
M46.3,Λοίμωξη (διαπυητική) μεσοσπονδύλιου δίσκου,M
M46.4,"Δισκίτιδα, μη καθορισμένη",M
M46.5,Άλλες λοιμώδεις σπονδυλοαρθρίτιδες,M
M46.8,Άλλες καθορισμένες φλεγμονώδεις σπονδυλοαρθρίτιδες,M
M46.9,"Φλεγμονώδης σπονδυλοαρθρίτιδα, μη καθορισμένη",M
M47,Σπονδυλαρθρίτιδα,M
M47.0,Σύνδρομα συμπίεσης της πρόσθιας νωτιαίας και σπονδυλικής αρτηρίας (G99.2*),M
M47.1,Άλλες μορφές σπονδυλαρθρίτιδας με μυελοπάθεια,M
M47.2,Άλλες μορφές σπονδυλαρθρίτιδας με ριζοπάθεια,M
M47.8,Άλλες μορφές σπονδυλαρθρίτιδας,M
M47.9,"Σπονδυλαρθρίτιδα, μη καθορισμένη",M
M48,Άλλες σπονδυλαρθρίτιδες,M
M48.0,Σπονδυλική στένωση,M
M48.1,Αγκυλοποιητική υπερόστωση [Forestier],M
M48.2,Άλγος λόγω επαφής παρακείμενων ακανθωδών αποφύσεων [kissing spine],M
M48.3,Τραυματική σπονδυλοπάθεια,M
M48.4,Κάταγμα από καταπόνηση των σπονδύλων,M
M48.5,"Συμπιεστικό κάταγμα των σπονδύλων, που δεν ταξινομείται αλλού",M
M48.8,Άλλες καθορισμένες σπονδυλαρθρίτιδες,M
M48.9,"Σπονδυλαρθρίτιδα,μη καθορισμένη",M
M50,Παθήσεις αυχενικού μεσοσπονδύλιου δίσκου,M
M50.0,Πάθηση αυχενικού μεσοσπονδύλιου δίσκου με μυελοπάθεια (G99.2* ),M
M50.1,Πάθηση αυχενικού μεσοσπονδύλιου δίσκου με ριζίτιδα,M
M50.2,Άλλη  παρεκτόπιση αυχενικού μεσοσπονδύλιου δίσκου,M
M50.3,Άλλη εκφύλιση αυχενικού μεσοσπονδύλιου δίσκου,M
M50.8,Άλλες παθήσεις αυχενικού μεσοσπονδύλιου δίσκου,M
M50.9,"Πάθηση  αυχενικού μεσοσπονδύλιου δίσκου, μη καθορισμένη",M
M51,Άλλες παθήσεις μεσοσπονδύλιου δίσκου,M
M51.0,Παθήσεις οσφυϊκού και άλλου μεσοσπονδύλιου δίσκου με μυελοπάθεια (G99.2*),M
M51.1,Παθήσεις  οσφυϊκού και άλλου μεσοσπονδύλιου δίσκου με ριζίτιδα (G55.1*),M
M51.2,Άλλη καθορισμένη μετατόπιση μεσοσπονδύλιου δίσκου,M
M51.3,Άλλη καθορισμένη εκφύλιση μεσοσπονδύλιου δίσκου,M
M51.4,Όζοι του Schmorl,M
M51.8,Άλλες καθορισμένες παθήσεις μεσοσπονδύλιου δίσκου,M
M51.9,"Πάθηση μεσοσπονδύλιου δίσκου, μη καθορισμένη",M
M53,"Άλλες παθήσεις της σπονδυλικής στήλης, που δεν ταξινομούνται αλλού",M
M53.0,Κρανιοαυχενικό  σύνδρομο,M
M53.1,Αυχενοβραχιόνιο σύνδρομο,M
M53.2,Αστάθειες της σπονδυλικής στήλης,M
M53.3,"Ιεροκοκκυγικές διαταραχές, που δεν ταξινομούνται αλλού",M
M53.8,Άλλες καθορισμένες παθήσεις της σπονδυλικής στήλης,M
M53.9,"Πάθηση της σπονδυλικής στήλης , μη καθορισμένη.",M
M54,Ραχιαλγία,M
M54.0,Υποδερματίτιδα που προσβάλει περιοχές του τραχήλου και της ράχης,M
M54.1,Παθήσεις νευρικών ριζών,M
M54.2,Αυχεναλγία,M
M54.3,Ισχιαλγία,M
M54.4,Οσφυαλγία με ισχιαλγία,M
M54.5,Οσφυαλγία,M
M54.6,Άλγος στη θωρακική μοίρα της σπονδυλικής στήλης,M
M54.8,Άλλες μορφές ραχιαλγίας,M
M54.9,"Ραχιαλγία, μη καθορισμένη",M
M60,Μυοσίτιδα,M
M60.0,Λοιμώδης μυοσίτιδα,M
M60.1,Διάμεση μυοσίτιδα,M
M60.2,"Κοκκίωμα των μαλακών ιστών από ξένο σώμα, που δεν ταξινομείται αλλού",M
M60.8,Άλλη μυοσίτιδα,M
M60.9,"Μυοσίτιδα, μη καθορισμένη",M
M61,Αποτιτάνωση και οστεοποίηση μυός,M
M61.0,Τραυματική οστεοποιητική μυοσίτιδα,M
M61.1,Προϊούσα οστεοποιητική μυοσίτιδα,M
M61.2,Παραλυτική αποτιτάνωση και οστεοποίηση μυός,M
M61.3,Αποτιτάνωση και οστεοποίηση μυών σχετιζόμενη με εγκαύματα,M
M61.4,Άλλη αποτιτάνωση μυός,M
M61.5,Άλλη οστεοποίηση μυός,M
M61.9,"Αποτιτάνωση και οστεοποίηση μυός, μη καθορισμένη",M
M62,Άλλες διαταραχές μυός,M
M62.0,Διάσταση μυός,M
M62.1,Άλλη ρήξη μυός (μη τραυματική),M
M62.2,Ισχαιμικό μυϊκό έμφρακτο,M
M62.3,Σύνδρομο ακινησίας (σε παραπληγία),M
M62.4,Μυϊκή σύσπαση,M
M62.5,"Μυϊκή αδυναμία και ατροφία, που δεν ταξινομείται αλλού",M
M62.6,Μυϊκή καταπόνηση,M
M62.8,Άλλες καθορισμένες διαταραχές μυός,M
M62.9,"Διαταραχή μυός, μη καθορισμένη",M
M65,Υμενίτιδα και τενοντοελυτρίτιδα,M
M65.0,Απόστημα του τενόντιου ελύτρου,M
M65.1,Άλλη λοιμώδης (τενοντο)υμενίτιδα,M
M65.2,Ασβεστοποιητική τενοντίτιδα,M
M65.3,Εκτινασσόμενος δάκτυλος,M
M65.4,Τενοντοελυτρίτιδα της στυλοειδούς απόφυσης [de Quervain],M
M65.8,Άλλη υμενίτιδα και τενοντοελυτρίτιδα,M
M65.9,"Yμενίτιδα και τενοντοελυτρίτιδα, μη καθορισμένη",M
M66,Αυτόματη ρήξη αρθρικού υμένα και τένοντα,M
M66.0,Ρήξη ιγνυακής κύστης,M
M66.1,Ρήξη αρθρικού υμένα,M
M66.2,Αυτόματη ρήξη εκτεινόντων τενόντων,M
M66.3,Αυτόματη ρήξη καμπτήρων τενόντων,M
M66.4,Αυτόματη ρήξη άλλων τενόντων,M
M66.5,Αυτόματη ρήξη μη καθορισμένου τένοντα,M
M67,Άλλες παθήσεις του αρθρικού υμένα και των τενόντων,M
M67.0,Βραχύς αχίλλειος τένοντας (επίκτητος),M
M67.1,Άλλη σύσπαση τένοντα (ελύτρου),M
M67.2,"Υπερτροφία του αρθρικού υμένα, που δεν ταξινομείται αλλού",M
M67.3,Παροδική υμενίτιδα,M
M67.4,Γάγγλιο,M
M67.8,Άλλες καθορισμένες παθήσεις του αρθρικού υμένα και των τενόντων,M
M67.9,"Πάθηση του αρθρικού υμένα και των τενόντων, μη καθορισμένη",M
M70,"Παθήσεις των μαλακών ιστών που σχετίζονται με χρήση, υπερβολική χρήση και πίεση",M
M70.0,Χρόνια κριγμώδης υμενίτιδα της άκρας χείρας και του καρπού,M
M70.1,Θυλακίτιδα της άκρας χείρας,M
M70.2,Θυλακίτιδα του ωλέκρανου,M
M70.3,Άλλη θυλακίτιδα του αγκώνα,M
M70.4,Προεπιγονατιδική θυλακίτιδα,M
M70.5,Άλλη θυλακίτιδα του γόνατος,M
M70.6,Τροχαντήριος θυλακίτιδα,M
M70.7,Άλλη θυλακίτιδα του ισχίου,M
M70.8,"Άλλες παθήσεις των μαλακών ιστών που σχετίζονται με χρήση, υπερβολική χρήση και πίεση",M
M70.9,"Μη καθορισμένη πάθηση των μαλακών ιστών που σχετίζεται με χρήση, υπερβολική χρήση και πίεση",M
M71,Άλλες ορογονοθυλακίτιδες,M
M71.0,Απόστημα αρθρικού θυλάκου,M
M71.1,Άλλη λοιμώδης θυλακίτιδα,M
M71.2,Ιγνυακή κύστη [Βaker],M
M71.3,Άλλη θυλακική κύστη,M
M71.4,Εναπόθεση ασβεστίου στον αρθρικό θύλακο,M
M71.5,"Άλλη θυλακίτιδα, που δεν ταξινομείται αλλού",M
M71.8,Άλλες καθορισμένες ορογονοθυλακίτιδες,M
M71.9,"Ορογονοθυλακίτιδα, μη καθορισμένη",M
M72,Ινοβλαστικές παθήσεις,M
M72.0,Ρίκνωση της παλαμιαίας απονεύρωσης [Dupuytren],M
M72.1,Οζώδες παχύνσεις του δέρματος της ραχιαίας επιφάνειας των μεσοφαλαγγικών αρθρώσεων,M
M72.2,Ίνωση της πελματιαίας απονεύρωσης,M
M72.4,Ψευδοσαρκωματώδης ινωμάτωση,M
M72.6,Νεκρωτική φλεγμονή περιτονίας,M
M72.8,Άλλες ινοβλαστικές παθήσεις,M
M72.9,"Ινοβλαστική πάθηση, μη καθορισμένη",M
M75,Παθήσεις του ώμου,M
M75.0,Συμφυτική θυλακίτιδα  του ώμου,M
M75.1,Σύνδρομο του τενόντιου πετάλου του ώμου,M
M75.2,Τενοντίτιδα του δικεφάλου,M
M75.3,Ασβεστοποιητική τενοντίτιδα του ώμου,M
M75.4,Σύνδρομο πρόσκρουσης του ώμου,M
M75.5,Θυλακίτιδα του ώμου,M
M75.8,Άλλες παθήσεις του ώμου,M
M75.9,"Πάθηση του ώμου, μη καθορισμένη",M
M76,"Ενθεσοπάθειες του κάτω άκρου, εκτός του άκρου πόδα",M
M76.0,Τενοντίτιδα γλουτιαίων,M
M76.1,Τενοντίτιδα του ψοΐτη,M
M76.2,Οστεόφυτο της λαγόνιας ακρολοφίας,M
M76.3,Σύνδρομο της λαγονοκνημιαίας ταινίας,M
M76.4,Οστεοποίηση της έκφυσης του έσω πλάγιου συνδέσμου του γόνατος [Pellegrini-Stieda],M
M76.5,Τενοντίτιδα της επιγονατίδας,M
M76.6,Τενοντίτιδα του Αχιλλείου τένοντα,M
M76.7,Περονιαία τενοντίτιδα,M
M76.8,"Άλλες ενθεσοπάθειες του κάτω άκρου, εκτός του άκρου ποδός",M
M76.9,"Ενθεσοπάθεια του κάτω άκρου, μη καθορισμένη",M
M77,Άλλες ενθεσοπάθειες,M
M77.0,Έσω επικονδυλίτιδα,M
M77.1,Έξω  επικονδυλίτιδα,M
M77.2,Περιαρθρίτιδα του καρπού,M
M77.3,Άκανθα πτέρνας,M
M77.4,Μεταταρσαλγία,M
M77.5,Άλλη ενθεσοπάθεια του άκρου πόδα,M
M77.8,"Άλλες ενθεσοπάθειες, που δεν ταξινομούνται αλλού",M
M77.9,"Ενθεσοπάθεια, μη καθορισμένη",M
M79,"Άλλες παθήσεις των μαλακών ιστών, που δεν ταξινομούνται αλλού",M
M79.0,"Ρευματισμός, μη καθορισμένος",M
M79.1,Μυαλγία,M
M79.2,"Νευραλγία και νευρίτιδα, μη καθορισμένη",M
M79.3,"Υποδερματίτιδα, μη καθορισμένη",M
M79.4,Υπερτροφία του (υποεπιγονατιδικού) λιπώδους σώματος,M
M79.5,Παραμονή ξένου σώματος σε μαλακά μόρια,M
M79.6,Άλγος στα άκρα,M
M79.7,Ινομυαλγία,M
M79.8,Άλλες καθορισμένες παθήσεις των μαλακών ιστών,M
M79.9,"Πάθηση μαλακών ιστών, μη καθορισμένη",M
M80,Οστεοπόρωση με παθολογικό κάταγμα,M
M80.0,Μετεμμηνοπαυσιακή οστεοπόρωση με παθολογικό κάταγμα,M
M80.1,Οστεοπόρωση μετά από αφαίρεση των ωοθηκών με παθολογικό κάταγμα,M
M80.2,Οστεοπόρωση από ακινητοποίηση με παθολογικό κάταγμα,M
M80.3,Οστεοπόρωση από μετεγχειρητική δυσαπορρόφηση με παθολογικό κάταγμα,M
M80.4,Φαρμακευτική οστεοπόρωση με παθολογικό κάταγμα,M
M80.5,Ιδιοπαθής οστεοπόρωση με παθολογικό κάταγμα,M
M80.8,Άλλες μορφές οστεοπόρωσης με παθολογικό κάταγμα,M
M80.9,"Οστεοπόρωση με παθολογικό κάταγμα, μη καθορισμένη",M
M81,Οστεοπόρωση χωρίς παθολογικό κάταγμα,M
M81.0,Μετεμμηνοπαυσιακή οστεοπόρωση,M
M81.1,Οστεοπόρωση μετά από αφαίρεση των ωοθηκών,M
M81.2,Οστεοπόρωση από ακινητοποίηση,M
M81.3,Οστεοπόρωση από μετεγχειρητική δυσαπορρόφηση,M
M81.4,Φαρμακευτική οστεοπόρωση,M
M81.5,Ιδιοπαθής οστεοπόρωση,M
M81.6,Εντοπισμένη οστεοπόρωση [Lequesne],M
M81.8,Άλλη οστεοπόρωση,M
M81.9,"Οστεοπόρωση, μη καθορισμένη",M
M83,Οστεομαλακία ενηλίκων,M
M83.0,Οστεομαλακία της λοχείας,M
M83.1,Γεροντική οστεομαλακία,M
M83.2,Οστεομαλακία ενηλίκων που οφείλεται σε δυσαπορρόφηση,M
M83.3,Οστεομαλακία ενηλίκων από δυσθρεψία,M
M83.4,Νόσος των οστών από αργίλιο,M
M83.5,Άλλη φαρμακευτική οστεομαλακία ενηλίκων,M
M83.8,Άλλη οστεομαλακία ενηλίκων,M
M83.9,"Οστεομαλακία ενηλίκων, μη καθορισμένη",M
M84,Διαταραχές της οστικής συνέχειας,M
M84.0,Πόρωση κατάγματος σε πλημμελή θέση,M
M84.1,Απουσία πόρωσης του κατάγματος [ψευδάρθρωση],M
M84.2,Καθυστερημένη πόρωση κατάγματος,M
M84.3,"Κάταγμα από καταπόνηση, που δεν ταξινομείται αλλού",M
M84.4,"Παθολογικό κάταγμα, που δεν ταξινομείται αλλού",M
M84.8,Άλλες διαταραχές της οστικής συνέχειας,M
M84.9,"Διαταραχή της οστικής συνέχειας, μη καθορισμένη",M
M85,Άλλες διαταραχές της οστικής πυκνότητας και δομής,M
M85.0,Ινώδης δυσπλασία (μονοοστική),M
M85.1,Σκελετική φθορίαση,M
M85.2,Υπερόστωση του κρανίου,M
M85.3,Σκληρωτική οστεΐτιδα,M
M85.4,Μονήρης οστική κύστη,M
M85.5,Ανευρυσματική κύστη των οστών,M
M85.6,Άλλη οστική κύστη,M
M85.8,Άλλες καθορισμένες διαταραχές της οστικής πυκνότητας και δομής,M
M85.9,"Διαταραχή της οστικής πυκνότητας και δομής, μη καθορισμένη",M
M86,Οστεομυελίτιδα,M
M86.0,Οξεία αιματογενής οστεομυελίτιδα,M
M86.1,Άλλη οξεία οστεομυελίτιδα,M
M86.2,Υποξεία οστεομυελίτιδα,M
M86.3,Χρόνια πολυεστιακή οστεομυελίτιδα,M
M86.4,Χρόνια οστεομυελίτιδα με παροχετευτική κοιλότητα,M
M86.5,Άλλη χρόνια αιματογενής οστεομυελίτιδα,M
M86.6,Άλλη χρόνια οστεομυελίτιδα,M
M86.8,Άλλη οστεομυελίτιδα,M
M86.9,"Οστεομυελίτιδα, μη καθορισμένη",M
M87,Οστεονέκρωση,M
M87.0,Ιδιοπαθής άσηπτη νέκρωση των οστών,M
M87.1,Οστεονέκρωση που οφείλεται σε φάρμακα,M
M87.2,Οστεονέκρωση που οφείλεται σε προηγούμενο τραυματισμό,M
M87.3,Άλλη δευτεροπαθής οστεονέκρωση,M
M87.8,Άλλη οστεονέκρωση,M
M87.9,"Οστεονέκρωση, μη καθορισμένη",M
M88,Νόσος Paget των οστών [παραμορφωτική οστεΐτιδα],M
M88.0,Νόσος Paget του κρανίου,M
M88.8,Νόσος Paget άλλων οστών,M
M88.9,"Νόσου Paget των αστών, μη καθορισμένη",M
M89,Άλλες παθήσεις των οστών,M
M89.0,Αλγοδυστροφία,M
M89.1,Πρόωρη σύγκλειση των επιφύσεων,M
M89.2,Άλλες παθήσεις της ανάπτυξης και της αύξησης των οστών,M
M89.3,Υπερτροφία των οστών,M
M89.4,Άλλη υπερτροφική οστεοαρθροπάθεια,M
M89.5,Οστεόλυση,M
M89.6,Οστική πάθηση μετά από πολιομυελίτιδα,M
M89.8,Άλλες καθορισμένες παθήσεις των οστών,M
M89.9,"Οστική πάθηση, μη καθορισμένη",M
M91,Νεανική οστεοχονδρίτιδα του ισχίου και της πυέλου,M
M91.0,Νεανική οστεοχονδρίτιδα της πυέλου,M
M91.1,Νεανική οστεοχονδρίτιδα της κεφαλής του μηριαίου [Legg-Calvé-Perthes],M
M91.2,Οστεοχονδρίτιδα της κεφαλής του μηριαίου,M
M91.3,Ψευδοϊσχιαλγία,M
M91.8,Άλλη νεανική οστεοχονδρίτιδα του ισχίου και της πυέλου,M
M91.9,"Νεανική οστεοχονδρίτιδα του ισχίου και της πυέλου, μη καθορισμένη",M
M92,Άλλη νεανική οστεοχονδρίτιδα,M
M92.0,Νεανική οστεοχονδρίτιδα του βραχιόνιου οστού,M
M92.1,Νεανική οστεοχονδρίτιδα της κερκίδας και της ωλένης,M
M92.2,Νεανική οστεοχονδρίτιδα της άκρας χείρας,M
M92.3,Άλλη νεανική οστεοχονδρίτιδα του άνω άκρου,M
M92.4,Νεανική οστεοχονδρίτιδατης επιγονατίδας,M
M92.5,Νεανική οστεοχονδρίτιδα της κνήμης και της περόνης,M
M92.6,Νεανική οστεοχονδρίτιδα του ταρσού,M
M92.7,Νεανική οστεοχονδρίτιδα του μεταταρσίου,M
M92.8,Άλλη καθορισμένη νεανική οστεοχονδρίτιδα,M
M92.9,"Νεανική οστεοχονδρίτιδα, μη καθορισμένη",M
M93,Άλλες οστεοχονδρίτιδες,M
M93.0,Επιφυσιολίσθηση της κεφαλής του μηριαίου (μη τραυματική),M
M93.1,Νόσος Kienböck των ενηλίκων,M
M93.2,Διαχωριστική (σχαλιδωτική) οστεοχονδρίτιδα,M
M93.8,Άλλες καθορισμένες οστεοχονδρίτιδες,M
M93.9,"Οστεοχονδρίτιδα, μη καθορισμένη",M
M94,Άλλες παθήσεις του χόνδρου,M
M94.0,Σύνδρομο της χονδροπλευρικής συμβολής [Tietze],M
M94.1,Υποτροπιάζουσα πολυχονδρίτιδα,M
M94.2,Χονδρομαλακία,M
M94.3,Χονδρόλυση,M
M94.8,Άλλες καθορισμένες παθήσεις του χόνδρου,M
M94.9,"Πάθηση του χόνδρου, μη καθορισμένη",M
M95,Άλλες επίκτητες παραμορφώσεις του μυοσκελετικού συστήματος και του συνδετικού ιστού,M
M95.0,Επίκτητη παραμόρφωση της ρίνας,M
M95.1,Ανθοκραμβοειδές ους (αυτί),M
M95.2,Άλλη επίκτητη παραμόρφωση της κεφαλής,M
M95.3,Επίκτητη παραμόρφωση του τραχήλου,M
M95.4,Επίκτητη παραμόρφωση του θώρακα και των πλευρών,M
M95.5,Επίκτητη παραμόρφωση της πυέλου,M
M95.8,Άλλες καθορισμένες επίκτητες παραμορφώσεις του μυοσκελετικού συστήματος,M
M95.9,"Επίκτητη παραμόρφωση του μυοσκελετικού συστήματος, μη καθορισμένη",M
M96,"Παθήσεις του μυοσκελετικού συστήματος μετά από ιατρικές επεμβάσεις, που δεν ταξινομούνται αλλού",M
M96.0,Ψευδάρθρωση μετά από χειρουργική επέμβαση οστεοσύνθεσης οστών ή αρθροδεσία,M
M96.1,"Σύνδρομο μετά από πεταλεκτομή, που δεν ταξινομείται αλλού",M
M96.2,Κύφωση μετά από ακτινοβολία,M
M96.3,Κύφωση μετά από πεταλεκτομή,M
M96.4,Μετεγχειρητική λόρδωση,M
M96.5,Σκολίωση μετά από ακτινοβολία,M
M96.6,"Οστικό κάταγμα μετά από εισαγωγή ορθοπεδικών εμφυτευμάτων, αρθρικών προθέσεων ή οστικών δίσκων",M
M96.8,Άλλες παθήσεις του μυοσκελετικού συστήματος μετά από ιατρικές επεμβάσεις,M
M96.9,"Πάθηση του μυοσκελετικού συστήματος μετά από ιατρική επέμβαση, μη καθορισμένη",M
M99,"Εμβιομηχανικές βλάβες, που δεν ταξινομούνται αλλού",M
M99.0,Τμηματική και σωματική δυσλειτουργία,M
M99.1,Σύμπλεγμα σπονδυλικού υπεξαρθρήματος,M
M99.2,Στένωση από υπεξάρθρημα του νευρικού σωλήνα,M
M99.3,Οστέϊνη στένωση του νευρικού σωλήνα,M
M99.4,Στένωση του νευρικού σωλήνα σε νοσήματα του συνδετικού ιστού,M
M99.5,Στένωση του νευρικού σωλήνα από μεσοσπονδύλιο δίσκο,M
M99.6,Οστέϊνη και υπεξαρθρηματική στένωση των μεσοσπονδύλιων τρημάτων,M
M99.7,Στένωση των μεσοσπονδύλιων τρημάτων σε νοσήματα του συνδετικού ιστού και των μεσοσπονδύλιων δίσκων,M
M99.8,Άλλες εμβιομηχανικές βλάβες,M
M99.9,"Εμβιομηχανική βλάβη, μη καθορισμένη",M
N00,Οξύ νεφριτιδικό σύνδρομο,N
N01,Ταχέως εξελισσόμενο νεφριτιδικό σύνδρομο,N
N02,Υποτροπιάζουσα και εμμένουσα αιματουρία,N
N03,Χρόνιο νεφριτιδικό σύνδρομο,N
N04,Νεφρωσικό σύνδρομο,N
N05,Μη καθορισμένο νεφριτιδικό σύνδρομο,N
N06,Μεμονωμένη πρωτεϊνουρία με καθορισμένη μορφολογική βλάβη,N
N07,"Κληρονομική νεφροπάθεια, που δεν ταξινομείται αλλού",N
N10,Οξεία διαμεσοσωληναριακή νεφρίτιδα,N
N11,Χρόνια διαμεσοσωληναριακή νεφρίτιδα,N
N11.0,Μη αποφρακτική χρόνια πυελονεφρίτιδα από παλινδρόμηση,N
N11.1,Χρόνια αποφρακτική πυελονεφρίτιδα,N
N11.8,Άλλη χρόνια διαμεσοσωληναριακή νεφρίτιδα,N
N11.9,"Χρόνια διαμεσοσωληναριακή νεφρίτιδα, μη καθορισμένη",N
N12,"Διαμεσοσωληναριακή νεφρίτιδα, μη καθορισμένη ως οξεία ή χρόνια",N
N13,Αποφρακτική ουροπάθεια και νεφροπάθεια από παλινδρόμηση,N
N13.0,Υδρονέφρωση με απόφραξη της πυελοουρητηρικής συμβολής,N
N13.1,"Υδρονέφρωση, με στένωση του ουρητήρα, που δεν ταξινομείται αλλού",N
N13.2,Υδρονέφρωση με νεφρική και ουρητηρική απόφραξη από λίθο,N
N13.3,Άλλη και μη καθορισμένη υδρονέφρωση,N
N13.4,Υδροουρητήρας,N
N13.5,Παραμόρφωση της πορείας του ουρητήρα και στένωση του ουρητήρα χωρίς υδρονέφρωση,N
N13.6,Πυονέφρωση,N
N13.7,Κυστεοουρητηρική παλινδρόμηση με ουροπάθεια,N
N13.8,Άλλη αποφρακτική ουροπάθεια και ουροπάθεια από παλινδρόμηση,N
N13.9,"Αποφρακτική ουροπάθεια και ουροπάθεια από παλινδρόμηση, μη καθορισμένη",N
N14,Διαμεσοσωληναριακές και σωληναριακές καταστάσεις από φάρμακα και βαρέα μέταλλα,N
N14.0,Νεφροπάθεια από αναλγητικά,N
N14.1,"Νεφροπάθεια από άλλα φάρμακα, φαρμακευτικές και βιολογικές ουσίες",N
N14.2,"Νεφροπάθεια από μη καθορισμένα φάρμακα, φαρμακευτικές και βιολογικές ουσίες",N
N14.3,Νεφροπάθεια από βαρέα μέταλλα,N
N14.4,"Τοξική νεφροπάθεια, που δεν ταξινομείται αλλού",N
N15,Άλλες διαμεσοσωληναριακές νεφρικές παθήσεις,N
N15.0,Βαλκανική νεφροπάθεια,N
N15.1,Νεφρικό και περινεφρικό απόστημα,N
N15.8,Άλλες καθορισμένες διαμεσοσωληναριακές νεφρικές παθήσεις,N
N15.9,"Διαμεσοσωληναριακή νεφρική πάθηση, μη καθορισμένη",N
N17,Οξεία νεφρική ανεπάρκεια,N
N17.0,Οξεία νεφρική ανεπάρκεια με σωληναριακή νέκρωση,N
N17.1,Οξεία νεφρική ανεπάρκεια με οξεία φλοιώδη νέκρωση,N
N17.2,Οξεία νεφρική ανεπάρκεια με μυελώδη νέκρωση,N
N17.8,Άλλη οξεία νεφρική ανεπάρκεια,N
N17.9,"Οξεία νεφρική ανεπάρκεια, μη καθορισμένη",N
N18,Χρόνια νεφρική ανεπάρκεια,N
N18.0,Νεφροπάθεια τελικού σταδίου,N
N18.8,Άλλη χρόνια νεφρική ανεπάρκεια,N
N18.9,"Χρόνια νεφρική ανεπάρκεια, μη καθορισμένη",N
N19,Μη καθορισμένη νεφρική ανεπάρκεια,N
N20,Λιθίαση του νεφρού και του ουρητήρα,N
N20.0,Νεφρόλιθος,N
N20.1,Λίθος του ουρητήρα,N
N20.2,Νεφρολιθίαση με λίθο του ουρητήρα,N
N20.9,"Λιθίαση του ουροποιητικού, μη καθορισμένη",N
N21,Λίθος του κατώτερου ουροποιητικού,N
N21.0,Λίθος στην κύστη,N
N21.1,Λίθος στην ουρήθρα,N
N21.8,Άλλος λίθος του κατώτερου ουροποιητικού,N
N21.9,"Λίθος του κατώτερου ουροποιητικού, μη καθορισμένος",N
N23,"Μη καθορισμένος νεφρικός κολικός,",N
N25,Διαταραχές που προκύπτουν από έκπτωση της  λειτουργίας των νεφρικών σωληναρίων,N
N25.0,Νεφρική οστεοδυστροφία,N
N25.1,Νεφρογενής άποιος διαβήτης,N
N25.8,Άλλες διαταραχές που προκύπτουν από έκπτωση της λειτουργίας των νεφρικών σωληναρίων,N
N25.9,"Διαταραχή που προκύπτει από έκπτωση της λειτουργίας των νεφρικών σωληναρίων, μη καθορισμένη",N
N26,"Μη καθορισμένος ρικνός νεφρός,",N
N27,Μικρός νεφρός άγνωστης αιτιολογίας,N
N27.0,"Μικρός νεφρός, ετερόπλευρος",N
N27.1,"Μικρός νεφρός, αμφοτερόπλευρος",N
N27.9,"Μικρός νεφρός, μη καθορισμένος",N
N28,"Άλλες διαταραχές του νεφρού και του ουρητήρα, που δεν ταξινομούνται αλλού",N
N28.0,Ισχαιμία και έμφρακτο του νεφρού,N
N28.1,"Κύστη του νεφρού, επίκτητη",N
N28.8,Άλλες καθορισμένες διαταραχές του νεφρού και του ουρητήρα,N
N28.9,"Διαταραχή του νεφρού και του ουρητήρα, μη καθορισμένη",N
N30,Κυστίτιδα,N
N30.0,Οξεία κυστίτιδα,N
N30.1,Διάμεση κυστίτιδα (χρόνια),N
N30.2,Άλλη χρόνια κυστίτιδα,N
N30.3,Τριγωνίτιδα,N
N30.4,Κυστίτιδα από ακτινοβολία,N
N30.8,Άλλη κυστίτιδα,N
N30.9,"Κυστίτιδα, μη καθορισμένη",N
N31,"Νευρομυϊκή δυσλειτουργία της ουροδόχου κύστης, που δεν ταξινομείται αλλού",N
N31.0,"Μη ανασταλτική νευροπαθητική ουροδόχος κύστη, που δεν ταξινομείται αλλού",N
N31.1,"Αντανακλαστική νευροπαθητική ουροδόχος κύστη, που δεν ταξινομείται αλλού",N
N31.2,"Χαλαρή νευροπαθητική ουροδόχος κύστη, που δεν ταξινομείται αλλού",N
N31.8,Άλλη νευρομυϊκή δυσλειτουργία της ουροδόχου κύστης,N
N31.9,"Νευρομυϊκή  δυσλειτουργία της ουροδόχου κύστης, μη καθορισμένη",N
N32,Άλλες διαταραχές της ουροδόχου κύστης,N
N32.0,Απόφραξη του τραχήλου της ουροδόχου κύστης,N
N32.1,Κυστεοεντερικό συρίγγιο,N
N32.2,"Κυστικό συρίγγιο, που δεν ταξινομείται αλλού",N
N32.3,Εκκόλπωμα της ουροδόχου κύστης,N
N32.4,"Ρήξη της ουροδόχου κύστης, μη τραυματική",N
N32.8,Άλλες καθορισμένες διαταραχές της ουροδόχου κύστης,N
N32.9,"Διαταραχή της ουροδόχου κύστης, μη καθορισμένη",N
N34,Ουρηθρίτιδα και ουρηθρικό σύνδρομο,N
N34.0,Ουρηθρικό απόστημα,N
N34.1,Μη ειδική ουρηθρίτιδα,N
N34.2,Άλλη ουρηθρίτιδα,N
N34.3,"Ουρηθρικό σύνδρομο, μη καθορισμένο",N
N35,Στένωση της ουρήθρας,N
N35.0,Μετατραυματική στένωση της ουρήθρας,N
N35.1,"Μεταλοιμώδης στένωση της ουρήθρας, που δεν ταξινομείται αλλού",N
N35.8,Άλλη στένωση της ουρήθρας,N
N35.9,"Στένωση της ουρήθρας, μη καθορισμένη",N
N36,Άλλες διαταραχές της ουρήθρας,N
N36.0,Ουρηθρικό συρίγγιο,N
N36.1,Ουρηθρικό εκκόλπωμα,N
N36.2,Ουρηθρικό έκφυμα,N
N36.3,Πρόπτωση του ουρηθρικού βλεννογόνου,N
N36.8,Άλλες καθορισμένες διαταραχές της ουρήθρας,N
N36.9,"Διαταραχή της ουρήθρας, μη καθορισμένη",N
N39,Άλλες διαταραχές του ουροποιητικού συστήματος,N
N39.0,"Λοίμωξη του ουροποιητικού, μη καθορισμένης εντόπισης",N
N39.1,"Εμμένουσα πρωτεϊνουρία, μη καθορισμένη",N
N39.2,"Ορθοστατική πρωτεϊνουρία, μη καθορισμένη",N
N39.3,Ακράτεια ούρων από προσπάθεια,N
N39.4,Άλλη καθορισμένη ακράτεια ούρων,N
N39.8,Άλλες καθορισμένες διαταραχές του ουροποιητικού συστήματος,N
N39.9,"Διαταραχή του ουροποιητικού συστήματος, μη καθορισμένη",N
N40,Υπερπλασία του προστάτη,N
N41,Φλεγμονώδη νοσήματα του προστάτη,N
N41.0,Οξεία προστατίτιδα,N
N41.1,Χρόνια προστατίτιδα,N
N41.2,Απόστημα του προστάτη,N
N41.3,Προστατοκυστίτιδα,N
N41.8,Άλλα φλεγμονώδη νοσήματα του προστάτη,N
N41.9,"Φλεγμονώδη νοσήματα του προστάτη, μη καθορισμένα",N
N42,Άλλες διαταραχές του προστάτη,N
N42.0,Λιθίαση του προστάτη,N
N42.1,Συμφόρηση και αιμορραγία του προστάτη,N
N42.2,Ατροφία του προστάτη,N
N42.8,Άλλες καθορισμένες διαταραχές του προστάτη,N
N42.9,"Διαταραχή του προστάτη, μη καθορισμένη",N
N43,Υδροκήλη και σπερματοκήλη,N
N43.0,Εγκυστωμένη υδροκήλη,N
N43.1,Επιμολυσμένη υδροκήλη,N
N43.2,Άλλες μορφές υδροκήλης,N
N43.3,"Υδροκήλη, μη καθορισμένη",N
N43.4,Σπερματοκήλη,N
N44,Συστροφή όρχεος,N
N45,Ορχίτιδα και επιδιδυμίτιδα,N
N45.0,"Ορχίτιδα, επιδιδυμίτιδα και ορχεοεπιδιδυμίτιδα με απόστημα",N
N45.9,"Ορχίτιδα, επιδιδυμίτιδα και ορχεοεπιδιδυμίτιδα, χωρίς απόστημα",N
N46,Στειρότητα στον άνδρα,N
N47,"Υπερτροφία πόσθης, φίμωση και παραφίμωση",N
N48,Άλλες διαταραχές του πέους,N
N48.0,Λευκοπλακία του πέους,N
N48.1,Βαλανοποσθίτιδα,N
N48.2,Άλλες φλεγμονώδεις διαταραχές του πέους,N
N48.3,Πριαπισμός,N
N48.4,Στυτική δυσλειτουργία οργανικής αιτιολογίας,N
N48.5,Έλκος του πέους,N
N48.6,Σκλήρυνση των σηραγγωδών σωμάτων του πέους,N
N48.8,Άλλες καθορισμένες διαταραχές του πέους,N
N48.9,"Διαταραχή του πέους, μη καθορισμένη",N
N49,"Φλεγμονώδεις διαταραχές των ανδρικών γεννητικών οργάνων, που δεν ταξινομούνται αλλού",N
N49.0,Φλεγμονώδεις διαταραχές της σπερματοδόχου κύστης,N
N49.1,"Φλεγμονώδεις διαταραχές του σπερματικού τόνου, του ελυτροειδούς χιτώνα και του σπερματικού πόρου",N
N49.2,Φλεγμονώδεις διαταραχές του όσχεου,N
N49.8,Φλεγμονώδεις διαταραχές άλλων καθορισμένων ανδρικών γεννητικών οργάνων,N
N49.9,Φλεγμονώδης διαταραχή μη καθορισμένου ανδρικού γεννητικού οργάνου,N
N50,Άλλες διαταραχές των ανδρικών γεννητικών οργάνων,N
N50.0,Ατροφία του όρχεος,N
N50.1,Αγγειακές διαταραχές ανδρικών γεννητικών οργάνων,N
N50.8,Άλλες καθορισμένες διαταραχές των ανδρικών γεννητικών οργάνων,N
N50.9,"Διαταραχή των ανδρικών γεννητικών οργάνων, μη καθορισμένη",N
N60,Καλοήθης δυσπλασία του μαστού,N
N60.0,Μονήρης κύστη του μαστού,N
N60.1,Διάχυτη κυστική μαστοπάθεια,N
N60.2,Ινοαδενωμάτωση του μαστού,N
N60.3,Ινώδης σκλήρυνση του μαστού,N
N60.4,Διάταση των εκφορητικών πόρων του μαστού,N
N60.8,Άλλες καλοήθεις δυσπλασίες του μαστού,N
N60.9,"Καλοήθης δυσπλασία του μαστού, μη καθορισμένη",N
N61,Φλεγμονώδεις παθήσεις του μαστού,N
N62,Υπερτροφία του μαστού,N
N63,"Όζος του μαστού, μη καθορισμένος",N
N64,Άλλες διαταραχές του μαστού,N
N64.0,Pαγάδες και συρίγγια της θηλής,N
N64.1,Λιπώδης νέκρωση του μαστού,N
N64.2,Ατροφία του μαστού,N
N64.3,Γαλακτόρροια μη σχετιζόμενη με τοκετό,N
N64.4,Μαστοδυνία,N
N64.5,Άλλα σημεία και συμπτώματα από τον μαστό,N
N64.8,Άλλες καθορισμένες διαταραχές του μαστού,N
N64.9,"Διαταραχή του μαστού, μη καθορισμένη",N
N70,Σαλπιγγίτιδα και φλεγμονή της ωοθήκης,N
N70.0,Οξεία σαλπιγγίτιδα και φλεγμονή της ωοθήκης,N
N70.1,Χρόνια σαλπιγγίτιδα και φλεγμονή της ωοθήκης,N
N70.9,"Σαλπιγγίτιδα και φλεγμονή της ωοθήκης, μη καθορισμένες",N
N71,"Φλεγμονώδης νόσος της μήτρας, εκτός του τραχήλου",N
N71.0,Οξεία φλεγμονώδης νόσος της μήτρας,N
N71.1,Χρόνια φλεγμονώδης νόσος της μήτρας,N
N71.9,"Φλεγμονώδης νόσος της μήτρας, μη καθορισμένη",N
N72,Φλεγμονώδης νόσος του τραχήλου της μήτρας,N
N73,Άλλα φλεγμονώδη νοσήματα των οργάνων της γυναικείας πυέλου,N
N73.0,Οξεία παραμητρίτιδα και κυτταρίτιδα της πυέλου,N
N73.1,Χρόνια παραμητρίτιδα και κυτταρίτιδα της πυέλου,N
N73.2,Μη καθορισμένη παραμητρίτιδα και κυτταρίτιδα της πυέλου,N
N73.3,Οξεία πυελική περιτονίτιδα της γυναίκας,N
N73.4,Χρόνια πυελική περιτονίτιδα της γυναίκας,N
N73.5,"Πυελική περιτονίτιδα της γυναίκας, μη καθορισμένη",N
N73.6,Συμφύσεις του πυελικού περιτοναίου της γυναίκας,N
N73.8,Άλλες καθορισμένες φλεγμονώδεις παθήσεις των οργάνων της γυναικείας πυέλου,N
N73.9,"Φλεγμονώδες νόσημα των οργάνων της γυναικείας πυέλου, μη καθορισμένο",N
N75,Νοσήματα του Βαρθολινείου αδένα,N
N75.0,Κύστη του Βαρθολινείου αδένα,N
N75.1,Απόστημα του Βαρθολινείου αδένα,N
N75.8,Άλλα νοσήματα του Βαρθολινείου αδένα,N
N75.9,"Νόσημα του Βαρθολινείου αδένα, μη καθορισμένο",N
N76,Άλλες φλεγμονές του κόλπου και του αιδοίου,N
N76.0,Οξεία κολπίτιδα,N
N76.1,Υποξεία και χρόνια κολπίτιδα,N
N76.2,Οξεία φλεγμονή του αιδοίου,N
N76.3,Υποξεία και χρόνια φλεγμονή του αιδοίου,N
N76.4,Απόστημα του αιδοίου,N
N76.5,Εξέλκωση του κόλπου,N
N76.6,Εξέλκωση του αιδοίου,N
N76.8,Άλλη καθορισμένη φλεγμονή του κόλπου και του αιδοίου,N
N80,Ενδομητρίωση,N
N80.0,Ενδομητρίωση της μήτρας,N
N80.1,Ενδομητρίωση της ωοθήκης,N
N80.2,Ενδομητρίωση της σάλπιγγας,N
N80.3,Ενδομητρίωση του πυελικού περιτοναίου,N
N80.4,Ενδομητρίωση του ορθοκολπικού διαφράγματος και του κόλπου,N
N80.5,Ενδομητρίωση του εντέρου,N
N80.6,Ενδομητρίωση σε δερματική ουλή,N
N80.8,Άλλη ενδομητρίωση,N
N80.9,"Ενδομητρίωση, μη καθορισμένη",N
N81,Πρόπτωση των γυναικείων γεννητικών οργάνων,N
N81.0,Ουρηθροκήλη των γυναικών,N
N81.1,Κυστεοκήλη,N
N81.2,Μερική πρόπτωση του κόλπου και της μήτρας,N
N81.3,Ολική πρόπτωση του κόλπου και της μήτρας,N
N81.4,"Πρόπτωση του κόλπου και της μήτρας, μη καθορισμένη",N
N81.5,Κολπική εντεροκήλη,N
N81.6,Ορθοκήλη,N
N81.8,Άλλη πρόπτωση των γυναικείων γεννητικών οργάνων,N
N81.9,"Πρόπτωση των γυναικείων γεννητικών οργάνων, μη καθορισμένη",N
N82,Συρίγγια των γυναικείων γεννητικών οργάνων,N
N82.0,Κυστεοκολπικό συρίγγιο,N
N82.1,Άλλα συρίγγια μεταξύ οργάνων του γυναικείου ουρογεννητικού συστήματος,N
N82.2,Συρίγγιο του κόλπου προς το λεπτό έντερο,N
N82.3,Συρίγγιο του κόλπου προς το παχύ έντερο,N
N82.4,Άλλα συρίγγια μεταξύ γυναικείων γεννητικών οργάνων και εντέρου,N
N82.5,Συρίγγια μεταξύ των γυναικείων γεννητικών οργάνων και του δέρματος,N
N82.8,Άλλα συρίγγια των γυναικείων γεννητικών οργάνων,N
N82.9,"Συρίγγιο των γυναικείων γεννητικών οργάνων, μη καθορισμένο",N
N83,"Μη φλεγμονώδεις παθήσεις της ωοθήκης, της σάλπιγγας και του πλατέος συνδέσμου",N
N83.0,Θυλακιώδης κύστη της ωοθήκης,N
N83.1,Κύστη του ωχρού σωματίου,N
N83.2,Άλλες και μη καθορισμένες κύστεις των ωοθηκών,N
N83.3,Επίκτητη ατροφία  της ωοθήκης και της σάλπιγγας,N
N83.4,Πρόπτωση και κήλη της ωοθήκης και της σάλπιγγας,N
N83.5,"Συστροφή της ωοθήκης, του μίσχου της ωοθήκης και της σάλπιγγας",N
N83.6,Αιμοσάλπιγγα,N
N83.7,Αιμάτωμα του πλατέος συνδέσμου,N
N83.8,"Άλλες μη φλεγμονώδεις παθήσεις της ωοθήκης, της σάλπιγγας και του πλατέος συνδέσμου",N
N83.9,"Μη φλεγμονώδης πάθηση της ωοθήκης, της σάλπιγγας και του πλατέος συνδέσμου, μη καθορισμένη",N
N84,Πολύποδας των γυναικείων γεννητικών οργάνων,N
N84.0,Πολύποδας του σώματος της μήτρας,N
N84.1,Πολύποδας του τραχήλου της μήτρας,N
N84.2,Πολύποδας του κόλπου,N
N84.3,Πολύποδας του αιδοίου,N
N84.8,Πολύποδας σε άλλα τμήματα των γυναικείων γεννητικών οργάνων,N
N84.9,"Πολύποδας των γυναικείων γεννητικών οργάνων, μη καθορισμένος",N
N85,"Άλλες μη φλεγμονώδεις διαταραχές της μήτρας, εκτός του τραχήλου",N
N85.0,Αδενική υπερπλασία του ενδομητρίου,N
N85.1,Αδενωματώδης υπερπλασία του ενδομητρίου,N
N85.2,Υπερτροφία της μήτρας,N
N85.3,Ατελής υποστροφή της μήτρας,N
N85.4,Ανώμαλες θέσεις της μήτρας,N
N85.5,Αναστροφή της μήτρας,N
N85.6,Ενδομήτριες συμφύσεις,N
N85.7,Αιματόμητρα,N
N85.8,Άλλες καθορισμένες μη φλεγμονώδεις διαταραχές της μήτρας,N
N85.9,"Μη φλεγμονώδης διαταραχή της μήτρας, μη καθορισμένη",N
N86,Διάβρωση και εκτρόπιο του τραχήλου της μήτρας,N
N87,Δυσπλασία του τραχήλου της μήτρας,N
N87.0,Ήπια τραχηλική δυσπλασία,N
N87.1,Μέτρια τραχηλική δυσπλασία,N
N87.2,"Σοβαρή τραχηλική δυσπλασία, που δεν ταξινομείται αλλού",N
N87.9,"Δυσπλασία του τραχήλου της μήτρας, μη καθορισμένη",N
N88,Άλλες μη φλεγμονώδεις διαταραχές του τραχήλου της μήτρας,N
N88.0,Λευκοπλακία του τραχήλου της μήτρας,N
N88.1,Παλαιά ρήξη του τραχήλου της μήτρας,N
N88.2,Στένωση του τραχήλου της μήτρας,N
N88.3,Ανεπάρκεια του τραχήλου της μήτρας,N
N88.4,Υπερτροφική επιμήκυνση του τραχήλου της μήτρας,N
N88.8,Άλλες καθορισμένες μη φλεγμονώδεις διαταραχές του τραχήλου της μήτρας,N
N88.9,"Μη φλεγμονώδης διαταραχή του τραχήλου της μήτρας, μη καθορισμένη",N
N89,Άλλες μη φλεγμονώδεις διαταραχές του κόλπου,N
N89.0,Ήπια δυσπλασία του κόλπου,N
N89.1,Μέτρια δυσπλασία του κόλπου,N
N89.2,"Σοβαρή δυσπλασία του κόλπου, που δεν ταξινομείται αλλού",N
N89.3,"Δυσπλασία του κόλπου, μη καθορισμένη",N
N89.4,Λευκοπλακία του κόλπου,N
N89.5,Στένωση και ατρησία του κόλπου,N
N89.6,Σκληρός παρθενικός υμένας,N
N89.7,Αιματόκολπος,N
N89.8,Άλλες καθορισμένες μη φλεγμονώδεις διαταραχές του κόλπου,N
N89.9,"Μη φλεγμονώδης διαταραχή του τραχήλου, μη καθορισμένη",N
N90,Άλλες μη φλεγμονώδεις διαταραχές του αιδοίου και του περινέου,N
N90.0,Ήπια δυσπλασία του αιδοίου,N
N90.1,Μέτρια δυσπλασία του αιδοίου,N
N90.2,"Σοβαρή δυσπλασία του αιδοίου, που δεν ταξινομείται αλλού",N
N90.3,"Δυσπλασία του αιδοίου, μη καθορισμένη",N
N90.4,Λευκοπλακία του αιδοίου,N
N90.5,Ατροφία του αιδοίου,N
N90.6,Υπερτροφία του αιδοίου,N
N90.7,Κύστη του αιδοίου,N
N90.8,Άλλες καθορισμένες μη φλεγμονώδεις διαταραχές του αιδοίου και του περινέου,N
N90.9,"Μη φλεγμονώδης διαταραχή του αιδοίου και του περινέου, μη καθορισμένη",N
N91,"Αμηνόρροια, ολιγομηνόρροια και αραιομηνόρροια",N
N91.0,Πρωτοπαθής αμηνόρροια,N
N91.1,Δευτεροπαθής αμηνόρροια,N
N91.2,"Αμηνόρροια, μη καθορισμένη",N
N91.3,Πρωτοπαθής ολιγομηνόρροια,N
N91.4,Δευτεροπαθής ολιγομηνόρροια,N
N91.5,"Ολιγομηνόρροια, μη καθορισμένη",N
N92,"Υπερμηνόρροια, πολυμηνόρροια και ανώμαλη εμμηνορρυσία",N
N92.0,Υπερμηνόρροια και πολυμηνόρροια με κανονικό εμμηνορρυσιακό κύκλο,N
N92.1,Υπερμηνόρροια και πολυμηνόρροια με ανώμαλο εμμηνορρυσιακό κύκλο,N
N92.2,Υπερβολική εμμηνορρυσία κατά την εφηβεία,N
N92.3,Αιμορραγία της ωορρηξίας,N
N92.4,Υπερμηνόρροια στην προεμμηνοπαυσιακή περίοδο,N
N92.5,Άλλη καθορισμένη διαταραχή της εμμηνορρυσίας,N
N92.6,"Ανώμαλη εμμηνορρυσία, μη καθορισμένη",N
N93,Άλλη παθολογική αιμορραγία από τη μήτρα και τον κόλπο,N
N93.0,Αιμορραγία κατά και μετά τη συνουσία,N
N93.8,Άλλη καθορισμένη παθολογική αιμορραγία από τη μήτρα και τον κόλπο,N
N93.9,"Παθολογική αιμορραγία από τη μήτρα και τον κόλπο, μη καθορισμένη",N
N94,Άλγος και άλλες καταστάσεις που σχετίζονται με τα γυναικεία γεννητικά όργανα και τον εμμηνορρυσιακό κύκλο,N
N94.0,Πόνος στο μέσο του κύκλου,N
N94.1,Δυσπαρευνία,N
N94.2,Κολεόσπασμος,N
N94.3,Σύνδρομο προεμμηνορρυσιακής τάσης,N
N94.4,Πρωτοπαθής δυσμηνόρροια,N
N94.5,Δευτεροπαθής δυσμηνόρροια,N
N94.6,"Δυσμηνόρροια, μη καθορισμένη",N
N94.8,Άλλες καθορισμένες καταστάσεις που σχετίζονται με τα γυναικεία γεννητικά όργανα και τον εμμηνορρυσιακό κύκλο,N
N94.9,Μη καθορισμένη κατάσταση που σχετίζεται με τα γυναικεία γεννητικά όργανα και τον εμμηνορρυσιακό κύκλο,N
N95,Εμμηνοπαυσιακές και άλλες περιεμμηνοπαυσιακές διαταραχές,N
N95.0,Μετεμμηνοπαυσιακή αιμορραγία,N
N95.1,Εμμηνοπαυσιακές και κλιμακτηριακές καταστάσεις στη γυναίκα,N
N95.2,Μετεμμηνοπαυσιακή ατροφική κολπίτιδα,N
N95.3,Καταστάσεις που σχετίζονται με τεχνητή εμμηνόπαυση,N
N95.8,Άλλες καθορισμένες εμμηνοπαυσιακές και άλλες περιεμμηνοπαυσιακές διαταραχές,N
N95.9,"Εμμηνοπαυσιακή και περιεμμηνοπαυσιακή διαταραχή, μη καθορισμένη",N
N96,Καθ’ έξιν εκτρώσεις,N
N97,Γυναικεία υπογονιμότητα,N
N97.0,Γυναικεία υπογονιμότητα που σχετίζεται με ανωορρηξία,N
N97.1,Γυναικεία υπογονιμότητα σαλπιγγικής προέλευσης,N
N97.2,Γυναικεία υπογονιμότητα μητριαίας προέλευσης,N
N97.3,Γυναικεία υπογονιμότητα τραχηλικής προέλευσης,N
N97.4,Γυναικεία υπογονιμότητα που σχετίζεται με ανδρικούς παράγοντες,N
N97.8,Γυναικεία υπογονιμότητα άλλης προέλευσης,N
N97.9,"Γυναικεία υπογονιμότητα, μη καθορισμένη",N
N98,Επιπλοκές που σχετίζονται με την τεχνητή γονιμοποίηση,N
N98.0,Λοίμωξη που σχετίζεται με την τεχνητή σπερματέγχυση,N
N98.1,Υπερδιέγερση των ωοθηκών,N
N98.2,Επιπλοκές κατά την προσπάθεια εισαγωγής του γονιμοποιημένου ωαρίου μετά από in vitro γονιμοποίηση,N
N98.3,Επιπλοκές κατά την προσπάθεια εισαγωγής εμβρύου κατά την εμβρυομεταφορά,N
N98.8,Άλλες επιπλοκές που σχετίζονται με την τεχνητή γονιμοποίηση,N
N98.9,"Επιπλοκή που σχετίζεται με την τεχνητή γονιμοποίηση, μη καθορισμένη",N
N99,"Μετεπεμβατικές διαταραχές του ουρογεννητικού συστήματος, που δεν ταξινομούνται αλλού",N
N99.0,Μετεπεμβατική νεφρική ανεπάρκεια,N
N99.1,Μετεπεμβατική στένωση της ουρήθρας,N
N99.2,Μετεγχειρητικές συμφύσεις του κόλπου,N
N99.3,Πρόπτωση του θόλου του κόλπου μετά από υστερεκτομία,N
N99.4,Μετεπεμβατικές συμφύσεις του πυελικού περιτοναίου,N
N99.5,Δυσλειτουργία εξωτερικευμένης στομίας του ουροποιητικού συστήματος,N
N99.8,Άλλες μετεπεμβατικές διαταραχές του ουρογεννητικού συστήματος,N
N99.9,"Μετεπεμβατική διαταραχή του ουρογεννητικού συστήματος, μη καθορισμένη",N
O00,Έκτοπη κύηση,O
O00.0,Κοιλιακή κύηση,O
O00.1,Ωαγωγική κύηση,O
O00.2,Ωοθηκική κύηση,O
O00.8,Άλλη έκτοπη κύηση,O
O00.9,"Έκτοπη κύηση, μη καθορισμένη",O
O01,Υδατιδώδης μύλη κύηση,O
O01.0,Κλασσική υδατιδώδης (ή βοτρυοειδής) μύλη κύηση,O
O01.1,Ατελής και μερική υδατιδώδης μύλη κύηση,O
O01.9,"Υδατιδώδης μύλη κύηση, μη καθορισμένη",O
O02,Άλλα παθολογικά προϊόντα της σύλληψης,O
O02.0,Κενός εμβρυϊκός σάκος και μη υδατιδώδης μύλη κύηση,O
O02.1,Παλίνδρομη κύηση,O
O02.8,Άλλα καθορισμένα παθολογικά προϊόντα της σύλληψης,O
O02.9,"Παθολογικό προϊόν της σύλληψης, μη καθορισμένο",O
O03,Αυτόματη έκτρωση,O
O04,Ιατρική έκτρωση (άμβλωση),O
O05,Άλλη έκτρωση,O
O06,Μη καθορισμένη έκτρωση,O
O07,Ανεπιτυχής προσπάθεια έκτρωσης,O
O07.0,"Αποτυχημένη ιατρική έκτρωση, επιπλεγμένη από λοίμωξη των γεννητικών οργάνων και της πυέλου",O
O07.1,"Αποτυχημένη ιατρική έκτρωση, επιπλεγμένη από καθυστερημένη ή υπερβολική αιμορραγία",O
O07.2,"Αποτυχημένη ιατρική έκτρωση, επιπλεγμένη από εμβολή",O
O07.3,"Αποτυχημένη ιατρική έκτρωση, με άλλες και μη καθορισμένες επιπλοκές",O
O07.4,"Αποτυχημένη ιατρική έκτρωση, χωρίς επιπλοκή",O
O07.5,"Άλλη και μη καθορισμένη αποτυχημένη προσπάθεια έκτρωσης, επιπλεγμένη από λοίμωξη των γεννητικών οργάνων και της πυέλου",O
O07.6,"Άλλη και μη καθορισμένη αποτυχημένη προσπάθεια έκτρωσης, επιπλεγμένη από καθυστερημένη ή υπερβολική αιμορραγία",O
O07.7,"Άλλη και μη καθορισμένη αποτυχημένη προσπάθεια έκτρωσης, επιπλεγμένη από εμβολή",O
O07.8,"Άλλη και μη καθορισμένη αποτυχημένη προσπάθεια έκτρωσης, με άλλες και μη καθορισμένες επιπλοκές",O
O07.9,"Άλλη και μη καθορισμένη αποτυχημένη προσπάθεια έκτρωσης, χωρίς επιπλοκή",O
O08,Επιπλοκές μετά από έκτρωση και έκτοπη και μύλη κύηση,O
O08.0,Λοίμωξη των γυναικείων γεννητικών οργάνων και της πυέλου μετά από έκτρωση και έκτοπη και μύλη κύηση,O
O08.1,Καθυστερημένη ή υπερβολική αιμορραγία μετά από έκτρωση και έκτοπη και μύλη κύηση,O
O08.2,Εμβολή μετά από έκτρωση και έκτοπη και μύλη κύηση,O
O08.3,Καταπληξία [shock] μετά από έκτρωση και έκτοπη και μύλη κύηση,O
O08.4,Νεφρική ανεπάρκεια μετά από έκτρωση και έκτοπη και μύλη κύηση,O
O08.5,Μεταβολικές διαταραχές μετά από έκτρωση και έκτοπη και μύλη κύηση,O
O08.6,Βλάβη των πυελικών οργάνων και ιστών μετά από έκτρωση και έκτοπη και μύλη κύηση,O
O08.7,Άλλες φλεβικές επιπλοκές μετά από έκτρωση και έκτοπη και μύλη κύηση,O
O08.8,Άλλες επιπλοκές μετά από έκτρωση και έκτοπη και μύλη κύηση,O
O08.9,"Επιπλοκή μετά από έκτρωση και έκτοπη και μύλη κύηση, μη καθορισμένη",O
O10,"Προϋπάρχουσα υπέρταση που επιπλέκει την κύηση, τον τοκετό και τη λοχεία",O
O10.0,"Προϋπάρχουσα ιδιοπαθής υπέρταση που επιπλέκει την κύηση, τον τοκετό και τη λοχεία",O
O10.1,"Προϋπάρχουσα υπερτασική καρδιοπάθεια που επιπλέκει την κύηση, τον τοκετό και τη λοχεία",O
O10.2,"Προϋπάρχουσα υπερτασική νεφρική νόσος που επιπλέκει την κύηση, τον τοκετό και τη λοχεία",O
O10.3,"Προϋπάρχουσα υπερτασική καρδιοπάθεια και νεφρική νόσος που επιπλέκει την κύηση, τον τοκετό και τη λοχεία",O
O10.4,"Προϋπάρχουσα δευτεροπαθής υπέρταση που επιπλέκει την κύηση, τον τοκετό και τη λοχεία",O
O10.9,"Μη καθορισμένη προϋπάρχουσα υπέρταση που επιπλέκει την κύηση, τον τοκετό και τη λοχεία",O
O11,Προϋπάρχουσα υπερτασική διαταραχή με νεοεγκαθιστάμενη πρωτεϊνουρία,O
O12,Οίδημα της κύησης και πρωτεϊνουρία χωρίς υπέρταση,O
O12.0,Οίδημα της κύησης,O
O12.1,Πρωτεϊνουρία της κύησης,O
O12.2,Οίδημα της κύησης με πρωτεϊνουρία,O
O13,Υπέρταση της κύησης χωρίς σημαντική πρωτεϊνουρία,O
O14,Υπέρταση της κύησης με σημαντική πρωτεϊνουρία,O
O14.0,Μέτρια προεκλαμψία,O
O14.1,Σοβαρή προεκλαμψία,O
O14.9,"Προεκλαμψία, μη καθορισμένη",O
O15,Εκλαμψία,O
O15.0,Εκλαμψία στην κύηση,O
O15.1,Εκλαμψία στον τοκετό,O
O15.2,Εκλαμψία στη λοχεία,O
O15.9,"Εκλαμψία, μη καθορισμένη ως προς τη χρονική περίοδο",O
O16,Μη καθορισμένη υπέρταση της εγκύου,O
O20,Αιμορραγία στην αρχή της κύησης,O
O20.0,Επαπειλούμενη έκτρωση,O
O20.8,Άλλη αιμορραγία στην αρχή της κύησης,O
O20.9,"Αιμορραγία στην αρχή κύησης, μη καθορισμένη",O
O21,Υπέρμετροι έμετοι της κύησης,O
O21.0,Ήπια υπερέμεση της εγκύου,O
O21.1,Υπερεμέση της εγκύου με μεταβολικές διαταραχές,O
O21.2,Όψιμοι έμετοι της κύησης,O
O21.8,Άλλες περιπτώσεις εμέτων που επιπλέκουν την κύηση,O
O21.9,"Έμετοι της κύησης, μη καθορισμένοι",O
O22,Φλεβικές επιπλοκές στην κύηση,O
O22.0,Κιρσοί κάτω άκρου στην κύηση,O
O22.1,Κιρσοί του γεννητικού συστήματος στην κύηση,O
O22.2,Επιπολής θρομβοφλεβίτιδα στην κύηση,O
O22.3,Εν τω βάθει φλεβική θρόμβωση στην κύηση,O
O22.4,Αιμορροΐδες στην κύηση,O
O22.5,Θρόμβωση των εγκεφαλικών φλεβών στην κύηση,O
O22.8,Άλλες φλεβικές επιπλοκές στην κύηση,O
O22.9,"Φλεβική επιπλοκή στην κύηση, μη καθορισμένη",O
O23,Λοιμώξεις της ουρογεννητικής οδού στην κύηση,O
O23.0,Λοιμώξεις των νεφρών στην κύηση,O
O23.1,Λοιμώξεις της ουροδόχου κύστης στην κύηση,O
O23.2,Λοιμώξεις της ουρήθρας στην κύηση,O
O23.3,Λοιμώξεις άλλων τμημάτων της ουροποιητικής οδού στην κύηση,O
O23.4,Μη καθορισμένη λοίμωξη της ουροποιητικής οδού στην κύηση,O
O23.5,Λοιμώξεις της γεννητικής οδού στην κύηση,O
O23.9,Άλλη και μη καθορισμένη λοίμωξη της ουρογεννητικής οδού στην κύηση,O
O24,Σακχαρώδης διαβήτης στην κύηση,O
O24.0,"Προϋπάρχων σακχαρώδης διαβήτης, ινσουλινοεξαρτώμενος",O
O24.1,"Προϋπάρχων σακχαρώδης διαβήτης, μη ινσουλινοεξαρτώμενος",O
O24.2,"Προϋπάρχων σακχαρώδης διαβήτης, που σχετίζεται με διαταραχές της θρέψης",O
O24.3,"Προϋπάρχων σακχαρώδης διαβήτης, μη καθορισμένος",O
O24.4,Σακχαρώδης διαβήτης που εμφανίζεται κατά τη διάρκεια της κύησης,O
O24.9,"Σακχαρώδης διαβήτης στην κύηση, μη καθορισμένος",O
O25,Υποσιτισμός στην κύηση,O
O26,Φροντίδα της εγκύου για άλλες καταστάσεις που σχετίζονται κυρίως με την κύηση,O
O26.0,Υπερβολική αύξηση του βάρους κατά την κύηση,O
O26.1,Μικρή αύξηση του βάρους κατά την κύηση,O
O26.2,Φροντίδα της εγκύου με ιστορικό καθ' έξιν εκτρώσεων,O
O26.3,Παραμονή ενδομήτριας αντισυλληπτικής συσκευής κατά την κύηση,O
O26.4,Έρπητας της κύησης,O
O26.5,Σύνδρομο μητρικής υπότασης,O
O26.6,"Διαταραχές του ήπατος στην κύηση, τον τοκετό και τη λοχεία",O
O26.7,"Υπεξάρθρημα της (ηβικής) σύμφυσης στην κύηση, τον τοκετό και τη λοχεία",O
O26.8,Άλλες καθορισμένες καταστάσεις που σχετίζονται με την κύηση,O
O26.9,"Κατάσταση που σχετίζεται με την κύηση, μη καθορισμένη",O
O28,Παθολογικά ευρήματα σε προγεννητικό έλεγχο της εγκύου,O
O28.0,Παθολογικό αιματολογικό εύρημα κατά τον προγεννητικό έλεγχο της εγκύου,O
O28.1,Παθολογικό βιοχημικό εύρημα κατά τον προγεννητικό έλεγχο της εγκύου,O
O28.2,Παθολογικό κυτταρολογικό εύρημα κατά τον προγεννητικό έλεγχο της εγκύου,O
O28.3,Παθολογικό υπερηχογραφικό εύρημα κατά τον προγεννητικό έλεγχο της εγκύου,O
O28.4,Παθολογικό ακτινολογικό εύρημα κατά τον προγεννητικό έλεγχο της εγκύου,O
O28.5,Παθολογικό χρωματοσωμικό και γενετικό εύρημα κατά τον προγεννητικό έλεγχο της εγκύου,O
O28.8,Άλλα παθολογικά ευρήματα κατά τον προγεννητικό έλεγχο της εγκύου,O
O28.9,"Παθολογικό εύρημα σε προγεννητικό έλεγχο της εγκύου, μη καθορισμένο",O
O29,Επιπλοκές της αναισθησίας κατά τη διάρκεια της κύησης,O
O29.0,Αναπνευστικές επιπλοκές της αναισθησίας κατά τη διάρκεια της κύησης,O
O29.1,Καρδιακές επιπλοκές της αναισθησίας κατά τη διάρκεια της κύησης,O
O29.2,Επιπλοκές του κεντρικού νευρικού συστήματος λόγω αναισθησίας κατά τη διάρκεια της κύησης,O
O29.3,Τοξική αντίδραση προς την τοπική αναισθησία κατά τη διάρκεια της κύησης,O
O29.4,Κεφαλαλγία προκαλούμενη από ραχιαία και επισκληρίδια αναισθησία κατά τη διάρκεια της κύησης,O
O29.5,Άλλες επιπλοκές της ραχιαίας και επισκληρίδιας αναισθησίας κατά τη διάρκεια της κύησης,O
O29.6,Αποτυχημένη ή δύσκολη διασωλήνωση κατά τη διάρκεια της κύησης,O
O29.8,Άλλες επιπλοκές της αναισθησίας κατά τη διάρκεια της κύησης,O
O29.9,"Επιπλοκή της αναισθησίας κατά τη διάρκεια της κύησης, μη καθορισμένη",O
O30,Πολύδυμη κύηση,O
O30.0,Δίδυμη κύηση,O
O30.1,Τρίδυμη κύηση,O
O30.2,Τετράδυμη κύηση,O
O30.8,Άλλη πολύδυμη κύηση,O
O30.9,"Πολύδυμη κύηση, μη καθορισμένη",O
O31,Επιπλοκές ειδικές για την πολύδυμη κύηση,O
O31.0,Παπυροειδές έμβρυο,O
O31.1,Συνέχιση της κύησης μετά την αποβολή ενός ή περισσοτέρων εμβρύων,O
O31.2,Συνέχιση της κύησης μετά τον ενδομήτριο θάνατο ενός ή περισσοτέρων εμβρύων,O
O31.8,Άλλες επιπλοκές ειδικές της πολύδυμης κύησης,O
O32,Φροντίδα της μητέρας για γνωστή ανώμαλη προβολή ή υποψία ανώμαλης προβολής του εμβρύου,O
O32.0,Φροντίδα της μητέρας για ασταθή προβολή του εμβρύου,O
O32.1,Φροντίδα της μητέρας για ισχιακή προβολή του εμβρύου,O
O32.2,Φροντίδα της μητέρας για εγκάρσια και λοξή προβολή του εμβρύου,O
O32.3,"Φροντίδα της μητέρας για προσωπική, μετωπική και πωγωνική προβολή του εμβρύου",O
O32.4,Φροντίδα της μητέρας για υψηλή θέση της κεφαλής του εμβρύου,O
O32.5,Φροντίδα της μητέρας για πολύδυμη κύηση με ανώμαλη προβολή ενός ή περισσοτέρων εμβρύων,O
O32.6,Φροντίδα της μητέρας για μικτή προβολή του εμβρύου,O
O32.8,Φροντίδα της μητέρας για ανώμαλη προβολή του εμβρύου,O
O32.9,"Φροντίδα της μητέρας για ανώμαλη προβολή του εμβρύου, μη καθορισμένη",O
O33,Φροντίδα της μητέρας για γνωστή δυσαναλογία ή υποψία δυσαναλογίας,O
O33.0,Φροντίδα της μητέρας για δυσαναλογία λόγω δυσμορφίας των οστών της πυέλου της,O
O33.1,Φροντίδα της μητέρας για δυσαναλογία από μείωση όλων των διαστάσεων της πυέλου,O
O33.2,Φροντίδα της μητέρας για δυσαναλογία από στένωση της εισόδου (άνω στομίου) της πυέλου,O
O33.3,Φροντίδα της μητέρας για δυσαναλογία από στένωση της εξόδου (κάτω στομίου) της πυέλου,O
O33.4,Φροντίδα της μητέρας για μικτή δυσαναλογία μητρικής και εμβρυϊκής αιτιολογίας,O
O33.5,Φροντίδα της μητέρας για δυσαναλογία από ασυνήθιστα μεγάλο έμβρυο,O
O33.6,Φροντίδα της μητέρας για δυσαναλογία από υδροκέφαλο έμβρυο,O
O33.7,Φροντίδα της μητέρας για δυσαναλογία από άλλες εμβρυϊκές δυσμορφίες,O
O33.8,Φροντίδα της μητέρας για δυσαναλογίας από άλλα αίτια,O
O33.9,"Φροντίδα της μητέρας για δυσαναλογία, μη καθορισμένη",O
O34,Φροντίδα της μητέρας για γνωστή ανωμαλία ή υποψία ανωμαλίας των πυελικών οργάνων,O
O34.0,Φροντίδα της μητέρας για συγγενή ανωμαλία της μήτρας,O
O34.1,Φροντίδα της μητέρας για όγκο του σώματος της μήτρας,O
O34.2,Φροντίδα της μητέρας για ουλή της μήτρας από προηγούμενη χειρουργική επέμβαση,O
O34.3,Φροντίδα της μητέρας για ανεπάρκεια του τραχήλου της μήτρας,O
O34.4,Φροντίδα της μητέρας για άλλες ανωμαλίες του τραχήλου της μήτρας,O
O34.5,Φροντίδα της μητέρας για άλλες ανωμαλίες της κυοφορούσας μήτρας,O
O34.6,Φροντίδα της μητέρας για διαταραχές του κόλπου,O
O34.7,Φροντίδα της μητέρας για διαταραχή του αιδοίου και του περινέου,O
O34.8,Φροντίδα της μητέρας για άλλες διαταραχές των πυελικών οργάνων,O
O34.9,"Φροντίδα της μητέρας για διαταραχή των πυελικών οργάνων, μη καθορισμένη",O
O35,Φροντίδα της μητέρας για γνωστή ανωμαλία και βλάβη ή υποψία ανωμαλίας και βλάβης του εμβρύου,O
O35.0,Φροντίδα της μητέρας για (ύποπτη) διαμαρτία διάπλασης του κεντρικού νευρικού συστήματος στο έμβρυο,O
O35.1,Φροντίδα της μητέρας για (ύποπτη) χρωμοσωμική ανωμαλία στο έμβρυο,O
O35.2,Φροντίδα της μητέρας για (ύποπτο) κληρονομικό νόσημα στο έμβρυο,O
O35.3,Φροντίδα της μητέρας για (ύποπτη) βλάβη στο έμβρυο από ιογενή νοσήματα της μητέρας,O
O35.4,Φροντίδα της μητέρας για (ύποπτη) βλάβη στο έμβρυο από αλκοόλ,O
O35.5,Φροντίδα της μητέρας για (ύποπτη) βλάβη στο έμβρυο από φάρμακα,O
O35.6,Φροντίδα της μητέρας για (ύποπτη) βλάβη στο έμβρυο από ακτινοβολία,O
O35.7,Φροντίδα της μητέρας για (ύποπτη) βλάβη στο έμβρυο από άλλες ιατρικές επεμβάσεις,O
O35.8,Φροντίδα της μητέρας για (ύποπτη) ανωμαλία και βλάβη του εμβρύου,O
O35.9,"Φροντίδα της μητέρας για (ύποπτη) ανωμαλία και βλάβη του εμβρύου, μη καθορισμένη",O
O36,Φροντίδα της μητέρας για άλλα γνωστά προβλήματα ή υποψία προβλημάτων του εμβρύου,O
O36.0,Φροντίδα της μητέρας για Rh ισοανοσοποίηση,O
O36.1,Φροντίδα της μητέρας για άλλη ισοανοσοποίηση,O
O36.2,Φροντίδα της μητέρας για εμβρυϊκό ύδρωπα,O
O36.3,Φροντίδα της μητέρας για σημεία εμβρυϊκής υποξίας,O
O36.4,Φροντίδα της μητέρας για ενδομήτριο θάνατο του εμβρύου,O
O36.5,Φροντίδα της μητέρας για πτωχή ανάπτυξη του εμβρύου,O
O36.6,Φροντίδα της μητέρας για υπερβολική ανάπτυξη του εμβρύου,O
O36.7,Φροντίδα της μητέρας για βιώσιμο έμβρυο σε κοιλιακή κύηση,O
O36.8,Φροντίδα της μητέρας για άλλα καθορισμένα προβλήματα του εμβρύου,O
O36.9,"Φροντίδα της μητέρας για πρόβλημα του εμβρύου, μη καθορισμένο",O
O40,Πολυάμνιο,O
O41,Άλλες διαταραχές του αμνιακού υγρού και των εμβρυϊκών υμένων,O
O41.0,Ολιγάμνιο,O
O41.1,Λοίμωξη του αμνιακού σάκου και των εμβρυϊκών υμένων,O
O41.8,Άλλες καθορισμένες διαταραχές του αμνιακού υγρού και των εμβρυϊκών υμένων,O
O41.9,"Διαταραχή του αμνιακού υγρού και των εμβρυϊκών υμένων, μη καθορισμένη",O
O42,Πρώιμη ρήξη των εμβρυϊκών υμένων,O
O42.0,"Πρώιμη ρήξη των εμβρυϊκών υμένων, έναρξη του τοκετού μέσα σε 24 ώρες",O
O42.1,"Πρώιμη ρήξη των εμβρυϊκών υμένων, έναρξη του τοκετού μετά από 24 ώρες",O
O42.2,"Πρώιμη ρήξη των εμβρυϊκών υμένων, καθυστέρηση του τοκετού λόγω θεραπείας",O
O42.9,"Πρώιμη ρήξη των εμβρυϊκών υμένων, μη καθορισμένη",O
O43,Διαταραχές του πλακούντα,O
O43.0,Σύνδρομα πλακουντιακής μετάγγισης,O
O43.1,Δυσμορφία του πλακούντα,O
O43.8,Άλλες διαταραχές του πλακούντα,O
O43.9,"Διαταραχή του πλακούντα, μη καθορισμένη",O
O44,Προδρομικός πλακούντας,O
O44.0,Προδρομικός πλακούντας χωρίς αιμορραγία,O
O44.1,Προδρομικός πλακούντας με αιμορραγία,O
O45,Πρόωρη αποκόλληση του πλακούντα [abruptio placentae],O
O45.0,Πρόωρη αποκόλληση του πλακούντα με διαταραχή της πήξης,O
O45.8,Άλλη πρόωρη αποκόλληση του πλακούντα,O
O45.9,"Πρόωρη αποκόλληση του πλακούντα, μη καθορισμένη",O
O46,"Αιμορραγία προ του τοκετού, που δεν ταξινομείται αλλού",O
O46.0,Αιμορραγία προ του τοκετού με διαταραχή της πήξης,O
O46.8,Άλλη αιμορραγία προ του τοκετού,O
O46.9,"Αιμορραγία προ του τοκετού, μη καθορισμένη",O
O47,Ψευδής έναρξη τοκετού,O
O47.0,Ψευδής έναρξη τοκετού πριν τη συμπλήρωση 37 εβδομάδων κύησης,O
O47.1,Ψευδής έναρξη τοκετού στις 37 εβδομάδες ή μετά τη συμπλήρωση 37 εβδομάδων κύησης,O
O47.9,"Ψευδής έναρξη τοκετού, μη καθορισμένη",O
O48,Παράταση της κύησης,O
O60,Πρόωρος τοκετός,O
O60.0,Πρόωρος τοκετός χωρίς γέννηση,O
O60.1,Πρόωρος τοκετός με πρόωρη γέννηση,O
O60.2,Πρόωρος τοκετός με τελειόμηνη γέννηση,O
O61,Ανεπιτυχής πρόκληση τοκετού,O
O61.0,Ανεπιτυχής ιατρογενής πρόκληση του τοκετού,O
O61.1,Ανεπιτυχής πρόκληση τοκετού μέσω ιατρικών οργάνων,O
O61.8,Άλλη ανεπιτυχής πρόκληση τοκετού,O
O61.9,"Ανεπιτυχής πρόκληση τοκετού, μη καθορισμένη",O
O62,Ανωμαλίες των ωδινών του τοκετού,O
O62.0,Πρωτοπαθείς ανεπαρκείς συστολές,O
O62.1,Δευτεροπαθής αδράνεια της μήτρας,O
O62.2,Άλλη αδράνεια της μήτρας,O
O62.3,Εσπευσμένος τοκετός,O
O62.4,"Υπερτονικές, ασυντόνιστες και παρατεταμένες μητριαίες συσπάσεις",O
O62.8,Άλλες ανωμαλίες των ωδινών του τοκετού,O
O62.9,"Ανωμαλία των ωδινών του τοκετού, μη καθορισμένη",O
O63,Παρατεταμένος τοκετός,O
O63.0,Παράταση του πρώτου σταδίου (του τοκετού),O
O63.1,Παράταση του δεύτερου σταδίου (του τοκετού),O
O63.2,"Παράταση στη γέννηση του δεύτερου διδύμου, τριδύμου κτλ.",O
O63.9,"Παρατεταμένος τοκετός, μη καθορισμένος",O
O64,Δυστοκία που οφείλεται σε ανώμαλη θέση και προβολή του εμβρύου,O
O64.0,Δυστοκία που οφείλεται σε ατελή στροφή της κεφαλής του εμβρύου,O
O64.1,Δυστοκία που οφείλεται σε ισχιακή προβολή,O
O64.2,Δυστοκία που οφείλεται σε προσωπική προβολή,O
O64.3,Δυστοκία που οφείλεται σε μετωπική προβολή,O
O64.4,Δυστοκία που οφείλεται σε προβολή δια των ώμων,O
O64.5,Δυστοκία που οφείλεται σε μεικτή προβολή,O
O64.8,Δυστοκία που οφείλεται σε άλλη ανώμαλη θέση και προβολή του εμβρύου,O
O64.9,"Δυστοκία από ανώμαλη θέση και προβολή του εμβρύου, μη καθορισμένη",O
O65,Δυστοκία που οφείλεται σε ανωμαλία της πυέλου της εγκύου,O
O65.0,Δυστοκία που οφείλεται σε δυσμορφία της πυέλου,O
O65.1,Δυστοκία που οφείλεται σε μείωση όλων των διαστάσεων της πυέλου,O
O65.2,Δυστοκία που οφείλεται σε στένωση της εισόδου (άνω στομίου) της πυέλου,O
O65.3,Δυστοκία που οφείλεται σε στένωση της εξόδου (κάτω στομίου) της πυέλου και της πυελικής κοιλότητας,O
O65.4,"Δυστοκία που οφείλεται σε εμβρυοπυελικής δυσαναλογία, μη καθορισμένη",O
O65.5,Δυστοκία που οφείλεται σε ανωμαλία των πυελικών οργάνων της εγκύου,O
O65.8,Δυστοκία που οφείλεται σε άλλες ανωμαλίες της πυέλου της εγκύου,O
O65.9,"Δυστοκία που οφείλεται σε ανωμαλία της πυέλου της εγκύου, μη καθορισμένη",O
O66,Άλλες δυστοκίες,O
O66.0,Δυστοκία των ώμων,O
O66.1,Δυστοκία που οφείλεται σε κράτηση διδύμων [εμπεπλεγμένα δίδυμα],O
O66.2,Δυστοκία που οφείλεται σε ασυνήθιστα μεγάλο έμβρυο,O
O66.3,Δυστοκία που οφείλεται σε άλλες ανωμαλίες του εμβρύου,O
O66.4,"Ανεπιτυχής προσπάθεια τοκετού, μη καθορισμένη",O
O66.5,"Ανεπιτυχής εφαρμογή σικυουλκίας και εμβρυουλκίας, μη καθορισμένη",O
O66.8,Άλλη καθορισμένη μορφή δυστοκίας,O
O66.9,"Δυστοκία, μη καθορισμένη",O
O67,"Τοκετός που επιπλέκεται με αιμορραγία κατά τη διάρκειά του,  που δεν ταξινομείται αλλού",O
O67.0,Αιμορραγία κατά τη διάρκεια του τοκετού με διαταραχή της πήξης,O
O67.8,Άλλη αιμορραγία κατά τη διάρκεια του τοκετού,O
O67.9,"Αιμορραγία κατά τη διάρκεια του τοκετού, μη καθορισμένη",O
O68,Τοκετός που επιπλέκεται από εμβρυϊκή δυσχέρεια,O
O68.0,Τοκετός που επιπλέκεται από ανωμαλία του καρδιακού ρυθμού του εμβρύου,O
O68.1,Τοκετός που επιπλέκεται με παρουσία μηκωνίου στο αμνιακό υγρό,O
O68.2,Τοκετός που επιπλέκεται από ανωμαλία του καρδιακού ρυθμού του εμβρύου με παρουσία μηκωνίου στο αμνιακό υγρό,O
O68.3,Τοκετός που επιπλέκεται από εμβρυϊκή δυσχέρεια βιοχημικά αποδεδειγμένη,O
O68.8,Τοκετός που επιπλέκεται από εμβρυϊκή δυσχέρεια η οποία αποδεικνύεται με άλλους τρόπους,O
O68.9,"Τοκετός που επιπλέκεται από εμβρυϊκή δυσχέρεια, μη καθορισμένη",O
O69,Τοκετός που επιπλέκεται από επιπλοκές του ομφάλιου λώρου,O
O69.0,Τοκετός που επιπλέκεται από πρόπτωση του ομφάλιου λώρου,O
O69.1,"Τοκετός που επιπλέκεται από περιέλιξη του ομφάλιου λώρου γύρω από τον λαιμό, με συμπίεση",O
O69.2,Τοκετός που επιπλέκεται από άλλες μορφές περιέλιξης του ομφάλιου λώρου,O
O69.3,Τοκετός που επιπλέκεται από βραχύ ομφάλιο λώρο,O
O69.4,Τοκετός που επιπλέκεται από προδρομικά αγγεία,O
O69.5,Τοκετός που επιπλέκεται από αγγειακή βλάβη του ομφάλιου λώρου,O
O69.8,Τοκετός που επιπλέκεται από άλλες επιπλοκές του ομφάλιου λώρου,O
O69.9,"Τοκετός που επιπλέκεται από επιπλοκή του ομφάλιου λώρου, μη καθορισμένη",O
O70,Ρήξη του περινέου κατά τη διάρκεια του τοκετού,O
O70.0,Πρώτου βαθμού ρήξη του περινέου κατά τον τοκετό,O
O70.1,Δευτέρου βαθμού ρήξη του περινέου κατά τον τοκετό,O
O70.2,Τρίτου βαθμού ρήξη του περινέου κατά τον τοκετό,O
O70.3,Τετάρτου βαθμού ρήξη του περινέου κατά τον τοκετό,O
O70.9,"Ρήξη του περινέου κατά τη διάρκεια του τοκετού, μη καθορισμένη",O
O71,Άλλοι μαιευτικοί τραυματισμοί,O
O71.0,Ρήξη μήτρας πριν την έναρξη του τοκετού,O
O71.1,Ρήξη μήτρας κατά τη διάρκεια του τοκετού,O
O71.2,Εκστροφή της μήτρας μετά τον τοκετό,O
O71.3,Μαιευτική ρήξη του τραχήλου της μήτρας,O
O71.4,Μαιευτική μεμονωμένη υψηλή κολπική ρήξη,O
O71.5,Άλλος μαιευτικός τραυματισμός στα πυελικά όργανα,O
O71.6,Μαιευτική βλάβη στις αρθρώσεις και τους συνδέσμους της πυέλου,O
O71.7,Μαιευτικό αιμάτωμα της πυέλου,O
O71.8,Άλλος καθορισμένος μαιευτικός τραυματισμός,O
O71.9,"Μαιευτικός τραυματισμός, μη καθορισμένος",O
O72,Αιμορραγία μετά τον τοκετό,O
O72.0,Τρίτου σταδίου αιμορραγία,O
O72.1,Άλλη αιμορραγία αμέσως μετά τον τοκετό,O
O72.2,Καθυστερημένη και δευτεροπαθής αιμορραγία μετά τον τοκετό,O
O72.3,"Διαταραχές της πήξης, μετά τον τοκετό",O
O73,"Κατακράτηση πλακούντα και εμβρυϊκών υμένων, χωρίς αιμορραγία",O
O73.0,Κατακράτηση πλακούντα χωρίς αιμορραγία,O
O73.1,"Κατακράτηση τμημάτων του πλακούντα και των εμβρυϊκών υμένων, χωρίς αιμορραγία",O
O74,Επιπλοκές της αναισθησίας κατά τη διάρκεια του τοκετού,O
O74.0,Πνευμονίτιδα από εισρόφηση που οφείλεται στην αναισθησία κατά τη διάρκεια του τοκετού,O
O74.1,Άλλες αναπνευστικές επιπλοκές της αναισθησίας κατά τη διάρκεια του τοκετού,O
O74.2,Καρδιακές επιπλοκές της αναισθησίας κατά τη διάρκεια του τοκετού,O
O74.3,Επιπλοκές του κεντρικού νευρικού συστήματος από την αναισθησία κατά τη διάρκεια του τοκετού,O
O74.4,Τοξική αντίδραση στην τοπική αναισθησία κατά τη διάρκεια του τοκετού,O
O74.5,Κεφαλαλγία που οφείλεται στη ραχιαία και επισκληρίδιο αναισθησία κατά τη διάρκεια του τοκετού,O
O74.6,Άλλες επιπλοκές της ραχιαίας και επισκληρίδιας αναισθησίας κατά τη διάρκεια του τοκετού,O
O74.7,Ανεπιτυχής ή δυσχερής διασωλήνωση κατά τη διάρκεια του τοκετού,O
O74.8,Άλλες επιπλοκές της αναισθησίας κατά τη διάρκεια του τοκετού,O
O74.9,"Επιπλοκή της αναισθησίας κατά τη διάρκεια του τοκετού, μη καθορισμένη",O
O75,"Άλλες επιπλοκές του τοκετού, που δεν ταξινομούνται αλλού",O
O75.0,Δυσφορία της μητέρας κατά τη διάρκεια του τοκετού,O
O75.1,Καταπληξία (shock) κατά τη διάρκεια ή μετά τον τοκετό,O
O75.2,"Εμφάνιση πυρετού κατά τη διάρκεια του τοκετού, που δεν ταξινομείται αλλού",O
O75.3,Άλλη λοίμωξη κατά τη διάρκεια του τοκετού,O
O75.4,Άλλες επιπλοκές της μαιευτικής χειρουργικής και μαιευτικών χειρισμών,O
O75.5,Παράταση τοκετού μετά από τεχνητή ρήξη των εμβρυϊκών υμένων,O
O75.6,Παράταση τοκετού μετά από αυτόματη ή μη καθορισμένη ρήξη των εμβρυϊκών υμένων,O
O75.7,Κολπικός τοκετός μετά από προηγούμενη καισαρική τομή,O
O75.8,Άλλες καθορισμένες επιπλοκές του τοκετού,O
O75.9,"Επιπλοκή του τοκετού, μη καθορισμένη",O
O80,Φυσιολογικός τοκετός ενός εμβρύου,O
O80.0,Φυσιολογικός τοκετός με βρεγματική προβολή,O
O80.1,Φυσιολογικός τοκετός με ισχιακή προβολή,O
O80.8,Άλλος φυσιολογικός τοκετός ενός εμβρύου,O
O80.9,"Φυσιολογικός τοκετός ενός εμβρύου, μη καθορισμένος",O
O81,Τοκετός ενός εμβρύου με εμβρυουλκία και σικυουλκία,O
O81.0,Τοκετός με χαμηλή εμβρυουλκία,O
O81.1,Τοκετός με εμβριουλκία μέσου ύψους,O
O81.2,"Τοκετός με εμβρυουλκία μέσου ύψους, με στροφή",O
O81.3,Άλλος και μη καθορισμένος τοκετός με εμβρυουλκία,O
O81.4,Τοκετός με σικυουλκία,O
O81.5,Τοκετός με συνδυασμό εμβρυουλκίας και σικουλκίας,O
O82,Τοκετός ενός εμβρύου με καισαρική τομή,O
O82.0,Τοκετός με εκλεκτική [προγραμματισμένη] καισαρική τομή,O
O82.1,Τοκετός με επείγουσα καισαρική τομή,O
O82.2,Τοκετός με καισαρική υστερεκτομία,O
O82.8,Άλλος τοκετός ενός εμβρύου με καισαρική τομή,O
O82.9,"Τοκετός με καισαρική τομή, μη καθορισμένος",O
O83,Άλλος υποβοηθούμενος τοκετός ενός εμβρύου,O
O83.0,Εξελκυσμός εμβρύου με ισχιακή προβολή,O
O83.1,Άλλος υποβοηθούμενος τοκετός με ισχιακή προβολή,O
O83.2,Άλλος υποβοηθούμενος τοκετός με χειρισμούς,O
O83.3,Τοκετός βιώσιμου εμβρύου σε κοιλιακή κύηση,O
O83.4,Καταστροφική επέμβαση για την επίτευξη τοκετού,O
O83.8,Άλλος καθορισμένος υποβοηθούμενος τοκετός ενός εμβρύου,O
O83.9,"Υποβοηθούμενος τοκετός ενός εμβρύου, μη καθορισμένος",O
O84,Τοκετός πολύδυμης κύησης,O
O84.0,"Τοκετός πολυδύμων, όλων με φυσιολογικό τρόπο",O
O84.1,"Τοκετός πολυδύμων, όλων με εμβρυουλκία και σικυουλκία",O
O84.2,"Τοκετός πολυδύμων, όλων με καισαρική τομή",O
O84.8,Άλλες περιπτώσεις τοκετού πολυδύμων,O
O84.9,"Τοκετός πολυδύμων, μη καθορισμένος",O
O85,Επιλόχεια σηψαιμία,O
O86,Άλλες επιλόχειες λοιμώξεις,O
O86.0,Λοίμωξη μαιευτικού χειρουργικού τραύματος,O
O86.1,Άλλη λοίμωξη της γεννητικής οδού μετά τον τοκετό,O
O86.2,Λοίμωξη της ουροποιητικής οδού μετά τον τοκετό,O
O86.3,Άλλες λοιμώξεις της ουρογεννητικής οδού μετά τον τοκετό,O
O86.4,Πυρετός άγνωστης αιτιολογίας μετά τον τοκετό,O
O86.8,Άλλες καθορισμένες επιλόχειες λοιμώξεις,O
O87,Φλεβικές επιπλοκές κατά τη λοχεία,O
O87.0,Επιπολής θρομβοφλεβίτιδα κατά τη λοχεία,O
O87.1,Εν τω βάθει φλεβική θρόμβωση κατά τη λοχεία,O
O87.2,Αιμορροΐδες κατά τη λοχεία,O
O87.3,Θρόμβωση των εγκεφαλικών φλεβών κατά τη λοχεία,O
O87.8,Άλλες φλεβικές επιπλοκές κατά τη λοχεία,O
O87.9,"Φλεβικές επιπλοκές κατά τη λοχεία, μη καθορισμένες",O
O88,Μαιευτική εμβολή,O
O88.0,Μαιευτική εμβολή αέρα,O
O88.1,Εμβολή αμνιακού υγρού,O
O88.2,Μαιευτική εμβολή από θρόμβο του αίματος,O
O88.3,Μαιευτική πυώδης και σηπτική εμβολή,O
O88.8,Άλλη μαιευτική εμβολή,O
O89,Επιπλοκές της αναισθησίας κατά τη διάρκεια της λοχείας,O
O89.0,Πνευμονικές επιπλοκές της αναισθησίας κατά τη διάρκεια της λοχείας,O
O89.1,Καρδιακές επιπλοκές της αναισθησίας κατά τη διάρκεια της λοχείας,O
O89.2,Επιπλοκές από το κεντρικό νευρικό σύστημα της αναισθησίας κατά τη διάρκεια της λοχείας,O
O89.3,Τοξική αντίδραση στην τοπική αναισθησία κατά τη διάρκεια της λοχείας,O
O89.4,Κεφαλαλγία που οφείλεται σε ραχιαία και επισκληρίδιο αναισθησία κατά τη διάρκεια της λοχείας,O
O89.5,Άλλες επιπλοκές της ραχιαίας και επισκληρίδιας αναισθησίας κατά τη διάρκεια της λοχείας,O
O89.6,Ανεπιτυχής ή δυσχερής διασωλήνωση κατά τη διάρκεια της λοχείας,O
O89.8,Άλλες επιπλοκές της αναισθησίας κατά τη διάρκεια της λοχείας,O
O89.9,"Επιπλοκή της αναισθησίας κατά τη διάρκεια της λοχείας, μη καθορισμένη",O
O90,"Επιπλοκές της λοχείας, που δεν ταξινομούνται αλλού",O
O90.0,Ρήξη τραύματος της καισαρικής τομής,O
O90.1,Ρήξη μαιευτικού τραύματος του περινέου,O
O90.2,Αιμάτωμα του μαιευτικού τραύματος,O
O90.3,Μυοκαρδιοπάθεια της λοχείας,O
O90.4,Οξεία νεφρική ανεπάρκεια μετά τον τοκετό,O
O90.5,Θυρεοειδίτιδα μετά τον τοκετό,O
O90.8,"Άλλες επιπλοκές της λοχείας, που δεν ταξινομούνται αλλού",O
O90.9,"Επιπλοκή της λοχείας, μη καθορισμένη",O
O91,Λοιμώξεις του μαστού που σχετίζονται με τον τοκετό,O
O91.0,Λοίμωξη της θηλής συνδεόμενη με τον τοκετό,O
O91.1,Απόστημα του μαστού συνδεόμενο με τον τοκετό,O
O91.2,Μη πυώδης μαστίτιδα συνδεόμενη με τον τοκετό,O
O92,Άλλες διαταραχές του μαστού και της γαλουχίας συνδεόμενες με τον τοκετό,O
O92.0,Εισολκή της θηλής συνδεόμενη με τον τοκετό,O
O92.1,Σχάση της θηλής συνδεόμενη με τον τοκετό,O
O92.2,Άλλες και μη καθορισμένες διαταραχές του μαστού συνδεόμενες με τον τοκετό,O
O92.3,Αγαλακτία,O
O92.4,Υπογαλακτία,O
O92.5,Καταστολή της γαλουχίας,O
O92.6,Γαλακτόρροια,O
O92.7,Άλλες και μη καθορισμένες διαταραχές της γαλουχίας,O
O94,"Όψιμα αποτελέσματα της επιπλοκής της κύησης, του τοκετού και της λοχείας",O
O95,Μαιευτικός θάνατος ακαθόριστης αιτιολογίας,O
O96,"Θάνατος από οποιαδήποτε μαιευτική αιτία που συμβαίνει σε περισσότερες από 42 ημέρες, αλλά σε λιγότερο από ένα χρόνο μετά τον τοκετό",O
O97,Θάνατος από όψιμα αποτελέσματα άμεσων μαιευτικών αιτιών,O
O98,"Λοιμώδη και παρασιτικά νοσήματα της μητέρας που ταξινομούνται αλλού αλλά επιπλέκουν την κύηση, τον τοκετό και τη λοχεία",O
O98.0,"Φυματίωση που επιπλέκει την κύηση, τον τοκετό και τη λοχεία",O
O98.1,"Σύφιλη που επιπλέκει την κύηση, τον τοκετό και τη λοχεία",O
O98.2,"Γονόρροια που επιπλέκει την κύηση, τον τοκετό και τη λοχεία",O
O98.3,"Άλλες λοιμώξεις που μεταδίδονται κυρίως με τη σεξουαλική οδό και επιπλέκουν την κύηση, τον τοκετό και τη λοχεία",O
O98.4,"Ιογενής ηπατίτιδα που επιπλέκει την κύηση, τον τοκετό και τη λοχεία",O
O98.5,"Άλλα ιογενή νοσήματα που επιπλέκουν την κύηση, τον τοκετό και τη λοχεία",O
O98.6,"Πρωτοζωικά νοσήματα που επιπλέκουν την κύηση, τον τοκετό και τη λοχεία",O
O98.8,"Άλλα λοιμώδη και παρασιτικά νοσήματα της μητέρας που επιπλέουν την κύηση, τον τοκετό και τη λοχεία",O
O98.9,"Μη καθορισμένο λοιμώδες ή παρασιτικό νόσημα της μητέρας που επιπλέκει την κύηση, τον τοκετό και τη λοχεία,",O
O99,"Άλλα νοσήματα της μητέρας που ταξινομούνται αλλού αλλά επιπλέκουν την κύηση, τον τοκετό και τη λοχεία",O
O99.0,"Αναιμία που επιπλέκει την κύηση, τον τοκετό και τη λοχεία",O
O99.1,"Άλλα νοσήματα του αίματος και των αιμοποιητικών οργάνων και ορισμένες διαταραχές που αφορούν τον ανοσοποιητικό μηχανισμό που επιπλέκουν την κύηση, τον τοκετό και τη λοχεία",O
O99.2,"Ενδοκρινικά, διατροφικά και μεταβολικά νοσήματα που επιπλέκουν την κύηση, τον τοκετό και τη λοχεία",O
O99.3,Ψυχικές διαταραχές και νοσήματα του νευρικού συστήματος που επιπλέκουν την,O
O99.4,"Νοσήματα του κυκλοφορικού συστήματος που επιπλέκουν την κύηση, τον τοκετό και τη λοχεία",O
O99.5,"Νοσήματα του αναπνευστικού συστήματος που επιπλέκουν την κύηση, τον τοκετό και τη λοχεία",O
O99.6,"Νοσήματα του πεπτικού συστήματος που επιπλέκουν την κύηση, τον τοκετό και τη λοχεία",O
O99.7,"Νοσήματα του δέρματος και του υποδορίου ιστού που επιπλέκουν την κύηση, τον τοκετό και τη λοχεία",O
O99.8,"Άλλα καθορισμένα νοσήματα και καταστάσεις που επιπλέκουν την κύηση, τον τοκετό και τη λοχεία",O
P00,Έμβρυο και νεογνό με προσβολή από μητρικές καταστάσεις που μπορεί να μη σχετίζονται με την παρούσα κύηση,P
P00.0,Έμβρυο και νεογνό με προσβολή από υπερτασικές διαταραχές της μητέρας,P
P00.1,Έμβρυο και νεογνό με προσβολή από νοσήματα των νεφρών και του ουροποιητικού συστήματος της μητέρας,P
P00.2,Έμβρυο και νεογνό με προσβολή από λοιμώδη και παρασιτικά νοσήματα της μητέρας,P
P00.3,Έμβρυο και νεογνό με προσβολή από άλλα νοσήματα του κυκλοφορικού και του αναπνευστικού συστήματος της μητέρας,P
P00.4,Έμβρυο και νεογνό με προσβολή από διατροφικές διαταραχές της μητέρας,P
P00.5,Έμβρυο και νεογνό με προσβολή από τραυματισμούς της μητέρας,P
P00.6,Έμβρυο και νεογνό με επιπτώσεις από χειρουργική επέμβαση στη μητέρα,P
P00.7,"Έμβρυο και νεογνό με προσβολή από άλλες ιατρικές επεμβάσεις στη μητέρα, οι οποίες δεν ταξινομούνται αλλού",P
P00.8,Έμβρυο και νεογνό με προσβολή από άλλες μητρικές καταστάσεις,P
P00.9,Έμβρυο και νεογνό με προσβολή από μη καθορισμένη μητρική κατάσταση,P
P01,Έμβρυο και νεογνό με επιπτώσεις από μητρικές επιπλοκές της κύησης,P
P01.0,Έμβρυο και νεογνό με επιπτώσεις από ανεπάρκεια του τραχήλου της μήτρας,P
P01.1,Έμβρυο και νεογνό με επιπτώσεις από πρώιμη ρήξη των εμβρυϊκών υμένων,P
P01.2,Έμβρυο και νεογνό με επιπτώσεις από ολιγοϋδράμνιο,P
P01.3,Έμβρυο και νεογνό με επιπτώσεις από πολυάμνιο,P
P01.4,Έμβρυο και νεογνό με επιπτώσεις από έκτοπη κύηση,P
P01.5,Έμβρυο και νεογνό με επιπτώσεις από πολύδυμη κύηση,P
P01.6,Έμβρυο και νεογνό με επιπτώσεις από θάνατο της μητέρας,P
P01.7,Έμβρυο και νεογνό με επιπτώσεις από ανώμαλη προβολή πριν τον τοκετό,P
P01.8,Έμβρυο και νεογνό με επιπτώσεις από άλλες μητρικές επιπλοκές της κύησης,P
P01.9,"Έμβρυο και νεογνό με επιπτώσεις από μητρική επιπλοκή της κύησης, μη καθορισμένη",P
P02,"Έμβρυο και νεογνό με επιπτώσεις από επιπλοκές του πλακούντα, του ομφάλιου λώρου και των εμβρυϊκών υμένων",P
P02.0,Έμβρυο και νεογνό με επιπτώσεις από προδρομικό πλακούντα,P
P02.1,Έμβρυο και νεογνό με επιπτώσεις από άλλους τύπους αποκόλλησης του πλακούντα και αιμορραγία,P
P02.2,Έμβρυο και νεογνό με επιπτώσεις από άλλες και μη καθορισμένες μορφολογικές και λειτουργικές ανωμαλίες του πλακούντα,P
P02.3,Έμβρυο και νεογνό με επιπτώσεις από σύνδρομα διαπλακουντιακής μετάγγισης,P
P02.4,Έμβρυο και νεογνό με επιπτώσεις από πρόπτωση του ομφάλιου λώρου,P
P02.5,Έμβρυο και νεογνό με επιπτώσεις από άλλη συμπίεση του ομφάλιου λώρου,P
P02.6,Έμβρυο και νεογνό με επιπτώσεις από άλλες και μη καθορισμένες καταστάσεις του ομφάλιου λώρου,P
P02.7,Έμβρυο και νεογνό με επιπτώσεις από χοριοαμνιονίτιδα,P
P02.8,Έμβρυο και νεογνό με επιπτώσεις από άλλες ανωμαλίες των εμβρυϊκών υμένων,P
P02.9,"Έμβρυο και νεογνό με επιπτώσεις από  ανωμαλία των εμβρυϊκών υμένων, μη καθορισμένη",P
P03,Έμβρυο και νεογνό με επιπτώσεις από άλλες επιπλοκές του τοκετού,P
P03.0,Έμβρυο και νεογνό με επιπτώσεις από τοκετό με ισχιακή προβολή και εξελκυσμό,P
P03.1,"Έμβρυο και νεογνό με επιπτώσεις από άλλη ανώμαλη προβολή, ανώμαλη θέση και δυσαναλογία κατά τον τοκετό",P
P03.2,Έμβρυο και νεογνό με επιπτώσεις από τον τοκετό με εμβρυουλκία,P
P03.3,Έμβρυο και νεογνό με επιπτώσεις από τον τοκετό με σικυουλκία,P
P03.4,Έμβρυο και νεογνό με επιπτώσεις από τον τοκετό με καισαρική τομή,P
P03.5,Έμβρυο και νεογνό με επιπτώσεις από τον εσπευσμένο τοκετό,P
P03.6,Έμβρυο και νεογνό με επιπτώσεις από ανώμαλες συσπάσεις της μήτρας,P
P03.8,Έμβρυο και νεογνό με επιπτώσεις από άλλες καθορισμένες επιπλοκές του τοκετού,P
P03.9,"Έμβρυο και νεογνό με επιπτώσεις από επιπλοκή του τοκετού, μη καθορισμένη",P
P04,Έμβρυο και νεογνό με προσβολή από τοξικές επιδράσεις που μεταδίδονται μέσω του πλακούντα ή του μητρικού γάλακτος,P
P04.0,Έμβρυο και νεογνό με προσβολή από τη χορήγηση αναισθησίας και αναλγησίας στη μητέρα κατά την κύηση και τον τοκετό,P
P04.1,Έμβρυο και νεογνό με προσβολή από άλλα φάρμακα που χορηγούνται στη μητέρα,P
P04.2,Έμβρυο και νεογνό με επιπτώσεις από χρήση προϊόντων καπνού από τη μητέρα,P
P04.3,Έμβρυο και νεογνό με επιπτώσεις από χρήση αλκοόλ από τη μητέρα,P
P04.4,Έμβρυο και νεογνό με προσβολή από τη χρήση εθιστικών φαρμάκων από τη μητέρα,P
P04.5,Έμβρυο και νεογνό με επιπτώσεις από τη χρήση διατροφικών χημικών ουσιών από τη μητέρα,P
P04.6,Έμβρυο και νεογνό με επιπτώσεις από έκθεση της μητέρας σε χημικές,P
P04.8,Έμβρυο και νεογνό με προσβολή από άλλες επιβλαβείς επιδράσεις μητρικής προέλευσης,P
P04.9,"Έμβρυο και νεογνό με προσβολή από επιβλαβή επίδραση μητρικής προέλευσης, μη καθορισμένη",P
P05,Βραδεία εμβρυϊκή ανάπτυξη και κακή θρέψη του εμβρύου,P
P05.0,Λιποβαρές για την ηλικία κύησης,P
P05.1,Μικρό για την ηλικία κύησης,P
P05.2,Κακή θρέψη του εμβρύου χωρίς να αναφέρεται ότι είναι λιποβαρές ή μικρό για την ηλικία κύησης,P
P05.9,"Βραδεία εμβρυϊκή ανάπτυξη, μη καθορισμένη",P
P07,Διαταραχές που σχετίζονται με μικρή διάρκεια κύησης και χαμηλό βάρος γέννησης που δεν ταξινομούνται αλλού,P
P07.0,Εξαιρετικά χαμηλό βάρος γέννησης,P
P07.1,Άλλο χαμηλό βάρος γέννησης,P
P07.2,Υπέρμετρη ανωριμότητα,P
P07.3,Άλλα πρόωρα βρέφη,P
P08,Διαταραχές που σχετίζονται με παράταση της κύησης και μεγάλο βάρος γέννησης,P
P08.0,Εξαιρετικά μεγάλο βρέφος,P
P08.1,Άλλα νεογνά με μεγάλο βάρος για την ηλικία κύησης,P
P08.2,"Νεογνό, παρατεινόμενης κύησης χωρίς μεγάλο βάρος για την ηλικία κύησης",P
P10,Ενδοκρανιακή διάσχιση και αιμορραγία κατά τον τοκετό,P
P10.0,Υποσκληρίδια αιμορραγία που οφείλεται σε τραυματισμούς κατά τον τοκετό,P
P10.1,Εγκεφαλική αιμορραγία που οφείλεται σε τραυματισμό κατά τον τοκετό,P
P10.2,Ενδοκοιλιακή αιμορραγία που οφείλεται σε τραυματισμό κατά τον τοκετό,P
P10.3,Υπαραχνοειδής αιμορραγία που οφείλεται σε τραυματισμό κατά τον τοκετό,P
P10.4,Διατομή του σκηνιδίου  που οφείλεται σε τραυματισμό κατά τον τοκετό,P
P10.8,Άλλες ενδοκρανιακές διασχίσεις και αιμορραγίες κατά τον τοκετό,P
P10.9,Μη καθορισμένη ενδοκρανιακή διάσχιση και αιμορραγία κατά τον τοκετό,P
P11,Άλλοι τραυματισμοί του κεντρικού νευρικού συστήματος κατά τον τοκετό,P
P11.0,Εγκεφαλικό οίδημα που οφείλεται σε τραυματισμό κατά τον τοκετό,P
P11.1,Άλλη καθορισμένη εγκεφαλική βλάβη που οφείλεται σε τραυματισμό κατά τον τοκετό,P
P11.2,Μη καθορισμένη εγκεφαλική βλάβη που οφείλεται σε τραυματισμό κατά τον τοκετό,P
P11.3,Τραυματισμός του προσωπικού νεύρου κατά τον τοκετό,P
P11.4,Τραυματισμός άλλων κρανιακών νεύρων κατά τον τοκετό,P
P11.5,Τραυματισμός της σπονδυλικής στήλης και του νωτιαίου μυελού κατά τον τοκετό,P
P11.9,"Τραυματισμός του κεντρικού νευρικού συστήματος κατά τον τοκετό, μη καθορισμένος",P
P12,Τραυματισμός του τριχωτού της κεφαλής κατά τον τοκετό,P
P12.0,Κεφαλαιμάτωμα που οφείλεται σε τραυματισμό κατά τον τοκετό,P
P12.1,Μυκητοειδής διαταραχή των τριχών που οφείλεται σε τραυματισμό κατά τον τοκετό,P
P12.2,Eπικρανιακή υποαπονευρωματική αιμορραγία που οφείλεται σε τραυματισμό κατά τον τοκετό,P
P12.3,Εκχυμώσεις του τριχωτού της κεφαλής που οφείλονται σε τραυματισμό κατά τον τοκετό,P
P12.4,Τραυματισμός του τριχωτού της κεφαλής του νεογνού από τα μηχανήματα παρακολούθησης,P
P12.8,Άλλοι τραυματισμοί του τριχωτού της κεφαλής κατά τον τοκετό,P
P12.9,"Τραυματισμός του τριχωτού της κεφαλής κατά τον τοκετό, μη καθορισμένος",P
P13,Τραυματισμός του σκελετού κατά τον τοκετό,P
P13.0,Κάταγμα του κρανίου που οφείλεται σε τραυματισμό κατά τον τοκετό,P
P13.1,Άλλοι τραυματισμοί του κρανίου κατά τον τοκετό,P
P13.2,Τραυματισμός του μηριαίου κατά τον τοκετό,P
P13.3,Τραυματισμός άλλων μακρών οστών κατά τον τοκετό,P
P13.4,Κάταγμα της κλείδας που οφείλεται σε τραυματισμό κατά τον τοκετό,P
P13.8,Τραυματισμοί άλλων τμημάτων του σκελετού κατά τον τοκετό,P
P13.9,"Τραυματισμός του σκελετού κατά τον τοκετό, μη καθορισμένος",P
P14,Τραυματισμός του περιφερικού νευρικού συστήματος κατά τον τοκετό,P
P14.0,Παράλυση του Erb που οφείλεται σε τραυματισμό κατά τον τοκετό,P
P14.1,Παράλυση του Klumpke οφείλεται σε τραυματισμό κατά τον τοκετό,P
P14.2,Παράλυση του φρενικού νεύρου οφείλεται σε τραυματισμό κατά τον τοκετό,P
P14.3,Άλλοι τραυματισμοί του βραχιόνιου πλέγματος κατά τον τοκετό,P
P14.8,Τραυματισμοί άλλων τμημάτων του περιφερικού νευρικού συστήματος κατά τον τοκετό,P
P14.9,"Τραυματισμός του περιφερικού νευρικού συστήματος κατά τον τοκετό, μη καθορισμένος",P
P15,Άλλοι τραυματισμοί κατά τον τοκετό,P
P15.0,Τραυματισμός του ήπατος κατά τον τοκετό,P
P15.1,Τραυματισμός του σπλήνα κατά τον τοκετό,P
P15.2,Τραυματισμός του στερνοκλειδομαστοειδούς κατά τον τοκετό,P
P15.3,Τραυματισμός του οφθαλμού κατά τον τοκετό,P
P15.4,Τραυματισμός του προσώπου κατά τον τοκετό,P
P15.5,Τραυματισμός των έξω γεννητικών οργάνων κατά τον τοκετό,P
P15.6,Νέκρωση του υποδόριου λίπους που οφείλεται σε τραυματισμό κατά τον τοκετό,P
P15.8,Άλλοι καθορισμένοι τραυματισμοί κατά τον τοκετό,P
P15.9,"Τραυματισμός κατά τον τοκετό, μη καθορισμένος",P
P20,Ενδομήτρια υποξία,P
P20.0,Ενδομήτρια υποξία που διαπιστώνεται για πρώτη φορά πριν από την έναρξη του τοκετού,P
P20.1,Ενδομήτρια υποξία που διαπιστώνεται για πρώτη φορά κατά τη διάρκεια του τοκετού,P
P20.9,"Ενδομήτρια υποξία, μη καθορισμένη",P
P21,Ασφυξία κατά τον τοκετό,P
P21.0,Σοβαρή ασφυξία κατά τη γέννηση,P
P21.1,Ήπια και μέτρια ασφυξία κατά τη γέννηση,P
P21.9,"Ασφυξία κατά τη γέννηση, μη καθορισμένη",P
P22,Αναπνευστική δυσχέρεια του νεογνού,P
P22.0,Σύνδρομο αναπνευστικής δυσχέρειας του νεογνού,P
P22.1,Παροδική ταχύπνοια του νεογνού,P
P22.8,Άλλη αναπνευστική δυσχέρεια του νεογνού,P
P22.9,"Αναπνευστική δυσχέρεια του νεογνού, μη καθορισμένη",P
P23,Συγγενής πνευμονία,P
P23.0,Συγγενής πνευμονία που οφείλεται σε ιογενή παράγοντα,P
P23.1,Συγγενής πνευμονία που οφείλεται σε χλαμύδια,P
P23.2,Συγγενής πνευμονία που οφείλεται σε σταφυλόκοκκο,P
P23.3,"Συγγενής πνευμονία που οφείλεται σε στρεπτόκοκκο, ομάδας Β",P
P23.4,Συγγενής πνευμονία που οφείλεται σε Escherichia coli,P
P23.5,Συγγενής πνευμονία που οφείλεται σε ψευδομονάδα,P
P23.6,Συγγενής πνευμονία που οφείλεται σε άλλους βακτηριακούς παράγοντες,P
P23.8,Συγγενής πνευμονία που οφείλεται σε άλλους μικροοργανισμούς,P
P23.9,"Συγγενής πνευμονία, μη καθορισμένη",P
P24,Σύνδρομα εισρόφησης στο νεογνό,P
P24.0,Εισρόφηση μηκωνίου από το νεογνό,P
P24.1,Εισρόφηση αμνιακού υγρού και βλέννας από το νεογνό,P
P24.2,Εισρόφηση αίματος από το νεογνό,P
P24.3,Εισρόφηση γάλακτος και παλινδρομούμενης τροφής,P
P24.8,Άλλα σύνδρομα εισρόφησης στο νεογνό,P
P24.9,"Σύνδρομο εισρόφησης στο νεογνό, μη καθορισμένο",P
P25,Διάμεσο εμφύσημα και σχετικές καταστάσεις που προέρχεται από την περιγεννητική περίοδο,P
P25.0,Διάμεσο εμφύσημα που προέρχεται από την περιγεννητική περίοδο,P
P25.1,Πνευμοθώρακας που προέρχεται από την περιγεννητική περίοδο,P
P25.2,Πνευμομεσοθωράκιο που προέρχεται από την περιγεννητική περίοδο,P
P25.3,Πνευμοπερικάρδιο που προέρχεται  από την περιγεννητική περίοδο,P
P25.8,Άλλες καταστάσεις σχετικές με διάμεσο εμφύσημα που προέρχονται από την,P
P26,Πνευμονική αιμορραγία που προέρχεται από την περιγεννητική περίοδο,P
P26.0,Τραχειοβρογχική αιμορραγία που προέρχεται από την περιγεννητική περίοδο,P
P26.1,Μαζική πνευμονική αιμορραγία που προέρχεται από την περιγεννητική περίοδο,P
P26.8,Άλλες πνευμονικές αιμορραγίες που προέρχονται από την περιγεννητική περίοδο,P
P26.9,Μη καθορισμένη πνευμονική αιμορραγία που προέρχεται από την περιγεννητική περίοδο,P
P27,Χρόνιο αναπνευστικό νόσημα που προέρχεται από την περιγεννητική περίοδο,P
P27.0,Σύνδρομο Wilson-Mikity,P
P27.1,Βρογχοπνευμονική δυσπλασία που προέρχεται από την περιγεννητική περίοδο,P
P27.8,Άλλα χρόνια αναπνευστικά νοσήματα που προέρχονται από την περιγεννητική περίοδο,P
P27.9,"Μη καθορισμένο χρόνιο αναπνευστικό νόσημα που προέρχεται από την περιγεννητική περίοδο,",P
P28,Άλλες αναπνευστικές καταστάσεις που προέρχονται από την περιγεννητική περίοδο,P
P28.0,Πρωτοπαθής ατελεκτασία του νεογνού,P
P28.1,Άλλη και μη καθορισμένη ατελεκτασία του νεογνού,P
P28.2,Κυανωτικές κρίσεις στο νεογνό,P
P28.3,Πρωτοπαθής υπνική άπνοια του νεογνού,P
P28.4,Άλλη νεογνική άπνοια,P
P28.5,Αναπνευστική ανεπάρκεια του νεογνού,P
P28.8,Άλλες καθορισμένες αναπνευστικές καταστάσεις του νεογνού,P
P28.9,"Αναπνευστική κατάσταση του νεογνού, μη καθορισμένη",P
P29,Καρδιαγγειακές διαταραχές που προέρχονται από την περιγεννητική περίοδο,P
P29.0,Νεογνική καρδιακή ανεπάρκεια,P
P29.1,Διαταραχές του καρδιακού ρυθμού του νεογνού,P
P29.2,Νεογνική υπέρταση,P
P29.3,Παραμονή εμβρυϊκής κυκλοφορίας,P
P29.4,Παροδική μυοκαρδιακή ισχαιμία του νεογνού,P
P29.8,"Άλλες καρδιακές διαταραχές, που προέρχονται από την περιγεννητική περίοδο",P
P29.9,"Καρδιαγγειακή διαταραχή που προέρχεται από την περιγεννητική περίοδο, μη",P
P35,Συγγενή ιογενή νοσήματα,P
P35.0,Σύνδρομο συγγενούς ερυθράς,P
P35.1,Συγγενής λοίμωξη από κυτταρομεγαλοϊό,P
P35.2,Συγγενής ερπητική λοίμωξη [ιός του απλού έρπητα],P
P35.3,Συγγενής ιογενής ηπατίτιδα,P
P35.8,Άλλα συγγενή ιογενή νοσήματα,P
P35.9,"Συγγενές ιογενές νόσημα, μη καθορισμένο",P
P36,Βακτηριακή σηψαιμία του νεογνού,P
P36.0,"Σηψαιμία του νεογνού που οφείλεται σε στρεπτόκοκκο, ομάδας Β",P
P36.1,Σηψαιμία του νεογνού που οφείλεται σε άλλους και μη καθορισμένους στρεπτόκοκκους,P
P36.2,Σηψαιμία του νεογνού που οφείλεται σε χρυσίζοντα σταφυλόκοκκο [Staphylococcus aureus],P
P36.3,Σηψαιμία του νεογνού που οφείλεται σε άλλους και μη καθορισμένους σταφυλόκοκκους,P
P36.4,Σηψαιμία του νεογνού που οφείλεται σε Escherichia Coli,P
P36.5,Σηψαιμία του νεογνού που οφείλεται σε αναερόβια,P
P36.8,Άλλη βακτηριακή σηψαιμία του νεογνού,P
P36.9,"Βακτηριακή σηψαιμία του νεογνού, μη καθορισμένη",P
P37,Άλλα συγγενή λοιμώδη και παρασιτικά νοσήματα,P
P37.0,Συγγενής φυματίωση,P
P37.1,Συγγενής τοξοπλάσμωση,P
P37.2,Νεογνική (γενικευμένη) λιστερίωση,P
P37.3,Συγγενής ελονοσία από πλασμώδιο falciparum,P
P37.4,Άλλη συγγενής ελονοσία,P
P37.5,Νεογνική καντιντίαση,P
P37.8,Άλλα καθορισμένα συγγενή λοιμώδη και παρασιτικά νοσήματα,P
P37.9,"Συγγενές λοιμώδες και παρασιτικό νόσημα, μη καθορισμένο",P
P38,Ομφαλίτιδα του νεογνού με ή χωρίς ήπια αιμορραγία,P
P39,Άλλες λοιμώξεις ειδικές της περιγεννητικής περιόδου,P
P39.0,Νεογνική λοιμώδης μαστίτιδα,P
P39.1,Νεογνική επιπεφυκίτιδα και δακρυοκυστίτιδα,P
P39.2,"Ενδοαμνιακή λοίμωξη του εμβρύου, που δεν ταξινομείται αλλού",P
P39.3,Νεογνική λοίμωξη του ουροποιητικού συστήματος,P
P39.4,Νεογνική λοίμωξη του δέρματος,P
P39.8,Άλλες καθορισμένες λοιμώξεις ειδικές της περιγεννητικής περιόδου,P
P39.9,"Λοίμωξη ειδική της περιγεννητικής περιόδου, μη καθορισμένη",P
P50,Εμβρυϊκή απώλεια αίματος,P
P50.0,Εμβρυϊκή απώλεια αίματος από τα προδρομικά αγγεία,P
P50.1,Εμβρυϊκή απώλεια αίματος από ρήξη του ομφάλιου λώρου,P
P50.2,Εμβρυϊκή απώλεια αίματος από τον πλακούντα,P
P50.3,Αιμορραγία προς δίδυμο έμβρυο,P
P50.4,Αιμορραγία προς μητρική κυκλοφορία,P
P50.5,Εμβρυϊκή απώλεια αίματος από το κομμένο άκρο του ομφάλιου λώρου του δίδυμου εμβρύου,P
P50.8,Άλλη εμβρυϊκή απώλεια αίματος,P
P50.9,"Εμβρυϊκή απώλεια αίματος, μη καθορισμένη",P
P51,Αιμορραγία από τον ομφάλιο λώρο του νεογνού,P
P51.0,Μαζική αιμορραγία από τον ομφάλιο λώρο του νεογνού,P
P51.8,Άλλες περιπτώσεις αιμορραγίας από τον ομφάλιο λώρο του νεογνού,P
P51.9,"Αιμορραγία από τον ομφάλιο λώρο του νεογνού, μη καθορισμένη",P
P52,Ενδοκρανιακή μη τραυματική αιμορραγία του εμβρύου και του νεογνού,P
P52.0,"Ενδοκοιλιακή (μη τραυματική) αιμορραγία, σταδίου 1, του εμβρύου και του νεογνού,",P
P52.1,"Ενδοκοιλιακή (μη τραυματική) αιμορραγία, σταδίου 2, του εμβρύου και του νεογνού",P
P52.2,"Ενδοκοιλιακή (μη τραυματική) αιμορραγία, σταδίου 3, του εμβρύου και του νεογνού",P
P52.3,Μη καθορισμένη ενδοκοιλιακή (μη τραυματική) αιμορραγία του εμβρύου και του νεογνού,P
P52.4,Ενδοεγκεφαλική (μη τραυματική) αιμορραγία του εμβρύου και του νεογνού,P
P52.5,Υπαραχνοειδής (μη τραυματική) αιμορραγία του εμβρύου και του νεογνού,P
P52.6,Παρεγκεφαλιδική (μη τραυματική) αιμορραγία του εμβρύου και του νεογνού,P
P52.8,Άλλες ενδοκρανιακές (μη τραυματικές) αιμορραγίες του εμβρύου και του νεογνού,P
P52.9,"Ενδοκρανιακή (μη τραυματική) αιμορραγία του εμβρύου και του νεογνού, μη καθορισμένη",P
P53,Αιμορραγική νόσος του εμβρύου και του νεογνού,P
P54,Άλλες αιμορραγίες του νεογνού,P
P54.0,Νεογνική αιματέμεση,P
P54.1,Νεογνική μέλαινα κένωση,P
P54.2,Αιμορραγία του ορθού στο νεογνό,P
P54.3,Άλλη γαστρεντερική αιμορραγία στο νεογνό,P
P54.4,Αιμορραγία των επινεφριδίων στο νεογνό,P
P54.5,Δερματική αιμορραγία στο νεογνό,P
P54.6,Κολπική αιμορραγία στο νεογνό,P
P54.8,Άλλες καθορισμένες αιμορραγίες στο νεογνό,P
P54.9,"Αιμορραγία στο νεογνό, μη καθορισμένη",P
P55,Αιμολυτική νόσος του εμβρύου και του νεογνού,P
P55.0,Rh ισοανοσοποίηση του εμβρύου και του νεογνού,P
P55.1,ΑΒΟ ισοανοσοποίηση του εμβρύου και του νεογνού,P
P55.8,Άλλες αιμολυτικές νόσοι του εμβρύου και του νεογνού,P
P55.9,"Αιμολυτική νόσος του εμβρύου και του νεογνού, μη καθορισμένη",P
P56,Εμβρυϊκός ύδρωπας που οφείλεται σε αιμολυτική νόσο,P
P56.0,Εμβρυϊκός ύδρωπας που οφείλεται σε ισοανοσοποίηση,P
P56.9,Εμβρυϊκός ύδρωπας που οφείλεται σε άλλη και μη καθορισμένη αιμολυτική νόσο,P
P57,Πυρηνικός ίκτερος,P
P57.0,Πυρηνικός ίκτερος που οφείλεται σε ισοανοσοποίηση,P
P57.8,Άλλος καθορισμένος πυρηνικός ίκτερος,P
P57.9,"Πυρηνικός ίκτερος, μη καθορισμένος",P
P58,Νεογνικός ίκτερος που οφείλεται σε άλλη εκτεταμένη αιμόλυση,P
P58.0,Νεογνικός ίκτερος που οφείλεται σε εκχυμώσεις,P
P58.1,Νεογνικός ίκτερος που οφείλεται σε αιμορραγία,P
P58.2,Νεογνικός ίκτερος που οφείλεται σε λοίμωξη,P
P58.3,Νεογνικός ίκτερος που οφείλεται σε πολυκυτταραιμία,P
P58.4,Νεογνικός ίκτερος που οφείλεται σε τοξίνες ή φάρμακα που μεταδίδονται από τη μητέρα ή χορηγούνται στο νεογνό,P
P58.5,Νεογνικός ίκτερος που οφείλεται σε κατάποση μητρικού αίματος,P
P58.8,Νεογνικός ίκτερος που οφείλεται σε άλλη καθορισμένη εκτεταμένη αιμόλυση,P
P58.9,"Νεογνικός ίκτερος που οφείλεται σε εκτεταμένη αιμόλυση, μη καθορισμένη",P
P59,Νεογνικός ίκτερος από άλλες και μη καθορισμένες αιτίες,P
P59.0,Νεογνικός ίκτερος που σχετίζεται με πρόωρο τοκετό,P
P59.1,Σύνδρομο συμπυκνωμένης χολής,P
P59.2,Νεογνικός ίκτερος από άλλη και μη καθορισμένη ηπατοκυτταρική βλάβη,P
P59.3,Νεογνικός ίκτερος από αναστολέα του μητρικού γάλακτος,P
P59.8,Νεογνικός ίκτερος από άλλα καθορισμένα αίτια,P
P59.9,"Νεογνικός ίκτερος, μη καθορισμένος",P
P60,Διάχυτη ενδαγγειακή πήξη στο έμβρυο και το νεογνό,P
P61,Άλλες περιγεννητικές αιματολογικές διαταραχές,P
P61.0,Παροδική θρομβοπενία του νεογνού,P
P61.1,Πολυκυτταραιμία του νεογνού,P
P61.2,Αναιμία της προωρότητας,P
P61.3,Συγγενής αναιμία από εμβρυϊκή απώλεια αίματος,P
P61.4,"Άλλες συγγενείς αναιμίες, που δεν ταξινομούνται αλλού",P
P61.5,Παροδική νεογνική ουδετεροπενία,P
P61.6,Άλλες παροδικές διαταραχές της πήξης στο νεογνό,P
P61.8,Άλλες καθορισμένες περιγεννητικές αιματολογικές διαταραχές,P
P61.9,"Περιγεννητική αιματολογική διαταραχή , μη καθορισμένη",P
P70,Παροδικές διαταραχές του μεταβολισμού των υδατανθράκων ειδικές για το έμβρυο και το νεογνό,P
P70.0,Σύνδρομο βρέφους μητέρας με διαβήτη της κύησης,P
P70.1,Σύνδρομο βρέφους διαβητικής μητέρας,P
P70.2,Νεογνικός σακχαρώδης διαβήτης,P
P70.3,Ιατρογενής νεογνική υπογλυκαιμία,P
P70.4,Άλλη νεογνική υπογλυκαιμία,P
P70.8,Άλλες παροδικές διαταραχές του μεταβολισμού των υδατανθράκων στο έμβρυο και στο νεογνό,P
P70.9,"Παροδική διαταραχή του μεταβολισμού των υδατανθράκων στο έμβρυο και στο νεογνό, μη καθορισμένη",P
P71,Παροδικές νεογνικές διαταραχές του μεταβολισμού του ασβεστίου και μαγνησίου,P
P71.0,Υποκαλιαιμία του νεογνού που οφείλεται σε κατανάλωση αγελαδινού γάλακτος,P
P71.1,Άλλη νεογνική υποκαλιαιμία,P
P71.2,Νεογνική υπομαγνησιαιμία,P
P71.3,Νεογνική τετανία χωρίς ανεπάρκεια ασβεστίου ή μαγνησίου,P
P71.4,Παροδικός νεογνικός υποπαραθυρεοειδισμός,P
P71.8,Άλλες παροδικές νεογνικές διαταραχές του μεταβολισμού του ασβεστίου και του μαγνησίου,P
P71.9,"Παροδική νεογνική διαταραχή του μεταβολισμού του ασβεστίου και του μαγνησίου, μη καθορισμένη",P
P72,Άλλες παροδικές νεογνικές ενδοκρινικές διαταραχές,P
P72.0,Νεογνική βρογχοκήλη που δεν ταξινομείται αλλού,P
P72.1,Παροδικός νεογνικός υπερθυρεοειδισμός,P
P72.2,"Άλλες παροδικές νεογνικές διαταραχές της λειτουργίας του θυρεοειδούς, που δεν ταξινομούνται αλλού",P
P72.8,Άλλες καθορισμένες παροδικές νεογνικές ενδοκρινικές διαταραχές,P
P72.9,"Παροδική νεογνική ενδοκρινική διαταραχή, μη καθορισμένη",P
P74,Άλλες παροδικές νεογνικές ηλεκτρολυτικές και μεταβολικές διαταραχές,P
P74.0,Όψιμη μεταβολική οξέωση του νεογνού,P
P74.1,Αφυδάτωση του νεογνού,P
P74.2,Διαταραχές του ισοζυγίου νατρίου του νεογνού,P
P74.3,Διαταραχές του ισοζυγίου καλίου του νεογνού,P
P74.4,Άλλες παροδικές ηλεκτρολυτικές διαταραχές του νεογνού,P
P74.5,Παροδική τυροσιναιμία του νεογνού,P
P74.8,Άλλες παροδικές μεταβολικές διαταραχές του νεογνού,P
P74.9,"Παροδική μεταβολική διαταραχή του νεογνού, μη καθορισμένη",P
P76,Άλλη εντερική απόφραξη του νεογνού,P
P76.0,Σύνδρομο βύσματος μηκωνίου,P
P76.1,Παροδικός ειλεός του νεογνού,P
P76.2,Εντερική απόφραξη που οφείλεται σε πήγματα γάλακτος,P
P76.8,Άλλη καθορισμένη εντερική απόφραξη του νεογνού,P
P76.9,"Εντερική απόφραξη του νεογνού, μη καθορισμένη",P
P77,Νεκρωτική εντεροκολίτιδα του εμβρύου και του νεογνού,P
P78,Άλλες περιγεννητικές διαταραχές του πεπτικού συστήματος,P
P78.0,Περιγεννητική εντερική διάτρηση,P
P78.1,Άλλη νεογνική περιτονίτιδα,P
P78.2,Αιματέμεση και μέλαινα του νεογνού που οφείλονται σε κατάποση μητρικού αίματος,P
P78.3,Μη λοιμώδης νεογνική διάρροια,P
P78.8,Άλλες καθορισμένες περιγεννητικές διαταραχές του πεπτικού συστήματος,P
P78.9,"Περιγεννητική διαταραχή του πεπτικού συστήματος , μη καθορισμένη",P
P80,Υποθερμία του νεογνού,P
P80.0,Σύνδρομο ψυχρού τραυματισμού,P
P80.8,Άλλη υποθερμία του νεογνού,P
P80.9,"Υποθερμία του νεογνού, μη καθορισμένη",P
P81,Άλλες διαταραχές της θερμορύθμισης του νεογνού,P
P81.0,Περιβαλλοντική υπερθερμία του νεογνού,P
P81.8,Άλλες καθορισμένες διαταραχές της θερμορύθμισης του νεογνού,P
P81.9,"Διαταραχή της θερμορύθμισης του νεογνού, μη καθορισμένη",P
P83,Άλλες καταστάσεις των καλυπτήριων ιστών ειδικές για το έμβρυο και το νεογνό,P
P83.0,Νεογνικό σκληροίδημα,P
P83.1,Τοξικό ερύθημα του νεογνού,P
P83.2,Εμβρυϊκός ύδρωπας που δεν οφείλεται σε αιμολυτική νόσο,P
P83.3,Άλλο και μη καθορισμένο οίδημα ειδικό για το έμβρυο και το νεογνό,P
P83.4,Διόγκωση του μαστού του νεογνού,P
P83.5,Συγγενής υδροκήλη,P
P83.6,Πολύποδας του ομφάλιου λώρου του νεογνού,P
P83.8,Άλλες καθορισμένες καταστάσεις των καλυπτήριων ιστών ειδικές για το έμβρυο και το νεογνό,P
P83.9,"Κατάσταση των καλυπτήριων ιστών ειδική για το έμβρυο και το νεογνό, μη καθορισμένη",P
P90,Σπασμοί του νεογνού,P
P91,Άλλες εγκεφαλικές διαταραχές του νεογνού,P
P91.0,Νεογνική εγκεφαλική ισχαιμία,P
P91.1,Επίκτητες περικοιλιακές κύστεις του νεογνού,P
P91.2,Νεογνική εγκεφαλική λευκομαλάκυνση,P
P91.3,Νεογνική εγκεφαλική ευερεθιστότητα,P
P91.4,Νεογνική εγκεφαλική καταστολή,P
P91.5,Νεογνικό κώμα,P
P91.6,Υποξική ισχαιμική εγκεφαλοπάθεια του νεογνού,P
P91.8,Άλλες καθορισμένες εγκεφαλικές διαταραχές του νεογνού,P
P91.9,"Εγκεφαλική διαταραχή του νεογνού, μη καθορισμένη",P
P92,Προβλήματα σίτισης του νεογνού,P
P92.0,Έμετος του νεογνού,P
P92.1,Παλινδρόμηση της τροφής (αναγωγή) και μηρυκασμός του νεογνού,P
P92.2,Βραδεία σίτιση του νεογνού,P
P92.3,Υποσιτισμός του νεογνού,P
P92.4,Υπερσιτισμός του νεογνού,P
P92.5,Νεογνική δυσχέρεια κατά τον θηλασμό,P
P92.8,Άλλα προβλήματα σίτισης του νεογνού,P
P92.9,"Πρόβλημα σίτισης του νεογνού, μη καθορισμένο",P
P93,Αντιδράσεις και δηλητηριάσεις που οφείλονται σε φάρμακα που χορηγούνται στο έμβρυο και το νεογνό,P
P94,Διαταραχές του μυϊκού τόνου του νεογνού,P
P94.0,Παροδική νεογνική μυασθένεια,P
P94.1,Συγγενής υπερτονία,P
P94.2,Συγγενής υποτονία,P
P94.8,Άλλες διαταραχές του μυϊκού τόνου του νεογνού,P
P94.9,"Διαταραχή του μυϊκού τόνου του νεογνού, μη καθορισμένη",P
P95,Εμβρυϊκός θάνατος μη καθορισμένης αιτίας,P
P96,Άλλες καταστάσεις που προέρχονται από την περιγεννητική περίοδο,P
P96.0,Συγγενής νεφρική ανεπάρκεια,P
P96.1,Νεογνικά στερητικά συμπτώματα από τη χρήση εθιστικών φαρμάκων από τη μητέρα,P
P96.2,Στερητικά συμπτώματα από τη θεραπευτική χρήση φαρμάκων στο νεογνό,P
P96.3,Διεύρυνση των ραφών του κρανίου στο νεογνό,P
P96.4,"Διακοπή της κύησης, που θίγει την επιβίωση του εμβρύου και του νεογνού",P
P96.5,"Επιπλοκές των ενδομήτριων επεμβάσεων, που δεν ταξινομούνται αλλού",P
P96.8,Άλλες καθορισμένες καταστάσεις που προέρχονται από την περιγεννητική περίοδο,P
P96.9,"Κατάσταση που προέρχεται από την περιγεννητική περίοδο, μη καθορισμένη",P
Q00,Ανεγκεφαλία και συναφείς ανωμαλίες,Q
Q00.0,Ανεγκεφαλία,Q
Q00.1,Κρανιοραχίσχιση,Q
Q00.2,Ινιεγκεφαλία,Q
Q01,Εγκεφαλοκήλη,Q
Q01.0,Μετωπιαία εγκεφαλοκήλη,Q
Q01.1,Ρινομετωπιαία εγκεφαλοκήλη,Q
Q01.2,Ινιακή εγκεφαλοκήλη,Q
Q01.8,Εγκεφαλοκήλη άλλων εντοπίσεων,Q
Q01.9,"Εγκεφαλοκήλη, μη καθορισμένη",Q
Q02,Μικροκεφαλία,Q
Q03,Συγγενής υδροκέφαλος,Q
Q03.0,Ανωμαλίες του υδραγωγού του Sylvius,Q
Q03.1,Ατρησία των τρημάτων των Magendie και Luschka,Q
Q03.8,Άλλος συγγενής υδροκέφαλος,Q
Q03.9,"Συγγενής υδροκέφαλος, μη καθορισμένος",Q
Q04,Άλλες συγγενείς ανωμαλίες του εγκεφάλου,Q
Q04.0,Συγγενείς ανωμαλίες του μεσολοβίου,Q
Q04.1,Αρινεγκεφαλία,Q
Q04.2,Ολοπροσεγκεφαλία,Q
Q04.3,Άλλες ελλειμματικές δυσπλασίες του εγκεφάλου,Q
Q04.4,Διαφραγματo-oπτική  δυσπλασία,Q
Q04.5,Μεγαλεγκεφαλία,Q
Q04.6,Συγγενείς εγκεφαλικές κύστεις,Q
Q04.8,Άλλες καθορισμένες συγγενείς ανωμαλίες του εγκεφάλου,Q
Q04.9,"Συγγενής ανωμαλία του εγκεφάλου, μη καθορισμένη",Q
Q05,Δισχιδής ράχη,Q
Q05.0,Αυχενική δισχιδής ράχη με υδροκέφαλο,Q
Q05.1,Θωρακική δισχιδής ράχη με υδροκέφαλο,Q
Q05.2,Οσφυϊκή δισχιδής ράχη με υδροκέφαλο,Q
Q05.3,Δισχιδής ράχη της ιερής χώρας με υδροκέφαλο,Q
Q05.4,Μη καθορισμένη δισχιδής ράχη με υδροκέφαλο,Q
Q05.5,Αυχενική δισχιδής ράχη χωρίς υδροκέφαλο,Q
Q05.6,Θωρακική δισχιδής ράχη χωρίς υδροκέφαλο,Q
Q05.7,Οσφυϊκή δισχιδής ράχη χωρίς υδροκέφαλο,Q
Q05.8,Δισχιδής ράχη της ιερής χώρας χωρίς υδροκέφαλο,Q
Q05.9,"Δισχιδής ράχη, μη καθορισμένη",Q
Q06,Άλλες συγγενείς ανωμαλίες του νωτιαίου μυελού,Q
Q06.0,Αμυελία,Q
Q06.1,Υποπλασία και δυσπλασία του νωτιαίου μυελού,Q
Q06.2,Διαστηματομυελία,Q
Q06.3,Άλλες συγγενείς ανωμαλίες της ιππουρίδας,Q
Q06.4,Υδρομυελία,Q
Q06.8,Άλλες καθορισμένες συγγενείς ανωμαλίες του νωτιαίου μυελού,Q
Q06.9,"Συγγενής ανωμαλία του νωτιαίου μυελού, μη καθορισμένη",Q
Q07,Άλλες συγγενείς ανωμαλίες του νευρικού συστήματος,Q
Q07.0,Σύνδρομο Arnold-Chiari,Q
Q07.8,Άλλες καθορισμένες συγγενείς ανωμαλίες του νευρικού συστήματος,Q
Q07.9,"Συγγενής ανωμαλία του νευρικού συστήματος, μη καθορισμένη",Q
Q10,"Συγγενείς ανωμαλίες του βλεφάρου, της δακρυϊκής συσκευής και του οφθαλμικού κόγχου",Q
Q10.0,Συγγενής πτώση,Q
Q10.1,Συγγενές εκτρόπιο,Q
Q10.2,Συγγενές εντρόπιο,Q
Q10.3,Άλλες συγγενείς ανωμαλίες του βλεφάρου,Q
Q10.4,Έλλειψη και αγενεσία της δακρυϊκής συσκευής,Q
Q10.5,Συγγενής στένωση και ρίκνωση του δακρυϊκού πόρου,Q
Q10.6,Άλλες συγγενείς ανωμαλίες της δακρυϊκής συσκευής,Q
Q10.7,Συγγενής ανωμαλία του οφθαλμικού κόγχου,Q
Q11,"Ανοφθαλμία, μικροφθαλμία και μακροφθαλμία",Q
Q11.0,Κυστικός βολβός (οφθαλμού),Q
Q11.1,Άλλη ανοφθαλμία,Q
Q11.2,Μικρόφθαλμος,Q
Q11.3,Μακρόφθαλμος,Q
Q12,Συγγενείς ανωμαλίες του φακού,Q
Q12.0,Συγγενής καταρράκτης,Q
Q12.1,Συγγενής εκτοπία του φακού,Q
Q12.2,Κολόβωμα του φακού,Q
Q12.3,Συγγενής αφακία φακού,Q
Q12.4,Σφαιροφακία,Q
Q12.8,Άλλες συγγενείς ανωμαλίες του φακού,Q
Q12.9,"Συγγενής ανωμαλία του φακού, μη καθορισμένη",Q
Q13,Συγγενείς ανωμαλίες του πρόσθιου τμήματος του οφθαλμού,Q
Q13.0,Κολόβωμα της ίριδας,Q
Q13.1,Έλλειψη της ίριδας,Q
Q13.2,Άλλες συγγενείς ανωμαλίες της ίριδας,Q
Q13.3,Συγγενής θολερότητα του κερατοειδούς,Q
Q13.4,Άλλες συγγενείς ανωμαλίες του κερατοειδούς,Q
Q13.5,Κυανοί σκληροί,Q
Q13.8,Άλλες συγγενείς ανωμαλίες του πρόσθιου τμήματος του οφθαλμού,Q
Q13.9,"Συγγενής ανωμαλία του πρόσθιου τμήματος του οφθαλμού, μη καθορισμένη",Q
Q14,Συγγενείς ανωμαλίες του οπίσθιου τμήματος του οφθαλμού,Q
Q14.0,Συγγενής ανωμαλία του υαλώδους σώματος,Q
Q14.1,Συγγενής ανωμαλία του αμφιβληστροειδούς,Q
Q14.2,Συγγενής ανωμαλία του οπτικού δίσκου,Q
Q14.3,Συγγενής ανωμαλία του χοριοειδούς χιτώνα,Q
Q14.8,Άλλες συγγενείς ανωμαλίες του οπίσθιου τμήματος του οφθαλμού,Q
Q14.9,"Συγγενής ανωμαλία του οπίσθιου τμήματος του οφθαλμού, μη καθορισμένη",Q
Q15,Άλλες συγγενείς ανωμαλίες του οφθαλμού,Q
Q15.0,Συγγενές γλαύκωμα,Q
Q15.8,Άλλες καθορισμένες συγγενείς ανωμαλίες του οφθαλμού,Q
Q15.9,"Συγγενής ανωμαλία του οφθαλμού, μη καθορισμένη",Q
Q16,Συγγενείς ανωμαλίες του ωτός που προκαλούν βλάβη της ακοής,Q
Q16.0,Συγγενής έλλειψη του πτερυγίου (ωτός),Q
Q16.1,"Συγγενής έλλειψη, ατρησία και στένωση του ακουστικού πόρου (έξω)",Q
Q16.2,Έλλειψη ευσταχιανής σάλπιγγας,Q
Q16.3,Συγγενής ανωμαλία των ακουστικών οσταρίων,Q
Q16.4,Άλλες συγγενείς ανωμαλίες του μέσου ωτός,Q
Q16.5,Συγγενής ανωμαλία του έσω ωτός,Q
Q16.9,"Συγγενής ανωμαλία του ωτός που προκαλεί βλάβη της ακοής, μη καθορισμένη",Q
Q17,Άλλες συγγενείς ανωμαλίες του ωτός,Q
Q17.0,Επικουρικό πτερύγιο ωτός,Q
Q17.1,Μακροωτία,Q
Q17.2,Μικροωτία,Q
Q17.3,Άλλο παραμορφωμένο ούς,Q
Q17.4,Ανωμαλίες της θέσης του ωτός,Q
Q17.5,Προεξέχον ούς,Q
Q17.8,Άλλες καθορισμένες συγγενείς ανωμαλίες του ωτός,Q
Q17.9,"Συγγενής ανωμαλία του ωτός, μη καθορισμένη",Q
Q18,Άλλες συγγενείς ανωμαλίες του προσώπου και του τραχήλου,Q
Q18.0,"Κόλπος, συρίγγιο και κύστη της βραγχιακής σχισμής",Q
Q18.1,Προωτιαίος κόλπος και κύστη,Q
Q18.2,Άλλες ανωμαλίες της βραγχιακής σχισμής,Q
Q18.3,Μεμβράνη του τραχήλου,Q
Q18.4,Μακροστομία,Q
Q18.5,Μικροστομία,Q
Q18.6,Μακροχειλία,Q
Q18.7,Μικροχειλία,Q
Q18.8,Άλλες καθορισμένες συγγενείς ανωμαλίες του προσώπου και του τραχήλου,Q
Q18.9,"Συγγενής ανωμαλία του προσώπου και του τραχήλου, μη καθορισμένη",Q
Q20,Συγγενείς ανωμαλίες των καρδιακών κοιλοτήτων και των μεταξύ τους συνδέσεων,Q
Q20.0,Κοινός αρτηριακός κορμός,Q
Q20.1,Διπλή έξοδος [διπλοέξοδος] δεξιάς κοιλίας,Q
Q20.2,Διπλή έξοδος αριστερής κοιλίας,Q
Q20.3,Ασυμπτωματική κοιλιοαρτηριακή επικοινωνία,Q
Q20.4,Κοιλία με διπλό στόμιο εισόδου,Q
Q20.5,Ασυμπτωματική κολποκοιλιακή επικοινωνία,Q
Q20.6,Ισομερισμός των κολπικών εξαρτημάτων,Q
Q20.8,Άλλες συγγενείς ανωμαλίες των καρδιακών κοιλοτήτων και των μεταξύ τους συνδέσεων,Q
Q20.9,"Συγγενής ανωμαλία των καρδιακών κοιλοτήτων και των μεταξύ τους συνδέσεων, μη καθορισμένη",Q
Q21,Συγγενείς ανωμαλίες των καρδιακών διαφραγμάτων,Q
Q21.0,Έλλειμμα στο μεσοκοιλιακό διάφραγμα [μεσοκοιλιακό έλλειμμα],Q
Q21.1,Έλλειμμα στο μεσοκοιλιακό διάφραγμα [μεσοκολπικό έλλειμμα],Q
Q21.2,Έλλειμμα του κολποκοιλιακού διαφράγματος,Q
Q21.3,Τετραλογία του Fallot,Q
Q21.4,Έλλειμμα του αορτοπνευμονικού διαφράγματος,Q
Q21.8,Άλλες συγγενείς ανωμαλίες των καρδιακών διαφραγμάτων,Q
Q21.9,"Συγγενής ανωμαλία του καρδιακού διαφράγματος, μη καθορισμένη",Q
Q22,Συγγενείς ανωμαλίες της πνευμονικής και της τριχλώχινας βαλβίδας,Q
Q22.0,Ατρησία της πνευμονικής βαλβίδας,Q
Q22.1,Συγγενής στένωση της πνευμονικής βαλβίδας,Q
Q22.2,Συγγενής ανεπάρκεια της πνευμονικής βαλβίδας,Q
Q22.3,Άλλες συγγενείς ανωμαλίες της πνευμονικής βαλβίδας,Q
Q22.4,Συγγενής στένωση της τριγλώχινας βαλβίδας,Q
Q22.5,Ανωμαλία του Ebstein,Q
Q22.6,Σύνδρομο υποπλαστικής δεξιάς καρδίας,Q
Q22.8,Άλλες συγγενείς ανωμαλίες της τριγλώχινας βαλβίδας,Q
Q22.9,"Συγγενής ανωμαλία της τριγλώχινας βαλβίδας, μη καθορισμένη",Q
Q23,Συγγενείς ανωμαλίες της αορτικής και της μιτροειδούς βαλβίδας,Q
Q23.0,Συγγενής στένωση της αορτικής βαλβίδας,Q
Q23.1,Συγγενής ανεπάρκεια της αορτικής βαλβίδας,Q
Q23.2,Συγγενής μιτροειδική στένωση,Q
Q23.3,Συγγενής ανεπάρκεια της μιτροειδούς,Q
Q23.4,Σύνδρομο αριστερής υποπλαστικής καρδίας,Q
Q23.8,Άλλες συγγενείς ανωμαλίες της αορτικής και της μιτροειδούς βαλβίδας,Q
Q23.9,"Συγγενής ανωμαλία της αορτικής και της μιτροειδούς βαλβίδας, μη καθορισμένη",Q
Q24,Άλλες συγγενείς ανωμαλίες της καρδιάς,Q
Q24.0,Δεξιοκαρδία,Q
Q24.1,Αριστεροκαρδία,Q
Q24.2,Τρίκολπη καρδιά,Q
Q24.3,Πνευμονική χοανοειδής στένωση,Q
Q24.4,Συγγενής υποαορτική στένωση,Q
Q24.5,Ανωμαλίες των στεφανιαίων αγγείων,Q
Q24.6,Συγγενής καρδιακός αποκλεισμός,Q
Q24.8,Άλλες καθορισμένες συγγενείς ανωμαλίες της καρδιάς,Q
Q24.9,"Συγγενής ανωμαλία της καρδιάς, μη καθορισμένη",Q
Q25,Συγγενείς ανωμαλίες των μεγάλων αρτηριών,Q
Q25.0,Ανοικτός αρτηριακός πόρος,Q
Q25.1,Στένωση του ισθμού της αορτής,Q
Q25.2,Ατρησία της αορτής,Q
Q25.3,Στένωση της αορτής,Q
Q25.4,Άλλες συγγενείς ανωμαλίες της αορτής,Q
Q25.5,Ατρησία της πνευμονικής αρτηρίας,Q
Q25.6,Στένωση της πνευμονικής αρτηρίας,Q
Q25.7,Άλλες συγγενείς ανωμαλίες της πνευμονικής αρτηρίας,Q
Q25.8,Άλλες συγγενείς ανωμαλίες των μεγάλων αρτηριών,Q
Q25.9,"Συγγενής ανωμαλία των μεγάλων αρτηριών, μη καθορισμένη",Q
Q26,Συγγενείς ανωμαλίες των μεγάλων φλεβών,Q
Q26.0,Συγγενής στένωση της κοίλης φλέβας,Q
Q26.1,Παραμονή αριστερής άνω κοίλης φλέβας,Q
Q26.2,Ολική ανώμαλη πνευμονική φλεβική επικοινωνία,Q
Q26.3,Μερική ανώμαλη πνευμονική φλεβική επικοινωνία,Q
Q26.4,"Ανώμαλη πνευμονική φλεβική επικοινωνία, μη καθορισμένη",Q
Q26.5,Ανώμαλη πυλαία φλεβική επάνοδος,Q
Q26.6,Συρίγγιο μεταξύ της πυλαίας φλέβας και της ηπατικής αρτηρίας,Q
Q26.8,Άλλες συγγενείς ανωμαλίες των μεγάλων φλεβών,Q
Q26.9,"Συγγενής ανωμαλία μεγάλης φλέβας, μη καθορισμένη",Q
Q27,Άλλες συγγενείς ανωμαλίες του περιφερικού αγγειακού συστήματος,Q
Q27.0,Συγγενής έλλειψη και υποπλασία της ομφαλικής αρτηρίας,Q
Q27.1,Συγγενής στένωση της νεφρικής αρτηρίας,Q
Q27.2,Άλλες συγγενείς ανωμαλίες της νεφρικής αρτηρίας,Q
Q27.3,Περιφερική αρτηριοφλεβώδης δυσπλασία,Q
Q27.4,Συγγενής φλεβεκτασία,Q
Q27.8,Άλλες καθορισμένες συγγενείς ανωμαλίες του περιφερικού αγγειακού συστήματος,Q
Q27.9,"Συγγενής ανωμαλία του περιφερικού αγγειακού συστήματος, μη καθορισμένη",Q
Q28,Άλλες συγγενείς ανωμαλίες του κυκλοφορικού συστήματος,Q
Q28.0,Αρτηριοφλεβώδης δυσπλασία των προεγκεφαλικών αγγείων,Q
Q28.1,Άλλες ανωμαλίες των προεγκεφαλικών αγγείων,Q
Q28.2,Αρτηριοφλεβώδης δυσπλασία των εγκεφαλικών αγγείων,Q
Q28.3,Άλλες ανωμαλίες των εγκεφαλικών αγγείων,Q
Q28.8,Άλλες καθορισμένες συγγενείς ανωμαλίες του κυκλοφορικού συστήματος,Q
Q28.9,"Συγγενής ανωμαλία του κυκλοφορικού συστήματος, μη καθορισμένη",Q
Q30,Συγγενείς ανωμαλίες της ρίνας,Q
Q30.0,Ατρησία των ρινικών χοανών,Q
Q30.1,Αγενεσία και ελλιπής ανάπτυξη της ρίνας,Q
Q30.2,Σχισμοειδής ρίνα και  ρινοσχιστία,Q
Q30.3,Συγγενής διάτρηση του ρινικού διαφράγματος,Q
Q30.8,Άλλες συγγενείς ανωμαλίες της ρίνας,Q
Q30.9,"Συγγενής ανωμαλία της ρίνας, μη καθορισμένη",Q
Q31,Συγγενείς ανωμαλίες του λάρυγγα,Q
Q31.0,Μεμβράνη του λάρυγγα,Q
Q31.1,Συγγενής υπογλωττιδική στένωση,Q
Q31.2,Υποπλασία του λάρυγγα,Q
Q31.3,Λαρυγγοκήλη,Q
Q31.5,Συγγενής λαρυγγομαλακία,Q
Q31.8,Άλλες συγγενείς ανωμαλίες του λάρυγγα,Q
Q31.9,"Συγγενής ανωμαλία του λάρυγγα, μη καθορισμένη",Q
Q32,Συγγενείς ανωμαλίες της τραχείας και των βρόγχων,Q
Q32.0,Συγγενής τραχειομαλακία των χόνδρων της τραχείας,Q
Q32.1,Άλλες συγγενείς ανωμαλίες της τραχείας,Q
Q32.2,Συγγενής βρογχομαλακία,Q
Q32.3,Συγγενής στένωση των βρόγχων,Q
Q32.4,Άλλες συγγενείς ανωμαλίες των βρόγχων,Q
Q33,Συγγενείς ανωμαλίες των πνευμόνων,Q
Q33.0,Συγγενής κυστικός πνεύμονας,Q
Q33.1,Επικουρικός λοβός του πνεύμονα,Q
Q33.2,Απόλυμα του πνεύμονα,Q
Q33.3,Αγενεσία του πνεύμονα,Q
Q33.4,Συγγενής βρογχεκτασία,Q
Q33.5,Έκτοπος ιστός στον πνεύμονα,Q
Q33.6,Υποπλασία και δυσπλασία του πνεύμονα,Q
Q33.8,Άλλες συγγενείς ανωμαλίες των πνευμόνων,Q
Q33.9,"Συγγενής ανωμαλία των πνευμόνων, μη καθορισμένη",Q
Q34,Άλλες συγγενείς ανωμαλίες του αναπνευστικού συστήματος,Q
Q34.0,Ανωμαλία του υπεζωκότα,Q
Q34.1,Συγγενής κύστη του μεσοπνευμονίου,Q
Q34.8,Άλλες καθορισμένες ανωμαλίες του αναπνευστικού συστήματος,Q
Q34.9,"Συγγενής ανωμαλία του αναπνευστικού συστήματος, μη καθορισμένη",Q
Q35,Υπερωϊοσχιστία,Q
Q35.1,"Υπερωϊοσχιστία, της σκληρής υπερώας",Q
Q35.3,"Υπερωϊοσχιστία, της μαλθακής υπερώας",Q
Q35.5,Υπερωϊοσχιστία της σκληρής και της μαλθακής υπερώας,Q
Q35.7,Σχιστία της σταφυλής,Q
Q35.9,"Υπερωϊοσχιστία, μη καθορισμένη",Q
Q36,Χειλεοσχιστία,Q
Q36.0,"Χειλεοσχιστία, αμφοτερόπλευρη",Q
Q36.1,"Χειλεοσχιστία, μέση",Q
Q36.9,"Χειλεοσχιστία, ετερόπλευρη",Q
Q37,Χειλεοϋπερωϊοσχιστία,Q
Q37.0,Υπερωϊοσχιστία της σκληρής υπερώας με αμφοτερόπλευρη χειλεοσχιστία,Q
Q37.1,Υπερωϊοσχιστία της σκληρής υπερώας με ετερόπλευρη χειλεοσχιστία,Q
Q37.2,Υπερωϊοσχιστία της μαλθακής υπερώας με αμφοτερόπλευρη χειλεοσχιστία,Q
Q37.3,Υπερωϊοσχιστία της μαλθακής υπερώας με ετερόπλευρη χειλεοσχιστία,Q
Q37.4,Υπερωϊοσχιστία της σκληρής και της μαλθακής υπερώας με αμφοτερόπλευρη χειλεοσχιστία,Q
Q37.5,Υπερωϊοσχιστία της σκληρής και της μαλθακής υπερώας με ετερόπλευρη χειλεοσχιστία,Q
Q37.8,Μη καθορισμένη υπερωϊοσχιστία με αμφοτερόπλευρη χειλεοσχιστία,Q
Q37.9,Μη καθορισμένη υπερωϊοσχιστία με ετερόπλευρη χειλεοσχιστία,Q
Q38,"Άλλες συγγενείς ανωμαλίες της γλώσσας, του στόματος και του φάρυγγα",Q
Q38.0,"Συγγενείς ανωμαλίες των χειλέων, που δεν ταξινομούνται αλλού",Q
Q38.1,Αγκυλογλωσσία,Q
Q38.2,Μακρογλωσσία,Q
Q38.3,Άλλες συγγενείς ανωμαλίες της γλώσσας,Q
Q38.4,Συγγενείς ανωμαλίες των σιαλογόνων αδένων και πόρων,Q
Q38.5,"Συγγενείς ανωμαλίες της υπερώας, που δεν ταξινομούνται αλλού",Q
Q38.6,Άλλες συγγενείς ανωμαλίες του στόματος,Q
Q38.7,Φαρυγγικά εκκολπώματα,Q
Q38.8,Άλλες συγγενείς ανωμαλίες του φάρυγγα,Q
Q39,Συγγενείς ανωμαλίες του οισοφάγου,Q
Q39.0,Ατρησία του οισοφάγου χωρίς συρίγγιο,Q
Q39.1,Ατρησία του οισοφάγου με τραχειοοισοφαγικό συρίγγιο,Q
Q39.2,Συγγενές τραχειοοισοφαγικό συρίγγιο χωρίς ατρησία,Q
Q39.3,Συγγενής στένωση του οισοφάγου,Q
Q39.4,Μεμβράνη του οισοφάγου,Q
Q39.5,Συγγενής διεύρυνση του οισοφάγου,Q
Q39.6,Εκκόλπωμα του οισοφάγου,Q
Q39.8,Άλλες συγγενείς ανωμαλίες του οισοφάγου,Q
Q39.9,"Συγγενής ανωμαλία του οισοφάγου, μη καθορισμένη",Q
Q40,Άλλες συγγενείς ανωμαλίες της ανώτερης πεπτικής οδού,Q
Q40.0,Συγγενής υπερτροφική πυλωρική στένωση,Q
Q40.1,Συγγενής διαφραγματοκήλη (οισοφαγοκήλη) διαμέσου του οισοφαγικού τρήματος,Q
Q40.2,Άλλες καθορισμένες συγγενείς ανωμαλίες του στομάχου,Q
Q40.3,"Συγγενής ανωμαλία του στομάχου, μη καθορισμένη",Q
Q40.8,Άλλες καθορισμένες συγγενείς διαμαρτίες της ανώτερης πεπτικής οδού,Q
Q40.9,"Συγγενής ανωμαλία της ανώτερης πεπτικής οδού, μη καθορισμένη",Q
Q41,"Συγγενής έλλειψη, ατρησία και στένωση του λεπτού εντέρου",Q
Q41.0,"Συγγενής έλλειψη, ατρησία και στένωση του δωδεκαδακτύλου",Q
Q41.1,"Συγγενής έλλειψη, ατρησία και στένωση της νήστιδας",Q
Q41.2,"Συγγενής έλλειψη, ατρησία και στένωση του ειλεού",Q
Q41.8,"Συγγενής έλλειψη, ατρησία και στένωση άλλων καθορισμένων τμημάτων του λεπτού εντέρου",Q
Q41.9,"Συγγενής έλλειψη, ατρησία και στένωση του λεπτού εντέρου, μη καθορισμένου τμήματος",Q
Q42,"Συγγενής έλλειψη, ατρησία και στένωση του παχέος εντέρου",Q
Q42.0,"Συγγενής έλλειψη, ατρησία και στένωση του ορθού με συρίγγιο",Q
Q42.1,"Συγγενής έλλειψη, ατρησία και στένωση του ορθού χωρίς συρίγγιο",Q
Q42.2,"Συγγενής έλλειψη, ατρησία και στένωση του πρωκτού με συρίγγιο",Q
Q42.3,"Συγγενής έλλειψη, ατρησία και στένωση του πρωκτού χωρίς συρίγγιο",Q
Q42.8,"Συγγενής έλλειψη, ατρησία και στένωση άλλων τμημάτων του παχέος εντέρου",Q
Q42.9,"Συγγενής έλλειψη, ατρησία και στένωση του παχέος εντέρου, μη καθορισμένου τμήματος",Q
Q43,Άλλες συγγενείς ανωμαλίες του εντέρου,Q
Q43.0,Εκκόλπωμα του Meckel [Μεκκέλειος απόφυση],Q
Q43.1,Νόσος του Hirschsprung,Q
Q43.2,Άλλες συγγενείς λειτουργικές διαταραχές του κόλου,Q
Q43.3,Συγγενείς ανωμαλίες της στήριξης του εντέρου,Q
Q43.4,Διπλασιασμός του εντέρου,Q
Q43.5,Έκτοπος πρωκτός,Q
Q43.6,Συγγενές συρίγγιο του ορθού και του πρωκτού,Q
Q43.7,Παραμονή αμάρας (κλοάκης),Q
Q43.8,Άλλες καθορισμένες συγγενείς ανωμαλίες του εντέρου,Q
Q43.9,"Συγγενής ανωμαλία του εντέρου, μη καθορισμένη",Q
Q44,"Συγγενείς ανωμαλίες της χοληδόχου κύστης, των χοληφόρων πόρων και του ήπατος",Q
Q44.0,"Αγενεσία, απλασία και υποπλασία της χοληδόχου κύστης",Q
Q44.1,Άλλες συγγενείς ανωμαλίες της χοληδόχου κύστης,Q
Q44.2,Ατρησία των χοληφόρων πόρων,Q
Q44.3,Συγγενής στένωση των χοληφόρων πόρων,Q
Q44.4,Κύστη του χοληδόχου πόρου,Q
Q44.5,Άλλες συγγενείς ανωμαλίες των χοληδόχων πόρων,Q
Q44.6,Κυστική νόσος του ήπατος,Q
Q44.7,Άλλες συγγενείς ανωμαλίες του ήπατος,Q
Q45,Άλλες συγγενείς ανωμαλίες του πεπτικού συστήματος,Q
Q45.0,"Αγενεσία, απλασία και υποπλασία του παγκρέατος",Q
Q45.1,Δακτυλοειδές πάγκρεας,Q
Q45.2,Συγγενής παγκρεατική κύστη,Q
Q45.3,Άλλες συγγενείς ανωμαλίες του παγκρέατος και του παγκρεατικού πόρου,Q
Q45.8,Άλλες καθορισμένες συγγενείς ανωμαλίες του πεπτικού συστήματος,Q
Q45.9,"Συγγενής ανωμαλία του πεπτικού συστήματος, μη καθορισμένη",Q
Q50,"Συγγενείς ανωμαλίες των ωοθηκών, των σαλπίγγων και των πλατέων συνδέσμων",Q
Q50.0,Συγγενής έλλειψη της ωοθήκης,Q
Q50.1,Αναπτυξιακή κύστη της ωοθήκης,Q
Q50.2,Συγγενής συστροφή της ωοθήκης,Q
Q50.3,Άλλες συγγενείς ανωμαλίες των ωοθηκών,Q
Q50.4,Εμβρυϊκή κύστη των σαλπίγγων,Q
Q50.5,Εμβρυϊκή κύστη των πλατέων συνδέσμων,Q
Q50.6,Άλλες συγγενείς ανωμαλίες των σαλπίγγων και των πλατέων συνδέσμων,Q
Q51,Συγγενείς ανωμαλίες της μήτρας και του τραχήλου,Q
Q51.0,Αγενεσία και απλασία της μήτρας,Q
Q51.1,Διπλασιασμός της μήτρας με διπλασιασμό του τραχήλου και του κόλπου,Q
Q51.2,Άλλος διπλασιασμός της μήτρας,Q
Q51.3,Δίκερος μήτρα,Q
Q51.4,Μονόκερος μήτρα,Q
Q51.5,Αγενεσία και απλασία του τραχήλου,Q
Q51.6,Εμβρυϊκή κύστη του τραχήλου,Q
Q51.7,Συγγενή συρίγγια μεταξύ της μήτρας και της πεπτικής και ουροποιητικής οδού,Q
Q51.8,Άλλες συγγενείς ανωμαλίες της μήτρας και του τραχήλου,Q
Q51.9,"Συγγενής ανωμαλία της μήτρας και του τραχήλου, μη καθορισμένη",Q
Q52,Άλλες συγγενείς ανωμαλίες του γεννητικού συστήματος της γυναίκας,Q
Q52.0,Συγγενής έλλειψη του κόλπου,Q
Q52.1,Διπλασιασμός του κόλπου,Q
Q52.2,Συγγενές ορθοκολπικό συρίγγιο,Q
Q52.3,Άτρητος παρθενικός υμένας,Q
Q52.4,Άλλες συγγενείς ανωμαλίες του κόλπου,Q
Q52.5,Συνένωση των χειλέων (του αιδοίου),Q
Q52.6,Συγγενής ανωμαλία της κλειτορίδας,Q
Q52.7,Άλλες συγγενείς ανωμαλίες του αιδοίου,Q
Q52.8,Άλλες καθορισμένες συγγενείς ανωμαλίες του γεννητικού συστήματος της γυναίκας,Q
Q52.9,"Συγγενής ανωμαλία του γεννητικού συστήματος της γυναίκας, μη καθορισμένη",Q
Q53,Μη κατελθών όρχις,Q
Q53.0,Έκτοπος όρχις,Q
Q53.1,"Μη κατελθών  όρχις, ετερόπλευρος",Q
Q53.2,"Μη κατελθών όρχις, αμφοτερόπλευρος",Q
Q53.9,"Μη κατελθών όρχις, μη καθορισμένος",Q
Q54,Υποσπαδίας,Q
Q54.0,"Υποσπαδίας, βαλανικός",Q
Q54.1,"Υποσπαδίας, πεϊκός",Q
Q54.2,"Υποσπαδίας, οσχεοπεϊκός",Q
Q54.3,"Υποσπαδίας, περινεϊκός",Q
Q54.4,Συγγενής χορδή,Q
Q54.8,Άλλος υποσπαδίας,Q
Q54.9,"Υποσπαδίας, μη καθορισμένος",Q
Q55,Άλλες συγγενείς ανωμαλίες των ανδρικών γεννητικών οργάνων,Q
Q55.0,Έλλειψη και απλασία του όρχεος,Q
Q55.1,Υποπλασία του όρχεος και του οσχέου,Q
Q55.2,Άλλες συγγενείς ανωμαλίες του όρχεος και του οσχέου,Q
Q55.3,Ατρησία του σπερματικού πόρου,Q
Q55.4,"Άλλες συγγενείς ανωμαλίες του σπερματικού πόρου, της επιδιδυμίδας, των σπερματοδόχων κύστεων και του προστάτη",Q
Q55.5,Συγγενής έλλειψη και απλασία του πέους,Q
Q55.6,Άλλες συγγενείς ανωμαλίες του πέους,Q
Q55.8,Άλλες καθορισμένες συγγενείς ανωμαλίες των ανδρικών γεννητικών οργάνων,Q
Q55.9,"Συγγενής ανωμαλία ανδρικού γεννητικού οργάνου, μη καθορισμένη",Q
Q56,Απροσδιόριστο φύλο και ψευδοερμαφροδιτισμός,Q
Q56.0,"Ερμαφροδιτισμός, που δεν ταξινομείται αλλού",Q
Q56.1,"Άρρην ψευδερμαφροδιτισμός, που δεν ταξινομείται αλλού",Q
Q56.2,"Θηλυκός ψευδερμαφροδιτισμός, που δεν ταξινομείται αλλού",Q
Q56.3,"Ψευδερμαφροδιτισμός, μη καθορισμένος",Q
Q56.4,"Απροσδιόριστο φύλο, μη καθορισμένο",Q
Q60,Νεφρική αγενεσία και άλλες ελλειμματικές βλάβες των νεφρών,Q
Q60.0,"Νεφρική αγενεσία, ετερόπλευρος",Q
Q60.1,"Νεφρική αγενεσία, αμφοτερόπλευρος",Q
Q60.2,"Νεφρική αγενεσία, μη καθορισμένη",Q
Q60.3,"Υποπλασία των νεφρών, ετερόπλευρος",Q
Q60.4,"Υποπλασία των νεφρών, αμφοτερόπλευρος",Q
Q60.5,"Υποπλασία των νεφρών, μη καθορισμένη",Q
Q60.6,Σύνδρομο Potter,Q
Q61,Κυστική νόσος του νεφρού,Q
Q61.0,Συγγενής μονήρης νεφρική κύστη,Q
Q61.1,"Πολυκυστικός νεφρός, αυτοσωμιακός υπολειπόμενος",Q
Q61.2,"Πολυκυστικός νεφρός, αυτοσωμιακός επικρατούντος τύπου",Q
Q61.3,"Πολυκυστικός νεφρός, μη καθορισμένος",Q
Q61.4,Νεφρική δυσπλασία,Q
Q61.5,Κύστεις της μυελώδους μοίρας των νεφρών,Q
Q61.8,Άλλες κυστικές νόσοι του νεφρού,Q
Q61.9,"Κυστική νόσος του νεφρού, μη καθορισμένη",Q
Q62,Συγγενείς αποφρακτικές διαταραχές της νεφρικής πυέλου και συγγενείς ανωμαλίες του ουρητήρα,Q
Q62.0,Συγγενής υδρονέφρωση,Q
Q62.1,Ατρησία και στένωση του ουρητήρα,Q
Q62.2,Συγγενής μεγαουρητήρας,Q
Q62.3,Άλλες αποφρακτικές διαταραχές της νεφρικής πυέλου και του ουρητήρα,Q
Q62.4,Αγενεσία του ουρητήρα,Q
Q62.5,Διπλασιασμός του ουρητήρα,Q
Q62.6,Ανώμαλη θέση του ουρητήρα,Q
Q62.7,Συγγενής κυστεο-ουρητηρο-νεφρική παλινδρόμηση,Q
Q62.8,Άλλες συγγενείς ανωμαλίες του ουρητήρα,Q
Q63,Άλλες συγγενείς ανωμαλίες του νεφρού,Q
Q63.0,Επικουρικός νεφρός,Q
Q63.1,"Λοβιώδης, νεφρός από σύμφυση και πεταλοειδής νεφρός",Q
Q63.2,Έκτοπος νεφρός,Q
Q63.3,Υπερπλαστικός και γιγαντιαίος νεφρός,Q
Q63.8,Άλλες καθορισμένες συγγενείς ανωμαλίες του νεφρού,Q
Q63.9,"Συγγενής ανωμαλία του νεφρού, μη καθορισμένη",Q
Q64,Άλλες συγγενείς ανωμαλίες του ουροποιητικού συστήματος,Q
Q64.0,Επισπαδίας,Q
Q64.1,Εκστροφή της ουροδόχου κύστης,Q
Q64.2,Συγγενείς βαλβίδες της οπίσθιας ουρήθρας,Q
Q64.3,Άλλη ατρησία και στένωση της ουρήθρας και του αυχένα της ουροδόχου κύστης,Q
Q64.4,Ανωμαλίες του ουραχού,Q
Q64.5,Συγγενής έλλειψη της ουροδόχου κύστης και της ουρήθρας,Q
Q64.6,Συγγενές εκκόλπωμα της ουροδόχου κύστης,Q
Q64.7,Άλλες συγγενείς ανωμαλίες της ουροδόχου κύστης και της ουρήθρας,Q
Q64.8,Άλλες καθορισμένες συγγενείς ανωμαλίες του ουροποιητικού συστήματος,Q
Q64.9,"Συγγενής ανωμαλία του ουροποιητικού συστήματος, μη καθορισμένη",Q
Q65,Συγγενείς δυσπλασίες του ισχίου,Q
Q65.0,"Συγγενές εξάρθρημα του ισχίου, ετερόπλευρο",Q
Q65.1,"Συγγενές εξάρθρημα του ισχίου, αμφοτερόπλευρο",Q
Q65.2,"Συγγενές εξάρθρημα του ισχίου, μη καθορισμένο",Q
Q65.3,"Συγγενές υπεξάρθρημα του ισχίου, ετερόπλευρο",Q
Q65.4,"Συγγενές υπεξάρθρημα του ισχίου, αμφοτερόπλευρο",Q
Q65.5,"Συγγενές υπεξάρθρημα του ισχίου, μη καθορισμένο",Q
Q65.6,Ασταθές ισχίο,Q
Q65.8,Άλλες συγγενείς δυσπλασίες του ισχίου,Q
Q65.9,"Συγγενής δυσπλασία του ισχίου, μη καθορισμένη",Q
Q66,Συγγενείς δυσπλασίες του άκρου πόδα,Q
Q66.0,Ραιβοϊπποποδία,Q
Q66.1,Ραιβοπτερνοποδία,Q
Q66.2,Ραιβό μετατάρσιο,Q
Q66.3,Άλλες συγγενείς δυσπλασίες του άκρου πόδα που σχετίζονται με ραιβότητα,Q
Q66.4,Βλαισοπτερνοποδία,Q
Q66.5,Συγγενής πλατυποδία,Q
Q66.6,Άλλες συγγενείς δυσπλασίες του άκρου πόδα που σχετίζονται με βλαισότητα,Q
Q66.7,Κοίλος πους,Q
Q66.8,Άλλες συγγενείς δυσπλασίες του άκρου πόδα,Q
Q66.9,"Συγγενής δυσπλασία του άκρου πόδα, μη καθορισμένη",Q
Q67,"Συγγενείς μυοσκελετικές δυσπλασίες της κεφαλής, του προσώπου, της σπονδυλικής στήλης και του θώρακα",Q
Q67.0,Ασυμμετρία του προσώπου,Q
Q67.1,Συμπίεση του προσώπου,Q
Q67.2,Δολιχοκεφαλία,Q
Q67.3,Πλαγιοκεφαλία,Q
Q67.4,"Άλλες συγγενείς δυσπλασίες του κρανίου, του προσώπου και της γνάθου",Q
Q67.5,Συγγενής δυσπλασία της σπονδυλικής στήλης,Q
Q67.6,Χωνοειδής θώρακας,Q
Q67.7,Τροπιδοειδής θώρακας,Q
Q67.8,Άλλες συγγενείς δυσπλασίες του θώρακα,Q
Q68,Άλλες συγγενείς μυοσκελετικές δυσπλασίες,Q
Q68.0,Συγγενής δυσπλασία του στερνοκλειδομαστοειδούς μυός,Q
Q68.1,Συγγενής δυσπλασία της άκρας χείρας,Q
Q68.2,Συγγενής δυσπλασία του γόνατος,Q
Q68.3,Συγγενής ραιβότητα του μηριαίου (οστού),Q
Q68.4,Συγγενής ραιβότητα της κνήμης και της περόνης,Q
Q68.5,"Συγγενής ραιβότητα των μακρών οστών του κάτω άκρου, μη καθορισμένη",Q
Q68.8,Άλλες καθορισμένες συγγενείς μυοσκελετικές δυσπλασίες,Q
Q69,Πολυδακτυλία,Q
Q69.0,Υπεράριθμο(α) δάκτυλο(α) (της άκρας χείρας),Q
Q69.1,Υπεράριθμος(οι) αντίχειρας(ες),Q
Q69.2,Υπεράριθμο(α) δάκτυλο(α) (του άκρου πόδα),Q
Q69.9,"Πολυδακτυλία, μη καθορισμένη",Q
Q70,Συνδακτυλία,Q
Q70.0,Σύμφυση δακτύλων (της άκρας χείρας),Q
Q70.1,Υμενώδης συνδακτυλία (της άκρας χείρας) [μεσοδακτύλιες πτυχές],Q
Q70.2,Σύμφυση δακτύλων (του άκρου πόδα),Q
Q70.3,Υμενώδης συνδακτυλία (του άκρου πόδα) [μεσοδακτύλιες πτυχές],Q
Q70.4,Πολυσυνδακτυλία,Q
Q70.9,"Συνδακτυλία, μη καθορισμένη",Q
Q71,Ελλειμματικές ανωμαλίες του άνω άκρου,Q
Q71.0,Συγγενής πλήρης έλλειψη του(ων) άνω άκρου(ων),Q
Q71.1,Συγγενής έλλειψη του βραχίονα και του αντιβραχίου με παρουσία της άκρας χείρας,Q
Q71.2,Συγγενής έλλειψη αμφότερων του αντιβραχίου και της άκρας χείρας,Q
Q71.3,Συγγενής έλλειψη της άκρας χείρας και δακτύλου(ων),Q
Q71.4,Επιμήκης ελλειμματική ανωμαλία της κερκίδας,Q
Q71.5,Επιμήκης ελλειμματική ανωμαλία της ωλένης,Q
Q71.6,Χείρα [εκτροδακτυλία] δίκην δαγκάνας αστακού,Q
Q71.8,Άλλες ελλειμματικές ανωμαλίες του(ων) άνω άκρου(ων),Q
Q71.9,"Ελλειμματική ανωμαλία του άνω άκρου, μη καθορισμένη",Q
Q72,Ελλειμματικές ανωμαλίες του κάτω άκρου,Q
Q72.0,Συγγενής πλήρης έλλειψη του(ων) κάτω άκρου(ων),Q
Q72.1,Συγγενής έλλειψη του μηρού και της κνήμης με παρουσία του άκρου πόδα,Q
Q72.2,Συγγενής έλλειψη αμφότερων της κνήμης και του άκρου πόδα,Q
Q72.3,Συγγενής έλλειψη του άκρου πόδα και δακτύλου(ων),Q
Q72.4,Επιμήκης ελλειμματική ανωμαλία του μηριαίου οστού,Q
Q72.5,Επιμήκης ελλειμματική ανωμαλία του οστού της κνήμης,Q
Q72.6,Επιμήκης ελλειμματική ανωμαλία της περόνης,Q
Q72.7,Σχιστοποδία,Q
Q72.8,Άλλες ελλειμματικές ανωμαλίες του(ων) κάτω άκρου(ων),Q
Q72.9,"Ελλειμματική ανωμαλία του κάτω άκρου, μη καθορισμένη",Q
Q73,Ελλειμματικές ανωμαλίες μη καθορισμένου άκρου,Q
Q73.0,Συγγενής έλλειψη μη καθορισμένου(ων) άκρου(ων),Q
Q73.1,"Φωκομελία, μη καθορισμένου(ων) άκρου(ων)",Q
Q73.8,Άλλες ελλειμματικές ανωμαλίες μη καθορισμένου(ων) άκρου(ων),Q
Q74,Άλλες συγγενείς ανωμαλίες του(ων) άκρου(ων),Q
Q74.0,"Άλλες συγγενείς ανωμαλίες του(ων) άνω άκρου(ων), περιλαμβανομένης της ωμικής ζώνης",Q
Q74.1,Συγγενής ανωμαλία του γόνατος,Q
Q74.2,"Άλλες συγγενείς ανωμαλίες του(ων) κάτω άκρου(ων), περιλαμβανομένης και της πυελικής ζώνης",Q
Q74.3,Πολλαπλή συγγενής αρθρογρύπωση,Q
Q74.8,Άλλες καθορισμένες συγγενείς ανωμαλίες του(ων) άκρου(ων),Q
Q74.9,Μη καθορισμένη συγγενής ανωμαλία των άκρων,Q
Q75,Άλλες συγγενείς ανωμαλίες των οστών του κρανίου και του προσώπου,Q
Q75.0,Κρανιοσυνοστέωση,Q
Q75.1,Κρανιοπροσωπική δυσόστωση,Q
Q75.2,Υπερτελορισμός,Q
Q75.3,Μακροκεφαλία,Q
Q75.4,Γναθοπροσωπική δυσόστωση,Q
Q75.5,Γναθοφθαλμική δυσόστωση,Q
Q75.8,Άλλες καθορισμένες συγγενείς ανωμαλίες των οστών του κρανίου και του προσώπου,Q
Q75.9,"Συγγενής ανωμαλία των οστών του κρανίου και του προσώπου, μη καθορισμένη",Q
Q76,Συγγενείς ανωμαλίες της σπονδυλικής στήλης και των οστών του θώρακα,Q
Q76.0,Λανθάνουσα δισχιδής ράχη,Q
Q76.1,Σύνδρομο Klippel-Feil,Q
Q76.2,Συγγενής σπονδυλολίσθηση,Q
Q76.3,Συγγενής σκολίωση που οφείλεται σε συγγενή οστική ανωμαλία,Q
Q76.4,"Άλλες συγγενείς ανωμαλίες της σπονδυλικής στήλης, που δε σχετίζονται με σκολίωση",Q
Q76.5,Αυχενική πλευρά,Q
Q76.6,Άλλες συγγενείς ανωμαλίες των πλευρών,Q
Q76.7,Συγγενής ανωμαλία του στέρνου,Q
Q76.8,Άλλες συγγενείς ανωμαλίες των οστών του θώρακα,Q
Q76.9,"Συγγενής ανωμαλία των οστών του θώρακα, μη καθορισμένη",Q
Q77,Οστεοχονδροδυσπλασία με ελαττωματική ανάπτυξη των μακρών οστών και της σπονδυλικής στήλης,Q
Q77.0,Αχονδρογένεση,Q
Q77.1,Θνησιγενές κοντό ανάστημα,Q
Q77.2,Σύνδρομο βραχείας (κοντής) πλευράς,Q
Q77.3,Χονδροδυσπλασία στικτή,Q
Q77.4,Αχονδροπλασία,Q
Q77.5,Δυστροφική δυσπλασία,Q
Q77.6,Χονδροεξωδερμική δυσπλασία,Q
Q77.7,Σπονδυλοεπιφυσιακή δυσπλασία,Q
Q77.8,Άλλη οστεοχονδροδυσπλασία που με ελαττωματική ανάπτυξη των μακρών οστών και της σπονδυλικής στήλης,Q
Q77.9,"Οστεοχονδροδυσπλασία με ελαττωματική ανάπτυξη των μακρών οστών και της σπονδυλικής στήλης, μη καθορισμένη",Q
Q78,Άλλες οστεοχονδροδυσπλασίες,Q
Q78.0,Ατελής οστεογένεση,Q
Q78.1,Πολυοστική ινώδης δυσπλασία,Q
Q78.2,Οστεοπέτρωση,Q
Q78.3,Προϊούσα διαφυσιακή δυσπλασία,Q
Q78.4,Εγχονδρωμάτωση,Q
Q78.5,Μεταφυσιακή δυσπλασία,Q
Q78.6,Πολλαπλές συγγενείς εξοστώσεις,Q
Q78.8,Άλλες καθορισμένες οστεοχονδροδυσπλασίες,Q
Q78.9,"Οστεοχονδροδυσπλασία, μη καθορισμένη",Q
Q79,"Συγγενείς ανωμαλίες του μυοσκελετικόυ συστήματος, που δεν ταξινομούνται αλλού",Q
Q79.0,Συγγενής κήλη διαφράγματος,Q
Q79.1,Άλλες συγγενείς ανωμαλίες του διαφράγματος,Q
Q79.2,Εξόμφαλος,Q
Q79.3,Γαστρόσχιση,Q
Q79.4,Σύνδρομο prune belly,Q
Q79.5,Άλλες συγγενείς ανωμαλίες του κοιλιακού τοιχώματος,Q
Q79.6,Σύνδρομο Ehlers-Danlos,Q
Q79.8,Άλλες συγγενείς ανωμαλίες του μυοσκελετικού συστήματος,Q
Q79.9,"Συγγενής ανωμαλία του μυοσκελετικού συστήματος, μη καθορισμένη",Q
Q80,Συγγενής ιχθύαση,Q
Q80.0,Κοινή ιχθύαση,Q
Q80.1,Φυλοσύνδετη ιχθύαση,Q
Q80.2,Φυλλώδης ιχθύαση,Q
Q80.3,Πομφολυγώδης συγγενής ιχθυασόμορφη ερυθροδερμία,Q
Q80.4,Εμβρυο αρλεκίνος [ιχθύαση τύπου αρλεκίνου],Q
Q80.8,Άλλες περιπτώσεις συγγενούς ιχθύασης,Q
Q80.9,"Συγγενής ιχθύαση, μη καθορισμένη",Q
Q81,Πομφολυγώδης επιδερμόλυση,Q
Q81.0,Απλή πομφολυγώδης επιδερμόλυση,Q
Q81.1,Θανατηφόρος [συνδετική] πομφολυγώδης επιδερμόλυση,Q
Q81.2,Δυστροφική πομφολυγώδης επιδερμόλυση,Q
Q81.8,Άλλη πομφολυγώδης επιδερμόλυση,Q
Q81.9,"Πομφολυγώδης επιδερμόλυση, μη καθορισμένη",Q
Q82,Άλλες συγγενείς ανωμαλίες του δέρματος,Q
Q82.0,Κληρονομικό λεμφοίδημα,Q
Q82.1,Μελαγχρωματικό ξηρόδερμα,Q
Q82.2,Μαστοκύτωση,Q
Q82.3,Ακράτεια μελανίνης,Q
Q82.4,Εξωδερμική δυσπλασία (ανιδρωτική),Q
Q82.5,Συγγενής μη-νεοπλασματικός σπίλος,Q
Q82.8,Άλλες καθορισμένες συγγενείς ανωμαλίες του δέρματος,Q
Q82.9,"Συγγενής ανωμαλία του δέρματος, μη καθορισμένη",Q
Q83,Συγγενείς ανωμαλίες του μαστού,Q
Q83.0,Συγγενής έλλειψη του μαστού με έλλειψη της θηλής,Q
Q83.1,Επικουρικός μαστός,Q
Q83.2,Έλλειψη θηλής,Q
Q83.3,Επικουρική θηλή,Q
Q83.8,Άλλες συγγενείς ανωμαλίες του μαστού,Q
Q83.9,"Συγγενής ανωμαλία του μαστού, μη καθορισμένη",Q
Q84,Άλλες συγγενείς ανωμαλίες οργάνων του καλυπτήριου συστήματος,Q
Q84.0,Συγγενής αλωπεκία,Q
Q84.1,"Συγγενείς μορφολογικές διαταραχές των τριχών, που δεν ταξινομούνται αλλού",Q
Q84.2,Άλλες συγγενείς ανωμαλίες των τριχών,Q
Q84.3,Ανωνυχία,Q
Q84.4,Συγγενής λευκωνυχία,Q
Q84.5,Διογκωμένοι και υπερτροφικοί όνυχες,Q
Q84.6,Άλλες συγγενείς ανωμαλίες των ονύχων,Q
Q84.8,Άλλες καθορισμένες συγγενείς ανωμαλίες οργάνων του καλυπτήριου συστήματος,Q
Q84.9,"Συγγενής ανωμαλία οργάνου του καλυπτήριου συστήματος, μη καθορισμένη",Q
Q85,"Φακωματώσεις, που δεν ταξινομούνται αλλού",Q
Q85.0,Νευρινωμάτωση (μη κακοήθης),Q
Q85.1,Οζώδης σκλήρυνση,Q
Q85.8,"Άλλες φακωματώσεις, που δεν ταξινομούνται αλλού",Q
Q85.9,"Φακωμάτωση, μη καθορισμένη",Q
Q86,"Σύνδρομα συγγενών ανωμαλιών που οφείλονται σε γνωστά εξωγενή αίτια,  που δεν ταξινομούνται αλλού",Q
Q86.0,Εμβρυϊκό αλκοολικό σύνδρομο (δυσμορφικό),Q
Q86.1,Εμβρυϊκό σύνδρομο από υδαντοΐνη,Q
Q86.2,Δυσμορφισμός που οφείλεται στη βαρφαρίνη,Q
Q86.8,Άλλα σύνδρομα συγγενών ανωμαλιών που οφείλονται σε γνωστά εξωγενή αίτια,Q
Q87,Άλλα καθορισμένα σύνδρομα συγγενών ανωμαλιών που προσβάλλουν πολλαπλά συστήματα,Q
Q87.0,Σύνδρομα συγγενών ανωμαλιών που προσβάλλουν κυρίως την εμφάνιση του προσώπου,Q
Q87.1,Σύνδρομα συγγενών ανωμαλιών που σχετίζονται κυρίως με χαμηλό ανάστημα,Q
Q87.2,Σύνδρομα συγγενών ανωμαλιών που αφορούν κυρίως τα άκρα,Q
Q87.3,Σύνδρομα συγγενών ανωμαλιών που αφορούν πρώιμη υπερβολική ανάπτυξη,Q
Q87.4,Σύνδρομο Marfan,Q
Q87.5,Άλλα σύνδρομα συγγενών ανωμαλιών με άλλες σκελετικές μεταβολές,Q
Q87.8,"Άλλα καθορισμένα σύνδρομα συγγενών ανωμαλιών, που δεν ταξινομούνται αλλού",Q
Q89,"Άλλες συγγενείς ανωμαλίες, που δεν ταξινομούνται αλλού",Q
Q89.0,Συγγενείς ανωμαλίες του σπλήνα,Q
Q89.1,Συγγενείς ανωμαλίες των επινεφριδίων,Q
Q89.2,Συγγενείς ανωμαλίες άλλων ενδοκρινών αδένων,Q
Q89.3,Αναστροφή σπλάγχνων,Q
Q89.4,Σιαμαίοι δίδυμοι,Q
Q89.7,"Πολλαπλές συγγενείς ανωμαλίες, που δεν ταξινομούνται αλλού",Q
Q89.8,Άλλες καθορισμένες συγγενείς ανωμαλίες,Q
Q89.9,"Συγγενής ανωμαλία, μη καθορισμένη",Q
Q90,Σύνδρομο Down,Q
Q90.0,"Τρισωμία 21, μειωτικός μη διαχωρισμός",Q
Q90.1,"Τρισωμία 21, μωσαϊκισμός (μιτωτικός μη διαχωρισμός)",Q
Q90.2,"Τρισωμία 21, μετάθεση",Q
Q90.9,"Σύνδρομο Down, μη καθορισμένο",Q
Q91,Σύνδρομο Edwards και σύνδρομο Patau,Q
Q91.0,"Τρισωμία 18, μειωτικός μη διαχωρισμός",Q
Q91.1,"Τρισωμία 18, μωσαϊκισμός (μιτωτικός μη διαχωρισμός)",Q
Q91.2,"Τρισωμία 18, μετάθεση",Q
Q91.3,"Σύνδρομο Edwards, μη καθορισμένο",Q
Q91.4,"Τρισωμία 13, μειωτικός μη διαχωρισμός",Q
Q91.5,"Τρισωμία 13, μωσαϊκισμός (μιτωτικός μη διαχωρισμός)",Q
Q91.6,"Τρισωμία 13, μετάθεση",Q
Q91.7,"Σύνδρομο Patau, μη καθορισμένο",Q
Q92,"Άλλες τρισωμίες και μερικές τρισωμίες των αυτοσωμικών χρωμοσωμάτων, που δεν ταξινομούνται αλλού",Q
Q92.0,"Ολική χρωμοσωμική τρισωμία, μειωτικός μη διαχωρισμός",Q
Q92.1,"Ολική χρωμοσωμική τρισωμία, μωσαϊκισμός (μιτωτικός μη διαχωρισμός)",Q
Q92.2,Μείζων μερική τρισωμία,Q
Q92.3,Ελλάσσων μερική τρισωμία,Q
Q92.4,Διπλασιασμοί που παρατηρούνται μόνο στην προμετάφαση,Q
Q92.5,Διπλασιασμοί σε συνδυασμό με άλλες σύνθετες χρωμοσωμικές ανακατατάξεις,Q
Q92.6,Υπερσημειακά χρωμοσώματα,Q
Q92.7,Τριπλοειδία και πολυπλοειδία,Q
Q92.8,Άλλες καθορισμένες τρισωμίες και μερικές τρισωμίες των αυτοσωμικών χρωμοσωμάτων,Q
Q92.9,"Τρισωμία και μερική τρισωμία των αυτοσωμικών χρωμοσωμάτων, μη καθορισμένη",Q
Q93,Μονοσωμίες και ελλείψεις των αυτοσωμικών χρωμοσωμάτων που δεν ταξινομούνται αλλού,Q
Q93.0,"Ολική χρωμοσωμική μονοσωμία, μειωτικός μη διαχωρισμός",Q
Q93.1,"Ολική χρωμοσωμική μονοσωμία, μωσαϊκισμός (μιτωτικός μη διαχωρισμός)",Q
Q93.2,Αντικατάσταση χρωμοσώματος από κυκλικό ή δικεντρικό (χρωμόσωμα),Q
Q93.3,Έλλειψη του βραχέος σκέλους του χρωμοσώματος 4,Q
Q93.4,Έλλειψη του βραχέος σκέλους του χρωμοσώματος 5,Q
Q93.5,Άλλες ελλείψεις τμήματος ενός χρωμοσώματος,Q
Q93.6,Ελλείψεις που παρατηρούνται μόνο στην προμετάφαση,Q
Q93.7,Ελλείψεις σε συνδυασμό με άλλες σύνθετες ανακατατάξεις,Q
Q93.8,Άλλες ελλείψεις από τα αυτοσωμικά χρωμοσώματα,Q
Q93.9,"Έλλειψη από τα αυτοσωμικά χρωμοσώματα, μη καθορισμένη",Q
Q95,"Ισορροπημένες ανακατατάξεις και δομικοί δείκτες, που δεν ταξινομούνται αλλού",Q
Q95.0,Ισορροπημένη μετάθεση και εισαγωγή σε φυσιολογικό άτομο,Q
Q95.1,Χρωμοσωμική αναστροφή σε φυσιολογικό άτομο,Q
Q95.2,Ισορροπημένη αυτοσωμική ανακατάταξη σε μη φυσιολογικό άτομο,Q
Q95.3,"Ισορροπημένη ανακατάταξη των φυλετικών και αυτοσωμικών, χρωμοσωμιακών, σε μη φυσιολογικό άτομο",Q
Q95.4,Άτομα με δείκτες ετεροχρωματίνης,Q
Q95.5,Άτομα με αυτοσωμικά χρωμοσώματα με εύθραυστες περιοχές,Q
Q95.8,Άλλες ισορροπημένες ανακατατάξεις και δομικοί δείκτες,Q
Q95.9,"Ισορροπημένη ανακατάταξη και δομικός δείκτης, μη καθορισμένα",Q
Q96,Σύνδρομο Turner,Q
Q96.0,"Καρυότυπος 45,Χ",Q
Q96.1,"Καρυότυπος 46,Χ iso (Xq)",Q
Q96.2,"Καρυότυπος 46,Χ με ανώμαλο φυλετικό χρωμόσωμα, εκτός του iso (Xq)",Q
Q96.3,"Μωσαϊκισμός 45,Χ/46,ΧΧ ή ΧΥ",Q
Q96.4,"Μωσαϊκισμός 45,Χ/άλλες κυτταρικές σειρές με ανώμαλο φυλεκτικό χρωμόσωμα",Q
Q96.8,Άλλες παραλλαγές του συνδρόμου Turner,Q
Q96.9,"Σύνδρομο Turner, μη καθορισμένο",Q
Q97,"Άλλες ανωμαλίες των φυλετικών χρωμοσωμάτων, με θήλυ φαινότυπο, που δεν ταξινομούνται αλλού",Q
Q97.0,"Καρυότυπος 47,ΧΧΧ",Q
Q97.1,Θήλυ με περισσότερα από τρία Χ χρωμοσώματα,Q
Q97.2,"Μωσαϊκισμός, σειρές με διάφορους αριθμούς Χ χρωμοσωμάτων",Q
Q97.3,"Θήλυ με 46,ΧΥ καρυότυπο",Q
Q97.8,"Άλλες καθορισμένες ανωμαλίες των φυλετικών χρωμοσωμάτων, με θήλυ φαινότυπο",Q
Q97.9,"Ανωμαλία των φυλετικών χρωμοσωμάτων, με θήλυ φαινότυπο, μη καθορισμένη",Q
Q98,"Άλλες ανωμαλίες των φυλετικών χρωμοσωμάτων, με άρρενα φαινότυπο, που δεν ταξινομούνται αλλού",Q
Q98.0,"Σύνδρομο Klinefelter με καρυότυπο 47,ΧΧΥ",Q
Q98.1,"Σύνδρομο Klinefelter, άρρεν με περισσότερα από δύο Χ χρωμοσώματα",Q
Q98.2,"Σύνδρομο Klinefelter, άρρεν με καρυότυπο 46,ΧΧ",Q
Q98.3,"Άλλος φαινότυπος άρρενος με καρυότυπο 46,ΧΧ",Q
Q98.4,"Σύνδρομο Klinefelter, μη καθορισμένο",Q
Q98.5,"Καρυότυπος 47,ΧΥΥ",Q
Q98.6,Άρρεν με δομική ανωμαλία των φυλετικών χρωμοσωμάτων,Q
Q98.7,Άρρεν με μωσαϊκισμό των φυλετικών χρωμοσωμάτων,Q
Q98.8,"Άλλες καθορισμένες ανωμαλίες των φυλετικών χρωμοσωμάτων, με άρρενα φαινότυπο",Q
Q98.9,"Ανωμαλία των φυλετικών χρωμοσωμάτων, με άρρενα φαινότυπο, μη καθορισμένη",Q
Q99,"Άλλες χρωμοσωμικές ανωμαλίες, που δεν ταξινομούνται αλλού",Q
Q99.0,"Xιμαιρισμός 46,ΧΧ/46,ΧΥ",Q
Q99.1,"46,ΧΧ αληθής ερμαφροδιτισμός",Q
Q99.2,Εύθραυστο Χ χρωμόσωμα,Q
Q99.8,Άλλες καθορισμένες χρωμοσωμικές ανωμαλίες,Q
Q99.9,"Χρωμοσωμική ανωμαλία, μη καθορισμένη",Q
R00,Διαταραχές του καρδιακού παλμού,R
R00.0,"Ταχυκαρδία, μη καθορισμένη",R
R00.1,"Βραδυκαρδία, μη καθορισμένη",R
R00.2,Αίσθημα παλμών,R
R00.8,Άλλες και μη καθορισμένες διαταραχές του καρδιακού παλμού,R
R01,Καρδιακά φυσήματα και άλλοι καρδιακοί ήχοι,R
R01.0,Καλοήθη και αθώα καρδιακά φυσήματα,R
R01.1,"Καρδιακό φύσημα, μη καθορισμένο",R
R01.2,Άλλοι καρδιακοί ήχοι,R
R02,"Γάγγραινα, που δεν ταξινομείται αλλού",R
R03,"Παθολογική τιμή αρτηριακής πίεσης, χωρίς διάγνωση",R
R03.0,"Αυξημένη τιμή αρτηριακής πίεσης, χωρίς διάγνωση υπέρτασης",R
R03.1,Μη ειδική χαμηλή τιμή αρτηριακής πίεσης,R
R04,Αιμορραγία από τις αναπνευστικές οδούς,R
R04.0,Επίσταξη,R
R04.1,Αιμορραγία από το λαιμό,R
R04.2,Αιμόπτυση,R
R04.8,Αιμορραγία από άλλες εντοπίσεις των αναπνευστικών οδών,R
R04.9,"Αιμορραγία από τις αναπνευστικές οδούς, μη καθορισμένη",R
R05,Βήχας,R
R06,Διαταραχές της αναπνοής,R
R06.0,Δύσπνοια,R
R06.1,Συριγμός,R
R06.2,Συρίττουσα αναπνοή,R
R06.3,Περιοδική αναπνοή,R
R06.4,Υπεραερισμός,R
R06.5,Στοματική αναπνοή,R
R06.6,Λόξυγγας,R
R06.7,Πταρμός,R
R06.8,Άλλες και μη καθορισμένες διαταραχές της αναπνοής,R
R07,Πόνος στο λαιμό και το στήθος (θώρακα),R
R07.0,Πόνος στο λαιμό,R
R07.1,Θωρακικός πόνος κατά την αναπνοή,R
R07.2,Προκάρδιος πόνος [άλγος],R
R07.3,Άλλος θωρακικός πόνος,R
R07.4,"Θωρακικός πόνος, μη καθορισμένος",R
R09,Άλλα συμπτώματα και σημεία που αφορούν το κυκλοφορικό και το αναπνευστικό σύστημα,R
R09.0,Ασφυξία,R
R09.1,Πλευρίτιδα,R
R09.2,Αναπνευστική παύση,R
R09.3,Παθολογικά πτύελα,R
R09.8,Άλλα καθορισμένα συμπτώματα και σημεία που αφορούν το κυκλοφορικό και το αναπνευστικό σύστημα,R
R10,Κοιλιακός και πυελικός πόνος,R
R10.0,Οξεία κοιλία,R
R10.1,Πόνος εντοπισμένος στην άνω κοιλία,R
R10.2,Πυελικός και περινεϊκός πόνος,R
R10.3,Πόνος εντοπισμένος σε άλλα τμήματα της κάτω κοιλίας,R
R10.4,Άλλος και μη καθορισμένος κοιλιακός πόνος,R
R11,Ναυτία και έμετος,R
R12,Επιγαστρικό καύσος [οπισθοστερνικό],R
R13,Δυσφαγία,R
R14,Μετεωρισμός και σχετικές καταστάσεις,R
R15,Ακράτεια κοπράνων,R
R16,Ηπατομεγαλία και σπληνομεγαλία που δεν ταξινομούνται αλλού,R
R16.0,"Ηπατομεγαλία, που δεν ταξινομείται αλλού",R
R16.1,"Σπληνομεγαλία, που δεν ταξινομείται αλλού",R
R16.2,"Ηπατομεγαλία με σπληνομεγαλία, που δεν ταξινομούνται αλλού",R
R17,Μη καθορισμένος ίκτερος,R
R18,Ασκίτης,R
R19,Άλλα συμπτώματα και σημεία που αφορούν το πεπτικό σύστημα και την κοιλία,R
R19.0,"Ενδοκοιλιακή και πυελική διόγκωση, μάζα και όγκος",R
R19.1,Ανώμαλοι εντερικοί ήχοι,R
R19.2,Ορατός περισταλτισμός,R
R19.3,Κοιλιακή ακαμψία [σκληρία],R
R19.4,Αλλαγή στις συνήθειες του εντέρου,R
R19.5,Άλλες διαταραχές των κοπράνων,R
R19.6,Κακοσμία,R
R19.8,Άλλα καθορισμένα συμπτώματα και σημεία που αφορούν το πεπτικό σύστημα και την κοιλία,R
R20,Διαταραχές της δερματικής αίσθησης,R
R20.0,Αναισθησία του δέρματος,R
R20.1,Υπαισθησία του δέρματος,R
R20.2,Παραισθησία του δέρματος,R
R20.3,Υπεραισθησία,R
R20.8,Άλλες και μη καθορισμένες διαταραχές της δερματικής αίσθησης,R
R21,Εξάνθημα (εξανθηματικού τύπου) και άλλα μη καθορισμένα δερματικά εξανθήματα,R
R22,"Εντοπισμένη διόγκωση, μάζα και όγκος του δέρματος και του υποδόριου ιστού",R
R22.0,"Εντοπισμένη διόγκωση, μάζα και όγκος της κεφαλής",R
R22.1,"Εντοπισμένη διόγκωση, μάζα και όγκος του τραχήλου",R
R22.2,"Εντοπισμένη διόγκωση, μάζα και όγκος του κορμού",R
R22.3,"Εντοπισμένη διόγκωση, μάζα και όγκος του άνω άκρου",R
R22.4,"Εντοπισμένη διόγκωση, μάζα και όγκος του κάτω άκρου",R
R22.7,"Εντοπισμένη διόγκωση, μάζα και όγκος σε πολλαπλές εντοπίσεις",R
R22.9,"Εντοπισμένη διόγκωση, μάζα και όγκος, μη καθορισμένα",R
R23,Άλλες μεταβολές του δέρματος,R
R23.0,Κυάνωση,R
R23.1,Ωχρότητα,R
R23.2,Παροδική ερυθρότητα του προσώπου [flushing],R
R23.3,Αυτόματες εκχυμώσεις,R
R23.4,Μεταβολές στην υφή του δέρματος,R
R23.8,Άλλες και μη καθορισμένες μεταβολές του δέρματος,R
R25,Ανώμαλες ακούσιες κινήσεις,R
R25.0,Ανώμαλες κινήσεις της κεφαλής,R
R25.1,"Τρόμος, μη καθορισμένος",R
R25.2,Κράμπα και σπασμός,R
R25.3,Δεσμιδώσεις,R
R25.8,"Άλλες και μη καθορισμένες, ανώμαλες ακούσιες κινήσεις",R
R26,Διαταραχές του βαδίσματος και της κινητικότητας,R
R26.0,Αταξικό βάδισμα,R
R26.1,Παραλυτικό βάδισμα,R
R26.2,"Δυσκολία στη βάδιση, που δεν ταξινομείται αλλού",R
R26.8,Άλλες και μη καθορισμένες διαταραχές του βαδίσματος και της κινητικότητας,R
R27,Άλλη ασυνέργεια,R
R27.0,"Αταξία, μη καθορισμένη",R
R27.8,Άλλη και μη καθορισμένη ασυνέργεια,R
R29,Άλλα συμπτώματα και σημεία που αφορούν το νευρικό και το μυοσκελετικό σύστημα,R
R29.0,Τετανία,R
R29.1,Μηνιγγισμός,R
R29.2,Ανώμαλα αντανακλαστικά,R
R29.3,Ανώμαλη στάση του σώματος,R
R29.4,Κριγμώδες ισχίο,R
R29.6,"Tάση προς πτώση, που δεν ταξινομείται αλλού",R
R29.8,Άλλα και μη καθορισμένα συμπτώματα και σημεία που αφορούν το νευρικό και μυοσκελετικό σύστημα,R
R30,Πόνος κατά την ούρηση,R
R30.0,Δυσουρία,R
R30.1,Κυστικός τεινεσμός,R
R30.9,"Επώδυνη ούρηση, μη καθορισμένη",R
R31,Μη καθορισμένη αιματουρία,R
R32,Μη καθορισμένη ακράτεια ούρων,R
R33,Επίσχεση ούρων,R
R34,Ανουρία και ολιγουρία,R
R35,Πολυουρία,R
R36,Ουρηθρικό έκκριμα,R
R39,Άλλα συμπτώματα και σημεία που αφορούν το ουροποιητικό σύστημα,R
R39.0,Εξαγγείωση ούρων,R
R39.1,Άλλες δυσκολίες με την ούρηση,R
R39.2,Εξωνεφρική ουραιμία,R
R39.8,Άλλα και μη καθορισμένα συμπτώματα και σημεία που αφορούν το ουροποιητικό σύστημα,R
R40,"Υπνηλία, εμβροντησία και κώμα",R
R40.0,Υπνηλία,R
R40.1,Εμβροντησία,R
R40.2,"Κώμα, μη καθορισμένο",R
R41,Άλλα συμπτώματα και σημεία που αφορούν τις νοητικές λειτουργίες και την αντίληψη,R
R41.0,"Αποπροσανατολισμός, μη καθορισμένος",R
R41.1,Αμνησία για πρόσφατα γεγονότα,R
R41.2,Αναδρομική αμνησία,R
R41.3,Άλλες μορφές αμνησίας,R
R41.8,Άλλα και μη καθορισμένα συμπτώματα και σημεία που αφορούν τις νοητικές λειτουργίες και την αντίληψη,R
R42,Ζάλη και ίλιγγος,R
R43,Διαταραχές της όσφρησης και της γεύσης,R
R43.0,Ανοσμία,R
R43.1,Παροσμία,R
R43.2,Παραγευσία,R
R43.8,Άλλες και μη καθορισμένες διαταραχές της όσφρησης και της γεύσης,R
R44,Άλλα συμπτώματα και σημεία που αφορούν γενικές αισθήσεις και αντιλήψεις,R
R44.0,Ακουστικές ψευδαισθήσεις,R
R44.1,Οπτικές ψευδαισθήσεις,R
R44.2,Άλλες ψευδαισθήσεις,R
R44.3,"Ψευδαισθήσεις, μη καθορισμένες",R
R44.8,Άλλα και μη καθορισμένα συμπτώματα και σημεία που αφορούν τις γενικές αισθήσεις και αντιλήψεις,R
R45,Συμπτώματα και σημεία που αφορούν τη συναισθηματική κατάσταση,R
R45.0,Νευρικότητα,R
R45.1,Ανησυχία και διέγερση,R
R45.2,Αίσθημα θλίψης,R
R45.3,Κατάπτωση του ηθικού και απάθεια,R
R45.4,Ευερεθιστότητα και θυμός,R
R45.5,Εχθρικότητα,R
R45.6,Φυσική βία,R
R45.7,"Κατάσταση συναισθηματικού shock και stress, μη καθορισμένη",R
R45.8,Άλλα συμπτώματα και σημεία που αφορούν τη συναισθηματική κατάσταση,R
R46,Συμπτώματα και σημεία που αφορούν την εμφάνιση και τη συμπεριφορά,R
R46.0,Πολύ χαμηλό επίπεδο προσωπικής υγιεινής,R
R46.1,Αλλόκοτη προσωπική εμφάνιση,R
R46.2,Περίεργη και ανεξήγητη συμπεριφορά,R
R46.3,Υπερκινητικότητα,R
R46.4,Βραδύτητα και πτωχή ανταποκρισιμότητα,R
R46.5,Καχυποψία και εκσεσημασμένος προφασισμός,R
R46.6,Αναίτια ανησυχία και ενασχόληση με αγχογόνα γεγονότα,R
R46.7,Πολυλογία και περιστασιακές λεπτομέρειες που επισκιάζουν το σκοπό της επικοινωνίας,R
R46.8,Άλλα συμπτώματα και σημεία που αφορούν την εμφάνιση και τη συμπεριφορά,R
R47,"Διαταραχές της ομιλίας, που δεν ταξινομούνται αλλού",R
R47.0,Δυσφασία και αφασία,R
R47.1,Δυσαρθρία και αναρθρία,R
R47.8,Άλλες και μη καθορισμένες διαταραχές της ομιλίας,R
R48,"Δυσλεξία και άλλες συμβολικές δυσλειτουργίες, που δεν ταξινομούνται αλλού",R
R48.0,Δυσλεξία και αλεξία,R
R48.1,Αγνωσία,R
R48.2,Απραξία,R
R48.8,Άλλες και μη καθορισμένες συμβολικές δυσλειτουργίες,R
R49,Διαταραχές της φωνής,R
R49.0,Δυσφωνία,R
R49.1,Αφωνία,R
R49.2,Υπερ-και υπο-ρινοφωνία,R
R49.8,Άλλες και μη καθορισμένες διαταραχές της φωνής,R
R50,Πυρετός άλλης και άγνωστης αιτιολογίας,R
R50.2,Πυρετός φαρμακευτικής αιτιολογίας,R
R50.8,Άλλος καθορισμένος πυρετός,R
R50.9,"Πυρετός, μη καθορισμένος",R
R51,Κεφαλαλγία,R
R52,"Πόνος, που δεν ταξινομείται αλλού",R
R52.0,Οξύς πόνος,R
R52.1,Χρόνιος επίμονος πόνος,R
R52.2,Άλλος χρόνιος πόνος,R
R52.9,"Πόνος, μη καθορισμένος",R
R53,Κακουχία και κόπωση,R
R54,Γήρας,R
R55,Συγκοπή και λιποθυμία,R
R56,"Σπασμοί, που δεν ταξινομούνται αλλού",R
R56.0,Πυρετικοί σπασμοί,R
R56.8,Άλλοι και μη καθορισμένοι σπασμοί,R
R57,"Καταπληξία [shock], που δεν ταξινομείται αλλού",R
R57.0,Καρδιογενής καταπληξία [shock],R
R57.1,Υποογκαιμική καταπληξία [shock],R
R57.8,Άλλη καταπληξία [shock],R
R57.9,"Καταπληξία [shock], μη καθορισμένη",R
R58,"Αιμορραγία, που δεν ταξινομείται αλλού",R
R59,Διόγκωση λεμφαδένων,R
R59.0,Εντοπισμένη διόγκωση των λεμφαδένων,R
R59.1,Γενικευμένη διόγκωση των λεμφαδένων,R
R59.9,"Διόγκωση λεμφαδένων, μη καθορισμένοι",R
R60,"Οίδημα, που δεν ταξινομείται αλλού",R
R60.0,Εντοπισμένο οίδημα,R
R60.1,Γενικευμένο οίδημα,R
R60.9,"Οίδημα, μη καθορισμένο",R
R61,Υπεριδρωσία,R
R61.0,Εντοπισμένη υπεριδρωσία,R
R61.1,Γενικευμένη υπεριδρωσία,R
R61.9,"Υπεριδρωσία, μη καθορισμένη",R
R62,Έλλειψη της αναμενόμενης κανονικής φυσιολογικής ανάπτυξης,R
R62.0,Καθυστέρηση των σημείων σταθμών στην ανάπτυξη του ατόμου,R
R62.8,Άλλη έλλειψη της αναμενόμενης κανονικής φυσιολογικής ανάπτυξης,R
R62.9,"Έλλειψη της αναμενόμενης κανονικής φυσιολογικής ανάπτυξης, μη καθορισμένη",R
R63,Συμπτώματα και σημεία που αφορούν την πρόσληψη τροφής και υγρών,R
R63.0,Ανορεξία,R
R63.1,Πολυδιψία,R
R63.2,Πολυφαγία,R
R63.3,Δυσκολίες και ακατάλληλοι χειρισμοί για τη σίτιση,R
R63.4,Παθολογική απώλεια βάρους,R
R63.5,Παθολογική αύξηση βάρους,R
R63.8,Άλλα συμπτώματα και σημεία που αφορούν την πρόσληψη υγρών και τροφής,R
R64,Καχεξία,R
R68,Άλλα γενικά συμπτώματα και σημεία,R
R68.0,"Υποθερμία, που δε σχετίζεται με χαμηλή θερμοκρασία περιβάλλοντος",R
R68.1,Μη ειδικά συμπτώματα ασυνήθιστα για τη βρεφική ηλικία,R
R68.2,"Ξηροστομία, μη καθορισμένη",R
R68.3,Πληκτροδακτυλία,R
R68.8,Άλλα καθορισμένα γενικά συμπτώματα και σημεία,R
R69,Άγνωστα και μη καθορισμένα αίτια νοσηρότητας,R
R70,Αυξημένη ταχύτητα καθίζησης των ερυθρών αιμοσφαιρίων και παθολογικό ιξώδες πλάσματος,R
R70.0,Αυξημένη ταχύτητα καθίζησης των ερυθρών αιμοσφαιρίων,R
R70.1,Παθολογικό ιξώδες πλάσματος,R
R71,Διαταραχή των ερυθρών αιμοσφαιρίων,R
R72,"Διαταραχή των λευκών αιμοσφαιρίων, που δεν ταξινομείται αλλού",R
R73,Αυξημένο επίπεδο γλυκόζης στο αίμα,R
R73.0,Παθολογική δοκιμασία ανοχής της γλυκόζης,R
R73.9,"Υπεργλυκαιμία, μη καθορισμένη",R
R74,Παθολογικά επίπεδα ενζύμων του ορού,R
R74.0,Αύξηση των επιπέδων των τρανσαμινασών και της γαλακτικής αφυδρογονάσης [LDH],R
R74.8,Παθολογικά επίπεδα άλλων ενζύμων του ορού,R
R74.9,Παθολογικό επίπεδο μη καθορισμένου ενζύμου του ορού,R
R75,Εργαστηριακή ταυτοποίηση του ιού της ανοσολογικής ανεπάρκειας του ανθρώπου [HIV],R
R76,Άλλα παθολογικά ανοσολογικά ευρήματα στον ορό,R
R76.0,Αυξημένος τίτλος αντισωμάτων,R
R76.1,Παθολογική αντίδραση στη δοκιμασία φυματίνης,R
R76.2,Ψευδώς θετική ορολογική δοκιμασία για σύφιλη,R
R76.8,Άλλα καθορισμένα παθολογικά ανοσολογικά ευρήματα στον ορό,R
R76.9,"Παθολογικό ανοσολογικό εύρημα στον ορό, μη καθορισμένο",R
R77,Άλλες διαταραχές των πρωτεϊνών του πλάσματος,R
R77.0,Διαταραχή της λευκωματίνης,R
R77.1,Διαταραχή της σφαιρίνης,R
R77.2,Διαταραχή της α-εμβρυϊκής πρωτεΐνης,R
R77.8,Άλλες καθορισμένες διαταραχές των πρωτεϊνών του πλάσματος,R
R77.9,"Διαταραχή πρωτεΐνης του πλάσματος, μη καθορισμένη",R
R78,"Ανίχνευση φαρμάκων και άλλων ουσιών, που δεν ανευρίσκονται στο αίμα υπό φυσιολογικές συνθήκες",R
R78.0,Ανίχνευση οινοπνεύματος στο αίμα,R
R78.1,Ανίχνευση οπιούχου φάρμακου στο αίμα,R
R78.2,Ανίχνευση κοκαΐνης στο αίμα,R
R78.3,Ανίχνευση ψευδαισθησιογόνων,R
R78.4,Ανίχνευση στο αίμα άλλων φαρμάκων δυνητικά εθιστικών,R
R78.5,Ανίχνευση ψυχοτρόπου φάρμακου στο αίμα,R
R78.6,Ανίχνευση στεροειδούς παράγοντα στο αίμα,R
R78.7,Ανίχνευση παθολογικής τιμής βαρέων μετάλλων στο αίμα,R
R78.8,"Ανίχνευση άλλων καθορισμένων ουσιών, που δεν ανευρίσκονται στο αίμα υπό φυσιολογικές συνθήκες",R
R78.9,"Ανίχνευση μη καθορισμένης ουσίας, που δεν ανευρίσκεται στο αίμα υπό φυσιολογικές συνθήκες",R
R79,Άλλα παθολογικά ευρήματα των χημικών στοιχείων στο αίμα,R
R79.0,Παθολογικές τιμές μετάλλων στο αίμα,R
R79.8,Άλλα καθορισμένα παθολογικά ευρήματα των χημικών στοιχείων στο αίμα,R
R79.9,"Παθολογικό εύρημα των χημικών στοιχείων στο αίμα, μη καθορισμένο",R
R80,Μεμονωμένη πρωτεϊνουρία,R
R81,Γλυκοζουρία,R
R82,Άλλα παθολογικά ευρήματα στην εξέταση των ούρων,R
R82.0,Χυλουρία,R
R82.1,Μυοσφαιρινουρία,R
R82.2,Χολερυθρινουρία,R
R82.3,Αιμοσφαιρινουρία,R
R82.4,Ακετονουρία,R
R82.5,"Αύξηση των επιπέδων στα ούρα φαρμάκων, φαρμακευτικών και βιολογικών ουσιών",R
R82.6,Παθολογικά επίπεδα ουσιών στα ούρα οι οποίες δεν είναι πρωτίστως φαρμακευτικής προέλευσης,R
R82.7,Παθολογικά ευρήματα στη μικροβιολογική εξέταση των ούρων,R
R82.8,Παθολογικά ευρήματα στην κυτταρολογική και ιστολογική εξέταση των ούρων,R
R82.9,Άλλα και μη καθορισμένα  παθολογικά ευρήματα στα ούρα,R
R83,Παθολογικά ευρήματα στο εγκεφαλονωτιαίο υγρό,R
R84,Παθολογικά ευρήματα σε δείγματα από τα όργανα του αναπνευστικού συστήματος και το θώρακα,R
R85,Παθολογικά ευρήματα σε δείγματα από όργανα του πεπτικού και της κοιλιακής κοιλότητας,R
R86,Παθολογικά ευρήματα σε δείγματα από τα ανδρικά γεννητικά όργανα,R
R87,Παθολογικά ευρήματα σε δείγματα από τα γυναικεία γεννητικά όργανα,R
R89,"Παθολογικά ευρήματα σε δείγματα από άλλα όργανα, συστήματα και ιστούς",R
R90,Παθολογικά ευρήματα στη διαγνωστική απεικόνιση του κεντρικού νευρικού  συστήματος,R
R90.0,Ενδοκρανιακή χωροκατακτητική βλάβη,R
R90.8,Άλλα  παθολογικά ευρήματα στη διαγνωστική απεικόνιση του κεντρικού  νευρικού συστήματος,R
R91,Παθολογικά ευρήματα στη διαγνωστική απεικόνιση του πνεύμονα,R
R92,Παθολογικά ευρήματα στη διαγνωστική απεικόνιση του μαστού,R
R93,Παθολογικά ευρήματα στη διαγνωστική απεικόνιση άλλων δομών του σώματος,R
R93.0,"Παθολογικά ευρήματα στη διαγνωστική απεικόνιση του κρανίου και της  κεφαλής, που δεν ταξινομούνται αλλού",R
R93.1,Παθολογικά ευρήματα στη διαγνωστική απεικόνιση της καρδιάς και της  στεφανιαίας κυκλοφορίας,R
R93.2,Παθολογικά ευρήματα στη διαγνωστική απεικόνιση του ήπατος και της  χοληφόρου οδού,R
R93.3,Παθολογικά ευρήματα στη διαγνωστική απεικόνιση άλλων τμημάτων του  πεπτικού συστήματος,R
R93.4,Παθολογικά ευρήματα στη διαγνωστική απεικόνιση των οργάνων του ουροποιητικού συστήματος,R
R93.5,"Παθολογικά ευρήματα στη διαγνωστική απεικόνιση άλλων κοιλιακών περιοχών, συμπεριλαμβανομένου του οπισθοπεριτόναιου",R
R93.6,Παθολογικά ευρήματα στη διαγνωστική απεικόνιση των άκρων,R
R93.7,Παθολογικά ευρήματα στη διαγνωστική απεικόνιση άλλων τμημάτων του μυοσκελετικού συστήματος,R
R93.8,Παθολογικά ευρήματα στη διαγνωστική απεικόνιση άλλων καθορισμένων δομών  του σώματος,R
R94,Παθολογικά αποτελέσματα λειτουργικών εξετάσεων,R
R94.0,Παθολογικά αποτελέσματα των λειτουργικών εξετάσεων του κεντρικού νευρικού συστήματος,R
R94.1,Παθολογικά αποτελέσματα των λειτουργικών εξετάσεων του περιφερικού νευρικού συστήματος και των αισθητηρίων οργάνων,R
R94.2,Παθολογικά αποτελέσματα των λειτουργικών εξετάσεων του πνεύμονα,R
R94.3,Παθολογικά αποτελέσματα των λειτουργικών εξετάσεων του καρδιαγγειακού συστήματος,R
R94.4,Παθολογικά αποτελέσματα των λειτουργικών εξετάσεων του νεφρού,R
R94.5,Παθολογικά αποτελέσματα των λειτουργικών εξετάσεων του ήπατος,R
R94.6,Παθολογικά αποτελέσματα των λειτουργικών εξετάσεων του θυρεοειδούς,R
R94.7,Παθολογικά αποτελέσματα των λειτουργικών εξετάσεων άλλων ενδοκρινών αδένων,R
R94.8,Παθολογικά αποτελέσματα των λειτουργικών εξετάσεων άλλων οργάνων και συστημάτων,R
R95,Σύνδρομο του αιφνιδίου βρεφικού θανάτου,R
R96,"Άλλος αιφνίδιος θάνατος, άγνωστης αιτιολογίας",R
R96.0,Ακαριαίος θάνατος,R
R96.1,"Θάνατος που συμβαίνει μέσα σε λιγότερο από 24 ώρες από την έναρξη των συμπτωμάτων, που δεν εξηγείται αλλιώς",R
R98,Θάνατος στον οποίο δεν ήταν κανείς παρών,R
R99,Άλλα ασαφώς καθοριζόμενα  και άγνωστα αίτια θνησιμότητας,R
S00,Επιπολής τραυματισμός της κεφαλής,S
S00.0,Επιπολής τραυματισμός του τριχωτού της κεφαλής,S
S00.1,Θλάση του βλεφάρου και της περιοφθάλμιας χώρας,S
S00.2,Άλλοι επιπολής τραυματισμοί του βλεφάρου και της περιοφθάλμιας χώρας,S
S00.3,Επιπολής τραυματισμός της ρίνας,S
S00.4,Επιπολής τραυματισμός του ωτός,S
S00.5,Επιπολής τραυματισμός του χείλους και της στοματικής κοιλότητας,S
S00.7,Πολλαπλοί επιπολής τραυματισμοί της κεφαλής,S
S00.8,Επιπολής τραυματισμός άλλων τμημάτων της κεφαλής,S
S00.9,"Επιπολής τραυματισμός της κεφαλής, μη καθορισμένης εντόπισης",S
S01,Ανοικτό τραύμα της κεφαλής,S
S01.0,Ανοικτό τραύμα του τριχωτού της κεφαλής,S
S01.1,Ανοικτό τραύμα του βλεφάρου και της περιοφθάλμιας χώρας,S
S01.2,Ανοικτό τραύμα της ρίνας,S
S01.3,Ανοικτό τραύμα του ωτός,S
S01.4,Ανοικτό τραύμα της παρειάς της κροταφογναθικής χώρας,S
S01.5,Ανοικτό τραύμα του χείλους και της στοματικής κοιλότητας,S
S01.7,Πολλαπλά ανοικτά τραύματα της κεφαλής,S
S01.8,Ανοικτό τραύμα άλλων τμημάτων της κεφαλής,S
S01.9,"Ανοικτό τραύμα της κεφαλής, μη καθορισμένης εντόπισης",S
S02,Κατάγματα του κρανίου και των οστών του προσώπου,S
S02.0,Κάταγμα του θόλου του κρανίου,S
S02.1,Κάταγμα της βάσης του κρανίου,S
S02.2,Κάταγμα των ρινικών οστών,S
S02.3,Κάταγμα του εδάφους του οφθαλμικού κόγχου,S
S02.4,Κάταγμα των ζυγωματικών και των οστών της άνω γνάθου,S
S02.5,Κάταγμα δοντιού,S
S02.6,Κάταγμα κάτω γνάθου,S
S02.7,Πολλαπλά κατάγματα με συμμετοχή των οστών του κρανίου και του προσώπου,S
S02.8,Κατάγματα άλλων οστών του κρανίου και του προσώπου,S
S02.9,"Κάταγμα των οστών του κρανίου και του προσώπου, μη καθορισμένης εντόπισης",S
S03,"Εξάρθρημα, διάστρεμμα και διάταση των αρθρώσεων και των συνδέσμων της κεφαλής",S
S03.0,Εξάρθρημα της γνάθου,S
S03.1,Εξάρθρημα του χόνδρινου διαφράγματος της ρίνας,S
S03.2,Εξάρθρημα δοντιού,S
S03.3,Εξάρθρημα άλλων και καθορισμένων τμημάτων της κεφαλής,S
S03.4,Διάστρεμμα και διάταση της γνάθου,S
S03.5,Διάστρεμμα και διάταση των αρθρώσεων και συνδέσμων άλλων και μη καθορισμένων τμημάτων της κεφαλής,S
S04,Τραυματισμός των κρανιακών νεύρων,S
S04.0,Τραυματισμός του οπτικού νεύρου και των (οπτικών) οδών,S
S04.1,Τραυματισμός του κοινού κινητικού νεύρου,S
S04.2,Τραυματισμός του τροχιλιακού νεύρου,S
S04.3,Τραυματισμός του τριδύμου νεύρου,S
S04.4,Τραυματισμός του απαγωγού νεύρου,S
S04.5,Τραυματισμός του προσωπικού νεύρου,S
S04.6,Τραυματισμός του ακουστικού νεύρου,S
S04.7,Τραυματισμός του παραπληρωματικού νεύρου,S
S04.8,Τραυματισμός άλλων κρανιακών νεύρων,S
S04.9,Τραυματισμός μη καθορισμένου κρανιακού νεύρου,S
S05,Τραυματισμός του οφθαλμού και του οφθαλμικού κόγχου,S
S05.0,Τραυματισμός του επιπεφυκότα και διάβρωση του κερατοειδούς χωρίς αναφορά ξένου σώματος,S
S05.1,Θλάση του βολβού του οφθαλμού και των ιστών του οφθαλμικού κόγχου,S
S05.2,Εκδορά και ρήξη του οφθαλμού με πρόπτωση ή απώλεια ενδοοφθαλμικού ιστού,S
S05.3,Εκδορά του οφθαλμού χωρίς πρόπτωση ή απώλεια ενδοοφθαλμικού ιστού,S
S05.4,Διατιτραίνον τραύμα του οφθαλμικού κόγχου με ή χωρίς ξένο σώμα,S
S05.5,Διατριταίνον τραύμα του βολβού του οφθαλμού με ξένο σώμα,S
S05.6,Διατιτραίνον τραύμα του βολβού του οφθαλμού χωρίς ξένο σώμα,S
S05.7,Απόσπαση του οφθαλμού,S
S05.8,Άλλοι τραυματισμοί του οφθαλμού και του οφθαλμικού κόγχου,S
S05.9,"Τραυματισμός του οφθαλμού και του οφθαλμικού κόγχου, μη καθορισμένος",S
S06,Ενδοκρανιακός τραυματισμός,S
S06.0,Διάσειση,S
S06.1,Τραυματικό εγκεφαλικό οίδημα,S
S06.2,Διάχυτος τραυματισμός του εγκεφάλου,S
S06.3,Εστιακός τραυματισμός του εγκεφάλου,S
S06.4,Επισκληρίδια αιμορραγία,S
S06.5,Τραυματική υποσκληρίδια αιμορραγία,S
S06.6,Τραυματική υπαραχνοειδής αιμορραγία,S
S06.7,Ενδοκρανιακός τραυματισμός με παρατεταμένο κώμα,S
S06.8,Άλλοι ενδοκρανιακοί τραυματισμοί,S
S06.9,"Ενδοκρανιακός τραυματισμός, μη καθορισμένος",S
S07,Συνθλιπτικός τραυματισμός της κεφαλής,S
S07.0,Συνθλιπτικός τραυματισμός του προσώπου,S
S07.1,Συνθλιπτικός τραυματισμός του κρανίου,S
S07.8,Συνθλιπτικός τραυματισμός άλλων τμημάτων της κεφαλής,S
S07.9,"Συνθλιπτικός τραυματισμός της κεφαλής, μη καθορισμένης εντόπισης",S
S08,Τραυματικός ακρωτηριασμός τμήματος της κεφαλής,S
S08.0,Απόσπαση του τριχωτού της κεφαλής,S
S08.1,Τραυματικός ακρωτηριασμός του ωτός,S
S08.8,Τραυματικός ακρωτηριασμός άλλων τμημάτων της κεφαλής,S
S08.9,Τραυματικός ακρωτηριασμός μη καθορισμένου τμήματος της κεφαλής,S
S09,Άλλοι και μη καθορισμένοι τραυματισμοί της κεφαλής,S
S09.0,"Τραυματισμός των αιμοφόρων αγγείων της κεφαλής, που δεν ταξινομείται αλλού",S
S09.1,Τραυματισμός μυός και τένοντα της κεφαλής,S
S09.2,Τραυματική ρήξη της τυμπανικής μεμβράνης,S
S09.7,Πολλαπλοί τραυματισμοί της κεφαλής,S
S09.8,Άλλοι καθορισμένοι τραυματισμοί της κεφαλής,S
S09.9,Μη καθορισμένος τραυματισμός της κεφαλής,S
S10,Επιπολής τραυματισμός του τραχήλου,S
S10.0,Θλάση του λαιμού (πρόσθιου τμήματος του τραχήλου),S
S10.1,Άλλοι και μη καθορισμένοι επιπολής τραυματισμοί του λαιμού (πρόσθιου τμήματος του τραχήλου),S
S10.7,Πολλαπλοί επιπολής τραυματισμοί του τραχήλου,S
S10.8,Επιπολής τραυματισμός άλλων τμημάτων του τραχήλου,S
S10.9,"Επιπολής τραυματισμός του τραχήλου, μη καθορισμένης εντόπισης",S
S11,Ανοικτό τραύμα του τραχήλου,S
S11.0,Ανοικτό τραύμα με συμμετοχή του λάρυγγα και της τραχείας,S
S11.1,Ανοικτό τραύμα με συμμετοχή του θυρεοειδούς αδένα,S
S11.2,Ανοικτό τραύμα με συμμετοχή του φάρυγγα και της αυχενικής μοίρας του οισοφάγου,S
S11.7,Πολλαπλά ανοικτά τραύματα του τραχήλου,S
S11.8,Ανοικτό τραύμα άλλων τμημάτων του τραχήλου,S
S11.9,"Ανοικτό τραύμα του τραχήλου, μη καθορισμένης εντόπισης",S
S12,Κάταγμα του τραχήλου,S
S12.0,Κάταγμα του πρώτου αυχενικού σπονδύλου,S
S12.1,Κάταγμα του δεύτερου αυχενικού σπονδύλου,S
S12.2,Κάταγμα άλλων καθορισμένων αυχενικών σπονδύλων,S
S12.7,Πολλαπλά κατάγματα της αυχενικής μοίρας της σπονδυλικής στήλης,S
S12.8,Κάταγμα άλλων τμημάτων του τραχήλου,S
S12.9,"Κάταγμα του αυχένα, μη καθορισμένης εντόπισης",S
S13,Εξάρθρημα και διάστρεμμα των αρθρώσεων και των συνδέσμων στο επίπεδο του τραχήλου,S
S13.0,Τραυματική ρήξη αυχενικού μεσοσπονδύλιου δίσκου,S
S13.1,Παρεκτόπιση αυχενικού σπονδύλου,S
S13.2,Παρεκτόπιση άλλων και μη καθορισμένων τμημάτων του τραχήλου,S
S13.3,Πολλαπλές παρεκτοπίσεις του τραχήλου,S
S13.4,Διάστρεμμα και διάταση της αυχενικής μοίρας της σπονδυλικής στήλης,S
S13.5,Διάστρεμμα στη θυρεοιδική χώρα,S
S13.6,Διάστρεμμα των αρθρώσεων και των συνδέσμων άλλων και μη καθορισμένων τμημάτων του τραχήλου,S
S14,Τραυματισμός των νεύρων και του νωτιαίου μυελού στο επίπεδο του τραχήλου,S
S14.0,Διάσειση και οίδημα της αυχενικής μοίρας του νωτιαίου μυελού,S
S14.1,Άλλοι και μη καθορισμένοι τραυματισμοί της αυχενικής μοίρας του νωτιαίου μυελού,S
S14.2,Τραυματισμός των νευρικών ριζών της αυχενικής μοίρας της σπονδυλικής στήλης,S
S14.3,Τραυματισμός του βραχιόνιου πλέγματος,S
S14.4,Τραυματισμός των περιφερικών νεύρων του τραχήλου,S
S14.5,Τραυματισμός των αυχενικών συμπαθητικών νεύρων,S
S14.6,Τραυματισμός άλλων και μη καθορισμένων νεύρων του τραχήλου,S
S15,Τραυματισμός των αιμοφόρων αγγείων στο επίπεδο του τραχήλου,S
S15.0,Τραυματισμός της καρωτίδας αρτηρίας,S
S15.1,Τραυματισμός σπονδυλικής αρτηρίας,S
S15.2,Τραυματισμός της έξω σφαγίτιδας φλέβας,S
S15.3,Τραυματισμός της έσω σφαγίτιδας φλέβας,S
S15.7,Τραυματισμός πολλαπλών αιμοφόρων αγγείων στο επίπεδο του τραχήλου,S
S15.8,Τραυματισμός άλλων αιμοφόρων αγγείων στο επίπεδο του τραχήλου,S
S15.9,Τραυματισμός μη καθορισμένου αιμοφόρου αγγείου στο επίπεδο του τραχήλου,S
S16,Τραυματισμός μυός και τένοντα στο επίπεδο του τραχήλου,S
S17,Συνθλιπτικός τραυματισμός του τραχήλου,S
S17.0,Συνθλιπτικός τραυματισμός του λάρυγγα και της τραχείας,S
S17.8,Συνθλιπτικός τραυματισμός άλλων τμημάτων του τραχήλου,S
S17.9,"Συνθλιπτικός τραυματισμός του τραχήλου, μη καθορισμένου τμήματος",S
S18,Τραυματικός ακρωτηριασμός στο επίπεδο του τραχήλου,S
S19,Άλλοι και μη καθορισμένοι τραυματισμοί του τραχήλου,S
S19.7,Πολλαπλοί τραυματισμοί του τραχήλου,S
S19.8,Άλλοι καθορισμένοι τραυματισμοί του τραχήλου,S
S19.9,Μη καθορισμένος τραυματισμός του τραχήλου,S
S20,Επιπολής τραυματισμός του θώρακα,S
S20.0,Θλάση του μαστού,S
S20.1,Άλλοι και μη καθορισμένοι επιπολής τραυματισμοί του μαστού,S
S20.2,Θλάση του θώρακα,S
S20.3,Άλλοι επιπολής τραυματισμοί του πρόσθιου τοιχώματος του θώρακα,S
S20.4,Άλλοι επιπολής τραυματισμοί του οπίσθιου τοιχώματος του θώρακα,S
S20.7,Πολλαπλοί επιπολής τραυματισμοί του θώρακα,S
S20.8,Επιπολής τραυματισμός άλλων και μη καθορισμένων τμημάτων του θώρακα,S
S21,Ανοικτό τραύμα του θώρακα,S
S21.0,Ανοικτό τραύμα του μαστού,S
S21.1,Ανοικτό τραύμα του πρόσθιου θωρακικού τοιχώματος,S
S21.2,Ανοικτό τραύμα του οπίσθιου θωρακικού τοιχώματος,S
S21.7,Πολλαπλά ανοικτά τραύματα του θωρακικού τοιχώματος,S
S21.8,Ανοικτό τραύμα άλλων τμημάτων του θώρακα,S
S21.9,"Ανοικτό τραύμα του θώρακα, μη καθορισμένου τμήματος",S
S22,"Κάταγμα του(ων) πλευρού(ών), του στέρνου και της θωρακικής μοίρας της σπονδυλικής στήλης",S
S22.0,Κάταγμα θωρακικού σπονδύλου,S
S22.1,Πολλαπλά κατάγματα της θωρακικής μοίρας της σπονδυλικής στήλης,S
S22.2,Κάταγμα του στέρνου,S
S22.3,Κάταγμα πλευράς,S
S22.4,Πολλαπλά κατάγματα πλευρών,S
S22.5,Ασταθής θώρακας,S
S22.8,Κάταγμα άλλων τμημάτων του οστέϊνου θώρακα,S
S22.9,"Κάταγμα του οστέϊνου θώρακα, μη καθορισμένου τμήματος",S
S23,Εξάρθρημα και διάστρεμμα των αρθρώσεων και των συνδέσμων του θώρακα,S
S23.0,Τραυματική ρήξη θωρακικού μεσοσπονδύλιου δίσκου,S
S23.1,Εξάρθρημα θωρακικού σπονδύλου,S
S23.2,Εξάρθρημα άλλων και μη καθορισμένων τμημάτων του θώρακα,S
S23.3,Διάστρεμμα και διάταση της θωρακικής μοίρας της σπονδυλικής στήλης,S
S23.4,Διάστρεμμα των πλευρών και του στέρνου,S
S23.5,Διάστρεμμα άλλων και μη καθορισμένων τμημάτων του θώρακα,S
S24,Τραυματισμός των νεύρων και του νωτιαίου μυελού στο επίπεδο του θώρακα,S
S24.0,Διάσειση και οίδημα της θωρακικής μοίρας του νωτιαίου μυελού,S
S24.1,Άλλοι και μη καθορισμένοι τραυματισμοί της θωρακικής μοίρας του νωτιαίου μυελού,S
S24.2,Τραυματισμός νευρικών ριζών της θωρακικής μοίρας της σπονδυλικής στήλης,S
S24.3,Τραυματισμός των περιφερικών νεύρων του θώρακα,S
S24.4,Τραυματισμός των θωρακικών συμπαθητικών νεύρων,S
S24.5,Τραυματισμός άλλων νεύρων του θώρακα,S
S24.6,Τραυματισμός μη καθορισμένου νεύρου του θώρακα,S
S25,Τραυματισμός των αιμοφόρων αγγείων του θώρακα,S
S25.0,Τραυματισμός της θωρακικής αορτής,S
S25.1,Τραυματισμός της ανωνύμου ή υποκλειδίου αρτηρίας,S
S25.2,Τραυματισμός της άνω κοίλης φλέβας,S
S25.3,Τραυματισμός της ανωνύμου ή υποκλειδίου φλέβας,S
S25.4,Τραυματισμός των πνευμονικών αιμοφόρων αγγείων,S
S25.5,Τραυματισμός των μεσοπλεύριων αιμοφόρων αγγείων,S
S25.7,Τραυματισμός πολλαπλών αιμοφόρων αγγείων του θώρακα,S
S25.8,Τραυματισμός άλλων αιμοφόρων αγγείων του θώρακα,S
S25.9,Τραυματισμός μη καθορισμένου αιμοφόρου αγγείου του θώρακα,S
S26,Τραυματισμός της καρδιάς,S
S26.0,Τραυματισμός της καρδιάς με αιμοπερικάρδιο,S
S26.8,Άλλοι τραυματισμοί της καρδιάς,S
S26.9,"Τραυματισμός της καρδιάς, μη καθορισμένος",S
S27,Τραυματισμός άλλων και μη καθορισμένων ενδοθωρακικών οργάνων,S
S27.0,Τραυματικός πνευμοθώρακας,S
S27.1,Τραυματικός αιμοθώρακας,S
S27.2,Τραυματικός αιμοπνευμοθώρακας,S
S27.3,Άλλοι τραυματισμοί του πνεύμονα,S
S27.4,Τραυματισμός των βρόγχων,S
S27.5,Τραυματισμός της θωρακικής μοίρας της τραχείας,S
S27.6,Τραυματισμός του υπεζωκότα,S
S27.7,Πολλαπλοί τραυματισμοί ενδοθωρακικών οργάνων,S
S27.8,Τραυματισμός άλλων καθορισμένων ενδοθωρακικών οργάνων,S
S27.9,Τραυματισμός μη καθορισμένου θωρακικού οργάνου,S
S28,Συνθλιπτικός τραυματισμός του θώρακα και τραυματικός ακρωτηριασμός τμήματος του θώρακα,S
S28.0,Σύνθλιψη του θώρακα,S
S28.1,Τραυματικός ακρωτηριασμός τμήματος του θώρακα,S
S29,Άλλοι και μη καθορισμένοι τραυματισμοί του θώρακα,S
S29.0,Τραυματισμός μυών και τενόντων στο επίπεδο του θώρακα,S
S29.7,Πολλαπλοί τραυματισμοί του θώρακα,S
S29.8,Άλλοι καθορισμένοι τραυματισμοί του θώρακα,S
S29.9,Μη καθορισμένος τραυματισμός του θώρακα,S
S30,"Επιπολής τραυματισμός της κοιλίας, του κατώτερου τμήματος της ράχης και της πυέλου",S
S30.0,Θλάση του κατώτερου τμήματος της ράχης και της πυέλου,S
S30.1,Θλάση του κοιλιακού τοιχώματος,S
S30.2,Θλάση των έξω γεννητικών οργάνων,S
S30.7,"Πολλαπλοί επιπολής τραυματισμοί της κοιλίας, του κατώτερου τμήματος της ράχης και της πυέλου",S
S30.8,"Άλλοι επιπολής τραυματισμοί της κοιλίας, του κατώτερου τμήματος της ράχης και της πυέλου",S
S30.9,"Επιπολής τραυματισμός της κοιλίας, του κατώτερου τμήματος της ράχης και της πυέλου, μη καθορισμένου τμήματος",S
S31,"Ανοικτό τραύμα της κοιλίας, του κατώτερου τμήματος της ράχης και της πυέλου",S
S31.0,Ανοικτό τραύμα του κατώτερου τμήματος της ράχης και της πυέλου,S
S31.1,Ανοικτό τραύμα του κοιλιακού τοιχώματος,S
S31.2,Ανοικτό τραύμα του πέους,S
S31.3,Ανοικτό τραύμα του οσχέου και των όρχεων,S
S31.4,Ανοικτό τραύμα του κόλπου και του αιδοίου,S
S31.5,Ανοικτό τραύμα άλλων και μη καθορισμένων έξω γεννητικών οργάνων,S
S31.7,"Πολλαπλά ανοικτά τραύματα της κοιλίας, του κατώτερου τμήματος της ράχης και της πυέλου",S
S31.8,Ανοικτό τραύμα άλλων και μη καθορισμένων τμημάτων της κοιλίας,S
S32,Κάταγμα της οσφυϊκής μοίρας της σπονδυλικής στήλης και της πυέλου,S
S32.0,Κάταγμα οσφυϊκού σπόνδυλου,S
S32.1,Κάταγμα ιερού οστού,S
S32.2,Κάταγμα κόκκυγα,S
S32.3,Κάταγμα του λαγόνιου οστού,S
S32.4,Κάταγμα της κοτύλης (του μηριαίου),S
S32.5,Κάταγμα του ηβικού οστού,S
S32.7,Πολλαπλά κατάγματα της οσφυϊκής μοίρας της σπονδυλικής στήλης και της πυέλου,S
S32.8,Κάταγμα άλλων και μη καθορισμένων τμημάτων της οσφυϊκής μοίρας της σπονδυλικής στήλης και της πυέλου,S
S33,Εξάρθρημα και διάστρεμμα των αρθρώσεων και των συνδέσμων της οσφυϊκής μοίρας της σπονδυλικής στήλης και της πυέλου,S
S33.0,Τραυματική ρήξη οσφυϊκού μεσοσπονδύλιου δίσκου,S
S33.1,Εξάρθρημα οσφυϊκού σπόνδυλου,S
S33.2,Εξάρθρημα της ιερολαγόνιας και ιεροκοκκυγικής άρθρωσης,S
S33.3,Εξάρθρημα άλλων και μη καθορισμένων τμημάτων της οσφυϊκής μοίρας της σπονδυλικής στήλης και της πυέλου,S
S33.4,Τραυματική ρήξη της ηβικής σύμφυσης,S
S33.5,Διάστρεμμα της οσφυϊκής μοίρας της σπονδυλικής στήλης,S
S33.6,Διάστρεμμα της ιερολαγόνιας άρθρωσης,S
S33.7,Διάστρεμμα άλλων και μη καθορισμένων τμημάτων της οσφυϊκής μοίρας της σπονδυλικής στήλης και της πυέλου,S
S34,"Τραυματισμός των νεύρων και της οσφυϊκής μοίρας του νωτιαίου μυελού στο επίπεδο της κοιλίας, του κατώτερου τμήματος της ράχης και της πυέλου",S
S34.0,Διάσειση και οίδημα της οσφυϊκής μοίρας του νωτιαίου μυελού,S
S34.1,Άλλος τραυματισμός της οσφυϊκής μοίρας του νωτιαίου μυελού,S
S34.2,Τραυματισμός νευρικών ριζών της οσφυϊκής και ιεράς μοίρας της σπονδυλικής στήλης,S
S34.3,Τραυματισμός της ιππουρίδας,S
S34.4,Τραυματισμός του οσφυοϊερού πλέγματος,S
S34.5,"Τραυματισμός των οσφυϊκών, ιερών και πυελικών συμπαθητικών νεύρων",S
S34.6,"Τραυματισμός περιφερικού(ών) νεύρου(ων) της κοιλίας, του κατώτερου τμήματος της ράχης και της πυέλου",S
S34.8,"Τραυματισμός άλλων και μη καθορισμένων νεύρων της κοιλίας, του κατώτερου τμήματος της ράχης και της πυέλου",S
S35,"Τραυματισμός των αιμοφόρων αγγείων στο επίπεδο της κοιλίας, του κατώτερου τμήματος της ράχης και της πυέλου",S
S35.0,Τραυματισμός της κοιλιακής αορτής,S
S35.1,Τραυματισμός της κάτω κοίλης φλέβας,S
S35.2,Τραυματισμός της κοιλιακής ή μεσεντέριας αρτηρίας,S
S35.3,Τραυματισμός της πυλαίας ή σπληνικής φλέβας,S
S35.4,Τραυματισμός των νεφρικών αιμοφόρων αγγείων,S
S35.5,Τραυματισμός των λαγόνιων αιμοφόρων αγγείων,S
S35.7,"Τραυματισμός πολλαπλών αιμοφόρων αγγείων στο επίπεδο της κοιλίας, του κατώτερου τμήματος της ράχης και της πυέλου",S
S35.8,"Τραυματισμός άλλων αιμοφόρων αγγείων στο επίπεδο της κοιλίας, του κατώτερου τμήματος της ράχης και της πυέλου",S
S35.9,"Τραυματισμός μη καθορισμένου αιμοφόρου αγγείου στο επίπεδο της κοιλίας, του κατώτερου τμήματος της ράχης και της πυέλου",S
S36,Τραυματισμός των ενδοκοιλιακών οργάνων,S
S36.0,Τραυματισμός του σπλήνα,S
S36.1,Τραυματισμός του ήπατος και της χοληδόχου κύστης,S
S36.2,Τραυματισμός του παγκρέατος,S
S36.3,Τραυματισμός του στομάχου,S
S36.4,Τραυματισμός του λεπτού εντέρου,S
S36.5,Τραυματισμός του κόλου,S
S36.6,Τραυματισμός του ορθού,S
S36.7,Τραυματισμός πολλαπλών ενδοκοιλιακών οργάνων,S
S36.8,Τραυματισμός άλλων ενδοκοιλαικών οργάνων,S
S36.9,Τραυματισμός μη καθορισμένου ενδοκοιλιακού οργάνου,S
S37,Τραυματισμός ουροποιητικών και πυελικών οργάνων,S
S37.0,Τραυματισμός του νεφρού,S
S37.1,Τραυματισμός του ουρητήρα,S
S37.2,Τραυματισμός της ουροδόχου κύστης,S
S37.3,Τραυματισμός της ουρήθρας,S
S37.4,Τραυματισμός της ωοθήκης,S
S37.5,Τραυματισμός της σάλπιγγας,S
S37.6,Τραυματισμός της μήτρας,S
S37.7,Τραυματισμός πολλαπλών πυελικών οργάνων,S
S37.8,Τραυματισμός άλλων πυελικών οργάνων,S
S37.9,Τραυματισμός μη καθορισμένου πυελικού οργάνου,S
S38,"Συνθλιπτικός τραυματισμός και τραυματικός ακρωτηριασμός τμήματος της κοιλίας, του κατώτερου τμήματος της ράχης και της πυέλου",S
S38.0,Συνθλιπτικός τραυματισμός των έξω γεννητικών οργάνων,S
S38.1,"Συνθλιπτικός τραυματισμός άλλων και μη καθορισμένων τμημάτων της κοιλίας, του κατώτερου τμήματος της ράχης και της πυέλου",S
S38.2,Τραυματικός ακρωτηριασμός των έξω γεννητικών οργάνων,S
S38.3,"Τραυματικός ακρωτηριασμός άλλων και μη καθορισμένων τμημάτων της κοιλίας, του κατώτερου τμήματος της ράχης και της πυέλου",S
S39,"Άλλοι και μη καθορισμένοι τραυματισμοί της κοιλίας, του κατώτερου τμήματος της ράχης και της πυέλου",S
S39.0,"Τραυματισμός μυός και τένοντα της κοιλίας, του κατώτερου τμήματος της ράχης και της πυέλου",S
S39.6,Τραυματισμός ενδοκοιλιακού(ών) οργάνου(ων) με πυελικό(ά) όργανο(α),S
S39.7,"Άλλοι πολλαπλοί τραυματισμοί της κοιλίας, του κατώτερου τμήματος της ράχης και της πυέλου",S
S39.8,"Άλλοι καθορισμένοι τραυματισμοί της κοιλίας, του κατώτερου τμήματος της ράχης και της πυέλου",S
S39.9,"Μη καθορισμένος τραυματισμός της κοιλίας, του κατώτερου τμήματος της ράχης και της πυέλου",S
S40,Επιπολής τραυματισμός του ώμου και του βραχίονα,S
S40.0,Θλάση του ώμου και του βραχίονα,S
S40.7,Πολλαπλοί επιπολής τραυματισμοί του ώμου και του βραχίονα,S
S40.8,Άλλοι επιπολής τραυματισμοί του ώμου και του βραχίονα,S
S40.9,"Επιπολής τραυματισμός του ώμου και του βραχίονα, μη καθορισμένος",S
S41,Ανοικτό τραύμα του ώμου και του βραχίονα,S
S41.0,Ανοικτό τραύμα του ώμου,S
S41.1,Ανοικτό τραύμα του βραχίονα,S
S41.7,Πολλαπλά ανοικτά τραύμα του ώμου και του βραχίονα,S
S41.8,Ανοικτό τραύμα άλλων και μη καθορισμένων τμημάτων της ωμικής ζώνης,S
S42,Κάταγμα του ώμου και του βραχίονα,S
S42.0,Κάταγμα της κλείδας,S
S42.1,Κάταγμα της ωμοπλάτης,S
S42.2,Κάταγμα του άνω άκρου του βραχιόνιου οστού,S
S42.3,Κάταγμα της διάφυσης του βραχιόνιου οστού,S
S42.4,Κάταγμα του κάτω άκρου του βραχιόνιου οστού,S
S42.7,"Πολλαπλά κατάγματα της κλείδας, της ωμοπλάτης και του βραχιόνιου οστού",S
S42.8,Κάταγμα άλλων τμημάτων του ώμου και του βραχίονα,S
S42.9,"Κάταγμα της ωμικής ζώνης, μη καθορισμένου τμήματος",S
S43,Εξάρθρημα και διάστρεμμα των αρθρώσεων και των συνδέσμων της ωμικής ζώνης,S
S43.0,Εξάρθρημα της άρθρωσης του ώμου,S
S43.1,Εξάρθρημα της ακρωμιοκλειδικής άρθρωσης,S
S43.2,Εξάρθρημα της στερνοκλειδικής άρθρωσης,S
S43.3,Εξάρθρημα άλλων και μη καθορισμένων τμημάτων της ωμικής ζώνης,S
S43.4,Διάστρεμμα της άρθρωσης του ώμου,S
S43.5,Διάστρεμμα της ακρωμιοκλειδικής άρθρωσης,S
S43.6,Διάστρεμμα της στερνοκλειδικής άρθρωσης,S
S43.7,Διάστρεμμα άλλων και μη καθορισμένων τμημάτων της ωμικής ζώνης,S
S44,Τραυματισμός των νεύρων στο επίπεδο του ώμου και του βραχίονα,S
S44.0,Τραυματισμός του ωλένιου νεύρου στο επίπεδο του βραχίονα,S
S44.1,Τραυματισμός του μέσου νεύρου στο επίπεδο του βραχίονα,S
S44.2,Τραυματισμός του κερκιδικού νεύρου στο επίπεδο του βραχίονα,S
S44.3,Τραυματισμός του μασχαλιαίου νεύρου,S
S44.4,Τραυματισμός του μυοδερματικού νεύρου,S
S44.5,Τραυματισμός των δερματικών αισθητικών νεύρων στο επίπεδο του ώμου και του βραχίονα,S
S44.7,Τραυματισμός πολλαπλών νεύρων στο επίπεδο του ώμου και του βραχίονα,S
S44.8,Τραυματισμός άλλων νεύρων στο επίπεδο του ώμου και του βραχίονα,S
S44.9,Τραυματισμός μη καθορισμένου νεύρου στο επίπεδο του ώμου και του βραχίονα,S
S45,Τραυματισμός των αιμοφόρων αγγείων στο επίπεδο του ώμου και του βραχίονα,S
S45.0,Τραυματισμός της μασχαλιαίας αρτηρίας,S
S45.1,Τραυματισμός της βραχιόνιας αρτηρίας,S
S45.2,Τραυματισμός της μασχαλιαίας και της βραχιόνιας αρτηρίας,S
S45.3,Τραυματισμός επιπολής φλέβας στο επίπεδο του ώμου και του βραχίονα,S
S45.7,Τραυματισμός πολλαπλών αιμοφόρων αγγείων στο επίπεδο του ώμου και του βραχίονα,S
S45.8,Τραυματισμός άλλων αιμοφόρων αγγείων στο επίπεδο του ώμου και του βραχίονα,S
S45.9,Τραυματισμός μη καθορισμένου αιμοφόρου αγγείου στο επίπεδο του ώμου και του βραχίονα,S
S46,Τραυματισμός μυός και τένοντα στο επίπεδο του ώμου και του βραχίονα,S
S46.0,Τραυματισμός του τένοντα του περιστροφέα του ώμου,S
S46.1,Τραυματισμός του μυός και του τένοντα της μακράς κεφαλής του δικέφαλου μυός,S
S46.2,Τραυματισμός του μυός και του τένοντα άλλων τμημάτων του δικέφαλου μυός,S
S46.3,Τραυματισμός του μυός και του τένοντα του τρικεφάλου μυός,S
S46.7,Τραυματισμός πολλαπλών μυών και τενόντων στο επίπεδο του ώμου και του βραχίονα,S
S46.8,Τραυματισμός άλλων μυών και τενόντων στο επίπεδο του ώμου και του βραχίονα,S
S46.9,Τραυματισμός μη καθορισμένου μυός και τένοντα στο επίπεδο του ώμου και του βραχίονα,S
S47,Συνθλιπτικός τραυματισμός του ώμου και του βραχίονα,S
S48,Τραυματικός ακρωτηριασμός του ώμου και του βραχίονα,S
S48.0,Τραυματικός ακρωτηριασμός της άρθρωσης του ώμου,S
S48.1,Τραυματικός ακρωτηριασμός στο επίπεδο μεταξύ ώμου και αγκώνα,S
S48.9,"Τραυματικός ακρωτηριασμός του ώμου και του βραχίονα, επίπεδο μη καθορισμένο",S
S49,Άλλοι και μη καθορισμένοι τραυματισμοί του ώμου και του βραχίονα,S
S49.7,Πολλαπλοί τραυματισμοί του ώμου και του βραχίονα,S
S49.8,Άλλοι καθορισμένοι τραυματισμοί του ώμου και του βραχίονα,S
S49.9,Μη καθορισμένος τραυματισμός του ώμου και του βραχίονα,S
S50,Επιπολής τραυματισμός του αντιβραχίου,S
S50.0,Θλάση του αγκώνα,S
S50.1,Θλάση άλλων και μη καθορισμένων τμημάτων του αντιβραχίου,S
S50.7,Πολλαπλοί επιπολής τραυματισμοί του αντιβραχίου,S
S50.8,Άλλοι επιπολής τραυματισμοί του αντιβραχίου,S
S50.9,"Επιπολής τραυματισμός του αντιβραχίου, μη καθορισμένος",S
S51,Ανοικτό τραύμα του αντιβραχίου,S
S51.0,Ανοικτό τραύμα του αγκώνα,S
S51.7,Πολλαπλά ανοικτά τραύματα του αντιβραχίου,S
S51.8,Ανοικτό τραύμα άλλων τμημάτων του αντιβραχίου,S
S51.9,"Ανοικτό τραύμα του αντιβραχίου, τμήμα μη καθορισμένο",S
S52,Κάταγμα του αντιβραχίου,S
S52.0,Κάταγμα του άνω άκρου της ωλένης,S
S52.1,Κάταγμα του άνω άκρου της κερκίδας,S
S52.2,Κάταγμα της διάφυσης της ωλένης,S
S52.3,Κάταγμα της διάφυσης της κερκίδας,S
S52.4,Κάταγμα των διαφύσεων αμφότερων  της ωλένης και της κερκίδας,S
S52.5,Κάταγμα του κάτω άκρου της κερκίδας,S
S52.6,Κάταγμα του κάτω άκρου αμφότερων  της ωλένης και της κερκίδας,S
S52.7,Πολλαπλά κατάγματα του αντιβραχίου,S
S52.8,Κάταγμα άλλων τμημάτων του αντιβραχίου,S
S52.9,"Κάταγμα του αντιβραχίου, τμήμα μη καθορισμένο",S
S53,Εξάρθρημα και διάστρεμμα των αρθρώσεων και των συνδέσμων του αγκώνα,S
S53.0,Εξάρθρημα της κεφαλής της κερκίδας,S
S53.1,"Εξάρθρημα του αγκώνα, μη καθορισμένο",S
S53.2,Τραυματική ρήξη του παράπλευρου συνδέσμου της κερκίδος,S
S53.3,Τραυματική ρήξη του παράπλευρου συνδέσμου της ωλένης,S
S53.4,Διάστρεμμα του αγκώνα,S
S54,Τραυματισμός των νεύρων στο επίπεδο του αντιβραχίου,S
S54.0,Τραυματισμός του ωλένιου νεύρου στο επίπεδο του αντιβραχίου,S
S54.1,Τραυματισμός του μέσου νεύρου στο επίπεδο του αντιβραχίου,S
S54.2,Τραυματισμός του κερκιδικού νεύρου στο επίπεδο του αντιβραχίου,S
S54.3,Τραυματισμός του δερματικού αισθητικού νεύρου στο επίπεδο του αντιβραχίου,S
S54.7,Τραυματισμός πολλαπλών νεύρων στο επίπεδο του αντιβραχίου,S
S54.8,Τραυματισμός άλλων νεύρων στο επίπεδο του αντιβραχίου,S
S54.9,Τραυματισμός μη καθορισμένου νεύρου στο επίπεδο του αντιβραχίου,S
S55,Τραυματισμός των αιμοφόρων αγγείων στο επίπεδο του αντιβραχίου,S
S55.0,Τραυματισμός της ωλένιας αρτηρίας στο επίπεδο του αντιβραχίου,S
S55.1,Τραυματισμός της κερκιδικής αρτηρίας στο επίπεδο του αντιβραχίου,S
S55.2,Τραυματισμός φλέβας στο επίπεδο του αντιβραχίου,S
S55.7,Τραυματισμός πολλαπλών αιμοφόρων αγγείων στο επίπεδο του αντιβραχίου,S
S55.8,Τραυματισμός άλλων αιμοφόρων αγγείων στο επίπεδο του αντιβραχίου,S
S55.9,Τραυματισμός μη καθορισμένου αιμοφόρου αγγείου στο επίπεδο του αντιβραχίου,S
S56,Τραυματισμός μυός και τένοντα στο επίπεδο του αντιβραχίου,S
S56.0,"Τραυματισμός του καμπτήρα μυός και τένοντα, του αντίχειρα στο επίπεδο του αντιβραχίου",S
S56.1,"Τραυματισμός του μακρού καμπτήρα μυός και τένοντα, άλλων δακτύλων στο επίπεδο του αντιβραχίου",S
S56.2,Τραυματισμός άλλου καμπτήρα μυός και τένοντα στο επίπεδο του αντιβραχίου,S
S56.3,Τραυματισμός των εκτεινόντων ή απαγωγών μυών και τενόντων του αντίχειρα στο επίπεδο του αντιβραχίου,S
S56.4,Τραυματισμός του εκτείνοντα μυ και τένοντα άλλου(ων) δακτύλου(ων) στο επίπεδο του αντιβραχίου,S
S56.5,Τραυματισμός άλλου εκτείνοντα μυ και τένοντα στο επίπεδο του αντιβραχίου,S
S56.7,Τραυματισμός πολλαπλών μυών και τενόντων στο επίπεδο του αντιβραχίου,S
S56.8,Τραυματισμός άλλων και μη καθορισμένων μυών και τενόντων στο επίπεδο του αντιβραχίου,S
S57,Συνθλιπτικός τραυματισμός του αντιβραχίου,S
S57.0,Συνθλιπτικός τραυματισμός του αγκώνα,S
S57.8,Συνθλιπτικός τραυματισμός άλλων τμημάτων του αντιβραχίου,S
S57.9,"Συνθλιπτικός τραυματισμός του αντιβραχίου, τμήμα μη καθορισμένο",S
S58,Τραυματικός ακρωτηριασμός του αντιβραχίου,S
S58.0,Τραυματικός ακρωτηριασμός στο επίπεδο του αγκώνα,S
S58.1,Τραυματικός ακρωτηριασμός στο επίπεδο μεταξύ αγκώνα και καρπού,S
S58.9,"Τραυματικός ακρωτηριασμός του αντιβραχίου, επίπεδο μη καθορισμένο",S
S59,Άλλοι και μη καθορισμένοι τραυματισμοί του αντιβραχίου,S
S59.7,Πολλαπλοί τραυματισμοί του αντιβραχίου,S
S59.8,Άλλοι καθορισμένοι τραυματισμοί του αντιβραχίου,S
S59.9,Μη καθορισμένος τραυματισμός του αντιβραχίου,S
S60,Επιπολής τραυματισμός του καρπού και της άκρας χείρας,S
S60.0,Θλάση του(ων) δακτύλου(ων) χωρίς βλάβη των ονύχων,S
S60.1,Θλάση του(ων) δακτύλου(ων) με βλάβη των ονύχων,S
S60.2,Θλάση άλλων τμημάτων του καρπού και της άκρας χείρας,S
S60.7,Πολλαπλοί επιπολής τραυματισμοί του καρπού και της άκρας χείρας,S
S60.8,Άλλοι επιπολής τραυματισμοί του καρπού και της άκρας χείρας,S
S60.9,"Επιπολής τραυματισμός του καρπού και της άκρας χείρας, μη καθορισμένος",S
S61,Ανοικτό τραύμα του καρπού και της άκρας χείρας,S
S61.0,Ανοικτό τραύμα του(ων) δακτύλου(ων) χωρίς βλάβη του όνυχα,S
S61.1,Ανοικτό τραύμα του(ων) δακτύλου(ων) με βλάβη του όνυχα,S
S61.7,Πολλαπλά ανοικτά τραύματα του καρπού και της άκρας χείρας,S
S61.8,Ανοικτό τραύμα άλλων τμημάτων του καρπού και της άκρας χείρας,S
S61.9,"Ανοικτό τραύμα του καρπού και της άκρας χείρας, τμήμα μη καθορισμένο",S
S62,Κάταγμα στο επίπεδο του καρπού και της άκρας χείρας,S
S62.0,Κάταγμα του σκαφοειδούς οστού της άκρας χείρας,S
S62.1,Κάταγμα άλλου(ων) οστού(ών) του καρπού,S
S62.2,Κάταγμα του πρώτου μετακάρπιου οστού,S
S62.3,Κάταγμα άλλων μετακάρπιων οστών,S
S62.4,Πολλαπλά κατάγματα των μετακάρπιων οστών,S
S62.5,Κάταγμα του αντίχειρα,S
S62.6,Κάταγμα άλλου δάκτυλου,S
S62.7,Πολλαπλά κατάγματα των δακτύλων,S
S62.8,Κάταγμα άλλων και μη καθορισμένων τμημάτων του καρπού και της άκρας χείρας,S
S63,Εξάρθρημα και διάστρεμμα αρθρώσεων και συνδέσμων στο επίπεδο του καρπού και της άκρας χείρας,S
S63.0,Εξάρθρημα του καρπού,S
S63.1,Εξάρθρημα του δακτύλου,S
S63.2,Πολλαπλά εξαρθρήματα των δακτύλων,S
S63.3,Τραυματική ρήξη συνδέσμου του καρπού,S
S63.4,Τραυματική ρήξη συνδέσμου του δακτύλου στη(ις) μετακαρπιοφαλαγγική(ές) και μεσοφαλαγγική(ές) άρθρωση(αρθρώσεις),S
S63.5,Διάστρεμμα του καρπού,S
S63.6,Διάστρεμμα δακτύλου(ων),S
S63.7,Διάστρεμμα άλλων και μη καθορισμένων τμημάτων της άκρας χείρας,S
S64,Τραυματισμός των νεύρων στο επίπεδο του καρπού και της άκρας χείρας,S
S64.0,Τραυματισμός του ωλένιου νεύρου στο επίπεδο του καρπού και της άκρας χείρας,S
S64.1,Τραυματισμός του μέσου νεύρου στο επίπεδο του καρπού και της άκρας χείρας,S
S64.2,Τραυματισμός του κερκιδικού νεύρου στο επίπεδο του καρπού και της άκρας χείρας,S
S64.3,Τραυματισμός του δακτυλικού νεύρου του αντίχειρα,S
S64.4,Τραυματισμός του δακτυλικού νεύρου άλλου δακτύλου,S
S64.7,Τραυματισμός πολλαπλών νεύρων στο επίπεδο του καρπού και της άκρας χείρας,S
S64.8,Τραυματισμός άλλων νεύρων στο επίπεδο του καρπού και της άκρας χείρας,S
S64.9,Τραυματισμός μη καθορισμένου νεύρου στο επίπεδο του καρπού και της άκρας χείρας,S
S65,Τραυματισμός των αιμοφόρων αγγείων στο επίπεδο του καρπού και της άκρας χείρας,S
S65.0,Τραυματισμός της ωλένιας αρτηρίας στο επίπεδο του καρπού και της άκρας χείρας,S
S65.1,Τραυματισμός της κερκιδικής αρτηρίας στο επίπεδο του καρπού και της άκρας χείρας,S
S65.2,Τραυματισμός του επιπολής παλαμιαίου τόξου,S
S65.3,Τραυματισμός του εν τω βάθει παλαμιαίου τόξου,S
S65.4,Τραυματισμός του(ων) αιμοφόρου(ων) αγγείου(ων) του αντίχειρα,S
S65.5,Τραυματισμός του(ων) αιμοφόρου(ων) αγγείου(ων) άλλων δακτύλων,S
S65.7,Τραυματισμός πολλαπλών αιμοφόρων αγγείων στο επίπεδο του καρπού και της άκρας χείρας,S
S65.8,Τραυματισμός άλλων αιμοφόρων αγγείων στο επίπεδο του καρπού και της άκρας χείρας,S
S65.9,Τραυματισμός μη καθορισμένου αιμοφόρου αγγείου στο επίπεδο του καρπού και της άκρας χείρας,S
S66,Τραυματισμός μυός και τένοντα στο επίπεδο του καρπού και της άκρας χείρας,S
S66.0,Τραυματισμός του μακρού καμπτήρα μυός και τένοντα του αντίχειρα στο επίπεδο του καρπού και της άκρας χείρας,S
S66.1,Τραυματισμός του καμπτήρα μυός και τένοντα άλλου δακτύλου στο επίπεδο του καρπού και της άκρας χείρας,S
S66.2,Τραυματισμός του εκτείνοντα μυός και τένοντα του αντίχειρα στο επίπεδο του καρπού και της άκρας χείρας,S
S66.3,Τραυματισμός του εκτείνοντα μυός και τένοντα άλλου δακτύλου στο επίπεδο του καρπού και της άκρας χείρας,S
S66.4,Τραυματισμός των ελμινθοειδών  μυών και τενόντων του αντίχειρα στο επίπεδο του καρπού και της άκρας χείρας,S
S66.5,Τραυματισμός του των ελμινθοειδών  μυών και τενόντων άλλου δακτύλου στο επίπεδο του καρπού και της άκρας χείρας,S
S66.6,Τραυματισμός πολλαπλών καμπτήρων μυών και τενόντων στο επίπεδο του καρπού και της άκρας χείρας,S
S66.7,Τραυματισμός πολλαπλών εκτεινόντων μυών και τενόντων στο επίπεδο του καρπού και της άκρας χείρας,S
S66.8,Τραυματισμός άλλων μυών και τενόντων στο επίπεδο του καρπού και της άκρας χείρας,S
S66.9,Τραυματισμός μη καθορισμένου μυός και τένοντα στο επίπεδο του καρπού και της άκρας χείρας,S
S67,Συνθλιπτικός τραυματισμός του καρπού και της άκρας χείρας,S
S67.0,Συνθλιπτικός τραυματισμός του αντίχειρα και άλλου(ων) δακτύλου(ων),S
S67.8,Συνθλιπτικός τραυματισμός άλλων και μη καθορισμένων τμημάτων του καρπού και της άκρας χείρας,S
S68,Τραυματικός ακρωτηριασμός του καρπού και της άκρας χείρας,S
S68.0,Τραυματικός ακρωτηριασμός του αντίχειρα (πλήρης) (μερικός),S
S68.1,Τραυματικός ακρωτηριασμός άλλου μεμονωμένου δακτύλου (πλήρης) (μερικός),S
S68.2,Τραυματικός ακρωτηριασμός δύο ή περισσοτέρων δακτύλων μόνο (πλήρης) (μερικός),S
S68.3,Συνδυασμένος τραυματικός ακρωτηριασμός (τμήματος) του(ων) δακτύλου(ων) με άλλα τμήματα του καρπού και της άκρας χείρας,S
S68.4,Τραυματικός ακρωτηριασμός της άκρας χείρας στο επίπεδο του καρπού,S
S68.8,Τραυματικός ακρωτηριασμός άλλων τμημάτων του καρπού και της άκρας χείρας,S
S68.9,"Τραυματικός ακρωτηριασμός του καρπού και της άκρας χείρας, επίπεδο μη καθορισμένο",S
S69,Άλλοι και μη καθορισμένοι τραυματισμοί του καρπού και της άκρας χείρας,S
S69.7,Πολλαπλοί τραυματισμοί του καρπού και της άκρας χείρας,S
S69.8,Άλλοι καθορισμένοι τραυματισμοί του καρπού και της άκρας χείρας,S
S69.9,Μη καθορισμένος τραυματισμός του καρπού και της άκρας χείρας,S
S70,Επιπολής τραυματισμός του ισχίου και του μηρού,S
S70.0,Θλάση του ισχίου,S
S70.1,Θλάση του μηρού,S
S70.7,Πολλαπλοί επιπολής τραυματισμοί του ισχίου και του μηρού,S
S70.8,Άλλοι επιπολής τραυματισμοί του ισχίου και του μηρού,S
S70.9,"Επιπολής τραυματισμός του ισχίου και του μηρού, μη καθορισμένος",S
S71,Ανοικτό τραύμα του ισχίου και του μηρού,S
S71.0,Ανοικτό τραύμα του ισχίου,S
S71.1,Ανοικτό τραύμα του μηρού,S
S71.7,Πολλαπλά ανοικτά τραύματα του ισχίου και του μηρού,S
S71.8,Ανοικτό τραύμα άλλων και μη καθορισμένων τμημάτων της πυελικής ζώνης,S
S72,Κάταγμα του μηριαίου οστού,S
S72.0,Κάταγμα του αυχένα του μηριαίου οστού,S
S72.1,Περιτροχντήριο κάταγμα,S
S72.2,Υποτροχαντήριο κάταγμα,S
S72.3,Κάταγμα της διάφυσης του μηριαίου οστού,S
S72.4,Κάταγμα του κατώτερου άκρου του μηριαίου οστού,S
S72.7,Πολλαπλά κατάγματα του μηριαίου οστού,S
S72.8,Κατάγματα άλλων τμημάτων του μηριαίου οστού,S
S72.9,"Κάταγμα του μηριαίου οστού, τμήμα μη καθορισμένο",S
S73,Εξάρθρημα και διάστρεμμα της άρθρωσης και των συνδέσμων του ισχίου,S
S73.0,Εξάρθρημα του ισχίου,S
S73.1,Διάστρεμμα του ισχίου,S
S74,Τραυματισμός νεύρων στο επίπεδο του ισχίου και του μηρού,S
S74.0,Τραυματισμός του ισχιακού νεύρου στο επίπεδο του ισχίου και του μηρού,S
S74.1,Τραυματισμός του μηριαίου νεύρου στο επίπεδο του ισχίου και του μηρού,S
S74.2,Τραυματισμός του δερματικού αισθητικού νεύρου στο επίπεδο του ισχίου και του μηρού,S
S74.7,Τραυματισμός πολλαπλών νεύρων στο επίπεδο του ισχίου και του μηρού,S
S74.8,Τραυματισμός άλλων νεύρων στο επίπεδο του ισχίου και του μηρού,S
S74.9,Τραυματισμός  μη καθορισμένου νεύρου στο επίπεδο του ισχίου και του μηρού,S
S75,Τραυματισμός των αιμοφόρων αγγείων στο επίπεδο του ισχίου και του μηρού,S
S75.0,Τραυματισμός της μηριαίας αρτηρίας,S
S75.1,Τραυματισμός της μηριαίας φλέβας στο επίπεδο του ισχίου και του μηρού,S
S75.2,Τραυματισμός της μείζονας σαφηνούς φλέβας στο επίπεδο του ισχίου και του μηρού,S
S75.7,Τραυματισμός πολλαπλών αιμοφόρων αγγείων στο επίπεδο του ισχίου και του μηρού,S
S75.8,Τραυματισμός άλλων αιμοφόρων αγγείων στο επίπεδο του ισχίου και του μηρού,S
S75.9,Τραυματισμός μη καθορισμένου αιμοφόρου αγγείου στο επίπεδο του ισχίου και του μηρού,S
S76,Τραυματισμός μυός και τένοντα στο επίπεδο του ισχίου και του μηρού,S
S76.0,Τραυματισμός μυός και τένοντα του ισχίου,S
S76.1,Τραυματισμός του τετρακέφαλου μυ και τένοντα,S
S76.2,Τραυματισμός των προσαγωγών μυών και τενόντων του μηρού,S
S76.3,Τραυματισμός των μυών και τενόντων της οπίσθιας μυϊκής ομάδας στο επίπεδο του μηρού,S
S76.4,Τραυματισμός άλλων και μη καθορισμένων μυών και τενόντων στο επίπεδο του μηρού,S
S76.7,Τραυματισμός πολλαπλών μυών και τενόντων στο επίπεδο του ισχίου και του μηρού,S
S77,Συνθλιπτικός τραυματισμός του ισχίου και του μηρού,S
S77.0,Συνθλιπτικός τραυματισμός του ισχίου,S
S77.1,Συνθλιπτικός τραυματισμός του μηρού,S
S77.2,Συνθλιπτικός τραυματισμός του ισχίου με τον μηρό,S
S78,Τραυματικός ακρωτηριασμός του ισχίου και του μηρού,S
S78.0,Τραυματικός ακρωτηριασμός στην άρθρωση του ισχίου,S
S78.1,Τραυματικός ακρωτηριασμός σε επίπεδο μεταξύ ισχίου και γόνατος,S
S78.9,"Τραυματικός ακρωτηριασμός του ισχίου και του μηρού, επίπεδο μη καθορισμένο",S
S79,Άλλοι και καθορισμένοι τραυματισμοί του ισχίου και του μηρού,S
S79.7,Πολλαπλοί τραυματισμοί του ισχίου και του μηρού,S
S79.8,Άλλοι καθορισμένοι τραυματισμοί του ισχίου και του μηρού,S
S79.9,Μη καθορισμένος τραυματισμός του ισχίου και του μηρού,S
S80,Επιπολής τραυματισμός της κνήμης,S
S80.0,Θλάση του γόνατος,S
S80.1,Θλάση άλλων και μη καθορισμένων τμημάτων της κνήμης,S
S80.7,Πολλαπλοί επιπολής τραυματισμοί της κνήμης,S
S80.8,Άλλοι επιπολής τραυματισμοί της κνήμης,S
S80.9,"Επιπολής τραυματισμός της κνήμης, μη καθορισμένος",S
S81,Ανοικτό τραύμα της κνήμης,S
S81.0,Ανοικτό τραύμα του γόνατος,S
S81.7,Πολλαπλά ανοικτά τραύματα της κνήμης,S
S81.8,Ανοικτό τραύμα άλλων τμημάτων της κνήμης,S
S81.9,"Ανοικτό τραύμα της κνήμης, τμήμα μη καθορισμένο",S
S82,"Κάταγμα της κνήμης, συμπεριλαμβανομένου του αστράγαλου",S
S82.0,Κάταγμα της επιγονατίδας,S
S82.1,Κάταγμα του άνω άκρου του οστού της κνήμης,S
S82.2,Κάταγμα της διάφυσης του οστού της κνήμης,S
S82.3,Κάταγμα του κάτω άκρου του οστού της κνήμης,S
S82.4,Κάταγμα της περόνης μόνο,S
S82.5,Κάταγμα του έσω σφυρού,S
S82.6,Κάταγμα του έξω σφυρού,S
S82.7,Πολλαπλά κατάγματα της κνήμης,S
S82.8,Κατάγματα άλλων τμημάτων της κνήμης,S
S82.9,"Κάταγμα της κνήμης, τμήμα μη καθορισμένο",S
S83,"Εξάρθρημα, διάστρεμμα και διάταση  των αρθρώσεων και συνδέσμων του γόνατος",S
S83.0,Εξάρθρημα της επιγονατίδας,S
S83.1,Εξάρθρημα του γόνατος,S
S83.2,"Ρήξη μηνίσκου, πρόσφατη",S
S83.3,"Ρήξη του αρθρικού χόνδρου του γόνατος, πρόσφατη",S
S83.4,Διάστρεμμα που αφορά τον (περονιαίο) (κνημιαίο) πλάγιο σύνδεσμο του γόνατος,S
S83.5,Διάστρεμμα που αφορά τον (πρόσθιο) (οπίσθιο) χιαστό σύνδεσμο του γόνατος,S
S83.6,Διάστρεμμα άλλων και μη καθορισμένων τμημάτων του γόνατος,S
S83.7,Τραυματισμός σε πολλαπλές δομές του γόνατος,S
S84,Τραυματισμός των νεύρων στο επίπεδο της κνήμης,S
S84.0,Τραυματισμός του κνημιαίου νεύρου στο επίπεδο της κνήμης,S
S84.1,Τραυματισμός του περονιαίου νεύρου στο επίπεδο της κνήμης,S
S84.2,Τραυματισμός του δερματικού αισθητικού νεύρου στο επίπεδο της κνήμης,S
S84.7,Τραυματισμός πολλαπλών νεύρων στο επίπεδο της κνήμης,S
S84.8,Τραυματισμός άλλων νεύρων στο επίπεδο της κνήμης,S
S84.9,Τραυματισμός μη καθορισμένου νεύρου στο επίπεδο της κνήμης,S
S85,Τραυματισμός των αιμοφόρων αγγείων στο επίπεδο της κνήμης,S
S85.0,Τραυματισμός της ιγνυακής αρτηρίας,S
S85.1,Τραυματισμός της (πρόσθιας) (οπίσθιας) κνημιαίας αρτηρίας,S
S85.2,Τραυματισμός της περονιαίας αρτηρίας,S
S85.3,Τραυματισμός της μείζονος σαφηνούς φλέβας στο επίπεδο της κνήμης,S
S85.4,Τραυματισμός της ελάσσονος σαφηνούς φλέβας στο επίπεδο της κνήμης,S
S85.5,Τραυματισμός της ιγνυακής φλέβας,S
S85.7,Τραυματισμός πολλαπλών αιμοφόρων αγγείων στο επίπεδο της κνήμης,S
S85.8,Τραυματισμός άλλων αιμοφόρων αγγείων στο επίπεδο της κνήμης,S
S85.9,Τραυματισμός μη καθορισμένου αιμοφόρου αγγείου στο επίπεδο της κνήμης,S
S86,Τραυματισμός μυός και τένοντα στο επίπεδο της κνήμης,S
S86.0,Τραυματισμός του Αχίλλειου τένοντα,S
S86.1,Τραυματισμός άλλου(ων) μυός(ών) και τένοντα(ων) της ομάδας των οπίσθιων μυών στο επίπεδο της κνήμης,S
S86.2,Τραυματισμός μυός(ών) και τένοντα(ων) της ομάδας των προσθίων μυών στο επίπεδο της κνήμης,S
S86.3,Τραυματισμός μυός(ών) και τένοντα(ων) της ομάδας των περονιαίων μυών στο επίπεδο της κνήμης,S
S86.7,Τραυματισμός πολλαπλών μυών και τενόντων στο επίπεδο της κνήμης,S
S86.8,Τραυματισμός άλλων μυών και τενόντων στο επίπεδο της κνήμης,S
S86.9,Τραυματισμός μη καθορισμένου μυός και τένοντα στο επίπεδο της κνήμης,S
S87,Συνθλιπτικός τραυματισμός της κνήμης,S
S87.0,Συνθλιπτικός τραυματισμός του γόνατος,S
S87.8,Συνθλιπτικός τραυματισμός άλλων και μη καθορισμένων τμημάτων της κνήμης,S
S88,Τραυματικός ακρωτηριασμός της κνήμης,S
S88.0,Τραυματικός ακρωτηριασμός στο επίπεδο του γόνατος,S
S88.1,Τραυματικός ακρωτηριασμός στο επίπεδο μεταξύ γόνατος και αστράγαλου,S
S88.9,"Τραυματικός ακρωτηριασμός της κνήμης, επίπεδο μη καθορισμένο",S
S89,Άλλοι και μη καθορισμένοι τραυματισμοί της κνήμης,S
S89.7,Πολλαπλοί τραυματισμοί της κνήμης,S
S89.8,Άλλοι καθορισμένοι τραυματισμοί της κνήμης,S
S89.9,Μη καθορισμένος τραυματισμός της κνήμης,S
S90,Επιπολής τραυματισμός του αστράγαλου και του άκρου πόδα,S
S90.0,Θλάση του αστράγαλου,S
S90.1,Θλάση του(ων) δακτύλου(ων) του άκρου πόδα χωρίς βλάβη στο νύχι,S
S90.2,Θλάση του(ων) δακτύλου(ων) του άκρου πόδα με βλάβη στο νύχι,S
S90.3,Θλάση άλλων και μη καθορισμένων τμημάτων του άκρου πόδα,S
S90.7,Πολλαπλοί επιπολής τραυματισμοί του αστράγαλου και του άκρου πόδα,S
S90.8,Άλλοι επιπολής τραυματισμοί του αστράγαλου και του άκρου πόδα,S
S90.9,"Επιπολής τραυματισμός του αστράγαλου και του άκρου πόδα, μη καθορισμένος",S
S91,Ανοικτό τραύμα του αστράγαλου και του άκρου πόδα,S
S91.0,Ανοικτό τραύμα του αστράγαλου,S
S91.1,Ανοικτό τραύμα του(ων) δακτύλου(ων) του άκρου πόδα χωρίς βλάβη στο νύχι,S
S91.2,Ανοικτό τραύμα του(ων) δακτύλου(ων) του άκρου πόδα με βλάβη στο νύχι,S
S91.3,Ανοικτό τραύμα άλλων τμημάτων του άκρου πόδα,S
S91.7,Πολλαπλά ανοικτά τραύματα του αστράγαλου και του άκρου πόδα,S
S92,"Κάταγμα του άκρου πόδα, εκτός του αστράγαλου",S
S92.0,Κάταγμα της πτέρνας,S
S92.1,Κάταγμα του αστράγαλου,S
S92.2,Κάταγμα άλλου(ων) οστού(ών) του ταρσού,S
S92.3,Κάταγμα μεταταρσίου οστού,S
S92.4,Κάταγμα του μεγάλου δακτύλου του άκρου πόδα,S
S92.5,Κάταγμα άλλου δακτύλου του άκρου πόδα,S
S92.7,Πολλαπλά κατάγματα του άκρου πόδα,S
S92.9,"Κάταγμα του άκρου πόδα, μη καθορισμένο",S
S93,Εξάρθρημα και διάστρεμμα των αρθρώσεων και συνδέσμων στο επίπεδο του αστράγαλου και του άκρου πόδα,S
S93.0,Εξάρθρημα της ποδοκνημικής άρθρωσης,S
S93.1,Εξάρθρημα του(ων) δακτύλου(ων) του άκρου πόδα,S
S93.2,Ρήξη συνδέσμων στο επίπεδο του αστράγαλου και του άκρου πόδα,S
S93.3,Εξάρθρημα άλλων και μη καθορισμένων τμημάτων του άκρου πόδα,S
S93.4,Διάστρεμμα του αστράγαλου,S
S93.5,Διάστρεμμα του(ων) δακτύλου(ων) του άκρου πόδα,S
S93.6,Διάστρεμμα άλλων και μη καθορισμένων τμημάτων του άκρου πόδα,S
S94,Τραυματισμός των νεύρων στο επίπεδο του αστράγαλου και του άκρου πόδα,S
S94.0,Τραυματισμός του έξω πελματιαίου νεύρου,S
S94.1,Τραυματισμός του έσω πελματιαίου νεύρου,S
S94.2,Τραυματισμός του εν τω βάθει περονιαίου νεύρου στο επίπεδο του αστράγαλου και του άκρου πόδα,S
S94.3,Τραυματισμός του δερματικού αισθητικού νεύρου στο επίπεδο του αστράγαλου και του άκρου πόδα,S
S94.7,Τραυματισμός πολλαπλών νεύρων στο επίπεδο του αστράγαλου και του άκρου πόδα,S
S94.8,Τραυματισμός άλλων νεύρων στο επίπεδο του αστράγαλου και του άκρου πόδα,S
S94.9,Τραυματισμός μη καθορισμένου νεύρου στο επίπεδο του αστράγαλου και του άκρου πόδα,S
S95,Τραυματισμός αιμοφόρων αγγείων στο επίπεδο του αστράγαλου και του άκρου πόδα,S
S95.0,Τραυματισμός της ραχιαίας αρτηρίας του άκρου πόδα,S
S95.1,Τραυματισμός της πελματιαίας αρτηρίας του άκρου πόδα,S
S95.2,Τραυματισμός της ραχιαίας φλέβας του άκρου πόδα,S
S95.7,Τραυματισμός πολλαπλών αιμοφόρων αγγείων στο επίπεδο του αστράγαλου και του άκρου πόδα,S
S95.8,Τραυματισμός άλλων αιμοφόρων αγγείων στο επίπεδο του αστράγαλου και του άκρου πόδα,S
S95.9,Τραυματισμός μη καθορισμένου αιμοφόρου αγγείου στο επίπεδο του αστράγαλου και του άκρου πόδα,S
S96,Τραυματισμός μυός και τένοντα στο επίπεδο του αστράγαλου και του άκρου πόδα,S
S96.0,Τραυματισμός του μυός και τένοντα του μακρού καμπτήρα του δακτύλου στο επίπεδο του αστράγαλου και του άκρου πόδα,S
S96.1,Τραυματισμός του μυός και τένοντα του μακρού εκτείνοντα του δακτύλου στο επίπεδο του αστράγαλου και του άκρου πόδα,S
S96.2,Τραυματισμός των ελμινθοειδών μυών  και τενόντων  στο επίπεδο του αστράγαλου και του άκρου πόδα,S
S96.7,Τραυματισμός πολλαπλών μυών και τενόντων στο επίπεδο του αστράγαλου και του άκρου πόδα,S
S96.8,Τραυματισμός άλλων μυών και τενόντων στο επίπεδο του αστράγαλου και του άκρου πόδα,S
S96.9,Τραυματισμός  μη καθορισμένου μυός και τένοντα στο επίπεδο του αστράγαλου και του άκρου πόδα,S
S97,Συνθλιπτικός τραυματισμός του αστράγαλου και του άκρου πόδα,S
S97.0,Συνθλιπτικός τραυματισμός του αστράγαλου,S
S97.1,Συνθλιπτικός τραυματισμός του(ων) δακτύλου(ων) του άκρου πόδα,S
S97.8,Συνθλιπτικός τραυματισμός άλλων τμημάτων του αστράγαλου και του άκρου πόδα,S
S98,Τραυματικός ακρωτηριασμός του αστράγαλου και του άκρου πόδα,S
S98.0,Τραυματικός ακρωτηριασμός του άκρου πόδα στο επίπεδο του αστράγαλου,S
S98.1,Τραυματικός ακρωτηριασμός ενός δακτύλου του άκρου πόδα,S
S98.2,Τραυματικός ακρωτηριασμός δύο ή περισσοτέρων δακτύλων του άκρου πόδα,S
S98.3,Τραυματικός ακρωτηριασμός άλλων τμημάτων του άκρου πόδα,S
S98.4,"Τραυματικός ακρωτηριασμός του άκρου πόδα, επίπεδο μη καθορισμένο",S
S99,Άλλοι και μη καθορισμένοι τραυματισμοί του αστράγαλου και του άκρου πόδα,S
S99.7,Πολλαπλοί τραυματισμοί του αστράγαλου και του άκρου πόδα,S
S99.8,Άλλοι καθορισμένοι τραυματισμοί του αστράγαλου και του άκρου πόδα,S
S99.9,Μη καθορισμένος τραυματισμός του αστράγαλου και του άκρου πόδα,S
T00,Επιπολής τραυματισμοί που αφορούν πολλαπλές περιοχές του σώματος,T
T00.0,Επιπολής τραυματισμοί που αφορούν την κεφαλή με τον τράχηλο,T
T00.1,"Επιπολής τραυματισμοί που αφορούν τον θώρακα με την κοιλία, το κατώτερο τμήμα της ράχης και την πύελο",T
T00.2,Επιπολής τραυματισμοί που αφορούν πολλαπλές περιοχές του(των) άνω άκρου(ων),T
T00.3,Επιπολής τραυματισμοί που αφορούν πολλαπλές περιοχές του(των) κάτω άκρου(ων),T
T00.6,Επιπολής τραυματισμοί που αφορούν πολλαπλές περιοχές του(των) άνω άκρου(ων) με το(τα) κάτω άκρο(α),T
T00.8,Επιπολής τραυματισμοί που αφορούν άλλους συνδυασμούς μεταξύ περιοχών του σώματος,T
T00.9,"Πολλαπλοί επιπολής τραυματισμοί, μη καθορισμένοι",T
T01,Ανοικτά τραύματα που αφορούν πολλαπλές περιοχές του σώματος,T
T01.0,Ανοικτά τραύματα που αφορούν την κεφαλή με τον τράχηλο,T
T01.1,"Ανοικτά τραύματα που αφορούν τον θώρακα με την κοιλία, το κατώτερο τμήμα της ράχης και την πύελο",T
T01.2,Ανοικτά τραύματα που αφορούν πολλαπλές περιοχές του(των) άνω άκρου(ων),T
T01.3,Ανοικτά τραύματα που αφορούν πολλαπλές περιοχές του(των) κάτω άκρου(ων),T
T01.6,Ανοικτά τραύματα που αφορούν πολλαπλές περιοχές του(των) άνω άκρου(ων) με το(τα) κάτω άκρο(α),T
T01.8,Ανοιχτά τραύματα που αφορούν άλλους συνδυασμούς περιοχών του σώματος,T
T01.9,"Πολλαπλά ανοικτά τραύματα, μη καθορισμένα",T
T02,Κατάγματα που αφορούν πολλαπλές περιοχές του σώματος,T
T02.0,Κατάγματα που αφορούν την κεφαλή με τον τράχηλο,T
T02.1,Κατάγματα που αφορούν τον θώρακα με το κατώτερο τμήμα της ράχης και την πύελο,T
T02.2,Κατάγματα που αφορούν πολλαπλές περιοχές του ενός άνω άκρου,T
T02.3,Κατάγματα που αφορούν πολλαπλές περιοχές του ενός κάτω άκρου,T
T02.4,Κατάγματα που αφορούν πολλαπλές περιοχές αμφοτέρων των άνω άκρων,T
T02.5,Κατάγματα που αφορούν πολλαπλές περιοχές αμφοτέρων των κάτω άκρων,T
T02.6,Κατάγματα που αφορούν πολλαπλές περιοχές του(των) άνω άκρου(ων) με το(τα) κάτω άκρο(α),T
T02.7,Κατάγματα που αφορούν τον θώρακα με το κατώτερο τμήμα της ράχης και της πυέλου με το(τα) άκρο(α),T
T02.8,Κατάγματα που αφορούν άλλους συνδυασμούς περιοχών του σώματος,T
T02.9,"Πολλαπλά κατάγματα, μη καθορισμένα",T
T03,Εξαρθρήματα και διαστρέμματα που αφορούν πολλαπλές περιοχές του σώματος,T
T03.0,Εξαρθρήματα και διαστρέμματα που αφορούν την κεφαλή με τον τράχηλο,T
T03.1,Εξαρθρήματα και διαστρέμματα που αφορούν τον θώρακα με το κατώτερο τμήμα της ράχης και την πύελο,T
T03.2,Εξαρθρήματα και διαστρέμματα που αφορούν πολλαπλές περιοχές του(των) άνω άκρου(ων),T
T03.3,Εξαρθρήματα και διαστρέμματα που αφορούν πολλαπλές περιοχές του(των) κάτω άκρου(ων),T
T03.4,Εξαρθρήματα και διαστρέμματα που αφορούν πολλαπλές περιοχές του(των) άνω άκρου(ων) με το(τα) κάτω άκρο(α),T
T03.8,Εξαρθρήματα και διαστρέμματα που αφορούν άλλους συνδυασμούς περιοχών του σώματος,T
T03.9,"Πολλαπλά εξαρθρήματα και διαστρέμματα, μη καθορισμένα",T
T04,Συνθλιπτικοί τραυματισμοί που αφορούν πολλαπλές περιοχές του σώματος,T
T04.0,Συνθλιπτικοί τραυματισμοί που αφορούν την κεφαλή με τον τράχηλο,T
T04.1,"Συνθλιπτικοί τραυματισμοί που αφορούν το θώρακα με την κοιλία, το κατώτερο τμήμα της ράχης και την πύελο",T
T04.2,Συνθλιπτικοί τραυματισμοί που αφορούν πολλαπλές περιοχές του(των) άνω άκρου(ων),T
T04.3,Συνθλιπτικοί τραυματισμοί που αφορούν πολλαπλές περιοχές του(των) κάτω άκρου(ων),T
T04.4,Συνθλιπτικοί τραυματισμοί που αφορούν πολλαπλές περιοχές του(των) άνω άκρου(ων) με το(τα) κάτω άκρο(α),T
T04.7,"Συνθλιπτικοί τραυματισμοί του θώρακα με την κοιλία, το κατώτερο τμήμα της ράχης και την πύελο με το(τα) άκρο(α)",T
T04.8,"Συνθλιπτικοί τραυματισμοί, που αφορούν άλλους συνδυασμούς περιοχών του σώματος",T
T04.9,"Πολλαπλοί συνθλιπτικοί τραυματισμοί, μη καθορισμένοι",T
T05,Τραυματικοί ακρωτηριασμοί που αφορούν πολλαπλές περιοχές του σώματος,T
T05.0,Τραυματικός ακρωτηριασμός αμφοτέρων των άκρων χειρών,T
T05.1,"Τραυματικός ακρωτηριασμός της μιας άκρας χείρας και του άλλου βραχίονα [οποιοδήποτε επίπεδο, εκτός της άκρας χείρας]",T
T05.2,Τραυματικός ακρωτηριασμός αμφοτέρων των βραχιόνων [οποιοδήποτε επίπεδο],T
T05.3,Τραυματικός ακρωτηριασμός αμφοτέρων των άκρων ποδών,T
T05.4,"Τραυματικός ακρωτηριασμός του ενός άκρου πόδα και της άλλης κνήμης [οποιοδήποτε επίπεδο, εκτός του άκρου πόδα]",T
T05.5,Τραυματικός ακρωτηριασμός αμφοτέρων των κνημών [οποιοδήποτε επίπεδο],T
T05.6,"Τραυματικός ακρωτηριασμός των άνω και κάτω άκρων, οποιουδήποτε συνδυασμού [οποιοδήποτε επίπεδο]",T
T05.8,Τραυματικοί ακρωτηριασμοί που αφορούν άλλους συνδυασμούς περιοχών του σώματος,T
T05.9,"Πολλαπλοί τραυματικοί ακρωτηριασμοί, μη καθορισμένοι",T
T06,"Άλλοι τραυματισμοί που αφορούν πολλαπλές περιοχές του σώματος, που δεν ταξινομούνται αλλού",T
T06.0,Τραυματισμοί του εγκεφάλου και των κρανιακών νεύρων με τραυματισμούς των νεύρων και του νωτιαίου μυελού στο επίπεδο του τραχήλου,T
T06.1,Τραυματισμοί των νεύρων και του νωτιαίου μυελού που αφορούν άλλες πολλαπλές περιοχές του σώματος,T
T06.2,Τραυματισμοί των νεύρων που αφορούν πολλαπλές περιοχές του σώματος,T
T06.3,Τραυματισμοί αιμοφόρων αγγείων που αφορούν πολλαπλές περιοχές του σώματος,T
T06.4,Τραυματισμοί μυών και τενόντων που αφορούν πολλαπλές περιοχές του σώματος,T
T06.5,Τραυματισμοί ενδοθωρακικών οργάνων με ενδοκοιλιακά και πυελικά όργανα,T
T06.8,Άλλοι καθορισμένοι τραυματισμοί που αφορούν πολλαπλές περιοχές του σώματος,T
T07,Μη καθορισμένοι πολλαπλοί τραυματισμοί,T
T08,"Κάταγμα της σπονδυλικής στήλης, επίπεδο μη καθορισμένο",T
T09,"Άλλοι τραυματισμοί της σπονδυλικής στήλης και του κορμού, επίπεδο μη καθορισμένο",T
T09.0,"Επιπολής τραυματισμός του κορμού, επίπεδο μη καθορισμένο",T
T09.1,"Ανοικτό τραύμα του κορμού, επίπεδο μη καθορισμένο",T
T09.2,Εξάρθρημα και διάστρεμμα μη καθορισμένης άρθρωσης και συνδέσμου του κορμού,T
T09.3,"Τραυματισμός του νωτιαίου μυελού, επίπεδο μη καθορισμένο",T
T09.4,"Τραυματισμός μη καθορισμένου νεύρου, ρίζας νωτιαίου νεύρου και πλεγμάτων του κορμού",T
T09.5,Τραυματισμός μη καθορισμένου μυός και τένοντα του κορμού,T
T09.6,"Τραυματικός ακρωτηριασμός του κορμού, επίπεδο μη καθορισμένο",T
T09.8,"Άλλοι καθορισμένοι τραυματισμοί του κορμού, επίπεδο μη καθορισμένο",T
T09.9,"Μη καθορισμένος τραυματισμός του κορμού, επίπεδο μη καθορισμένο",T
T10,"Κάταγμα του άνω άκρου, επίπεδο μη καθορισμένο",T
T11,"Άλλοι τραυματισμοί του άνω άκρου, επίπεδο μη καθορισμένο",T
T11.0,"Επιπολής τραυματισμός του άνω άκρου, επίπεδο μη καθορισμένο",T
T11.1,"Ανοικτό τραύμα του άνω άκρου, επίπεδο μη καθορισμένο",T
T11.2,"Εξάρθρημα και διάστρεμμα μη καθορισμένης άρθρωσης και συνδέσμου του άνω άκρου, επίπεδο μη καθορισμένο",T
T11.3,"Τραυματισμός μη καθορισμένου νεύρου του άνω άκρου, επίπεδο μη καθορισμένο",T
T11.4,"Τραυματισμός μη καθορισμένου αιμοφόρου αγγείου του άνω άκρου, επίπεδο μη καθορισμένο",T
T11.5,"Τραυματισμός μη καθορισμένου μυός και τένοντα του άνω άκρου, επίπεδο μη καθορισμένο",T
T11.6,"Τραυματικός ακρωτηριασμός του άνω άκρου, επίπεδο μη καθορισμένο",T
T11.8,"Άλλοι καθορισμένοι τραυματισμοί του άνω άκρου, επίπεδο μη καθορισμένο",T
T11.9,"Μη καθορισμένος τραυματισμός του άνω άκρου, επίπεδο μη καθορισμένο",T
T12,"Κάταγμα του κάτω άκρου, επίπεδο μη καθορισμένο",T
T13,"Άλλοι τραυματισμοί του κάτω άρκου, επίπεδο μη καθορισμένο",T
T13.0,"Επιπολής τραυματισμός του κάτω άκρου, επίπεδο μη καθορισμένο",T
T13.1,"Ανοικτό τραύμα του κάτω άκρου, επίπεδο μη καθορισμένο",T
T13.2,"Εξάρθρημα και διάστρεμμα  μη καθορισμένης άρθρωσης και συνδέσμου του κάτω άκρου, επίπεδο μη καθορισμένο",T
T13.3,"Τραυματισμός μη καθορισμένου νεύρου του κάτω άκρου, επίπεδο μη καθορισμένο",T
T13.4,"Τραυματισμός μη καθορισμένου αιμοφόρου αγγείου του κάτω άκρου, επίπεδο μη καθορισμένο",T
T13.5,"Τραυματισμός μη καθορισμένου μυός και τένοντα του κάτω άκρου, επίπεδο μη καθορισμένο",T
T13.6,"Τραυματικός ακρωτηριασμός του κάτω άκρου, επίπεδο μη καθορισμένο",T
T13.8,"Άλλοι καθορισμένοι τραυματισμοί του κάτω άκρου, επίπεδο μη καθορισμένο",T
T13.9,"Μη καθορισμένος τραυματισμός του κάτω άκρου, επίπεδο μη καθορισμένο",T
T14,Τραυματισμός μη καθορισμένης περιοχής του σώματος,T
T14.0,Επιπολής τραυματισμός μη καθορισμένης περιοχής του σώματος,T
T14.1,Ανοικτό τραύμα μη καθορισμένης περιοχής του σώματος,T
T14.2,Κάταγμα μη καθορισμένης περιοχής του σώματος,T
T14.3,"Εξάρθρημα , διάταση και διάστρεμμα μη καθορισμένης περιοχής του σώματος",T
T14.4,Τραυματισμός νεύρου(ων) μη καθορισμένης περιοχής του σώματος,T
T14.5,Τραυματισμός αιμοφόρου(ων) αγγείου(ων) μη καθορισμένης περιοχής του σώματος,T
T14.6,Τραυματισμός μυών και τενόντων μη καθορισμένης περιοχής του σώματος,T
T14.7,Συνθλιπτικός τραυματισμός και τραυματικός ακρωτηριασμός μη καθορισμένης περιοχής του σώματος,T
T14.8,Άλλοι τραυματισμοί μη καθορισμένης περιοχής του σώματος,T
T14.9,"Τραυματισμός, μη καθορισμένος",T
T15,Ξένο σώμα στην έξω από τον βολβό του οφθαλμού περιοχή,T
T15.0,Ξένο σώμα στον κερατοειδή,T
T15.1,Ξένο σώμα στον επιπεφυκιτικό σάκο,T
T15.8,Ξένο σώμα σε άλλα και πολλαπλά τμήματα της έξω από τον βολβό του οφθαλμού περιοχής,T
T15.9,"Ξένο σώμα στην έξω από τον βολβό του οφθαλμού περιοχή, τμήμα μη καθορισμένο",T
T16,Ξένο σώμα στο ους,T
T17,Ξένο σώμα στην αναπνευστική οδό,T
T17.0,Ξένο σώμα σε ρινικό κόλπο,T
T17.1,Ξένο σώμα στο ρώθωνα,T
T17.2,Ξένο σώμα στο φάρυγγα,T
T17.3,Ξένο σώμα στο λάρυγγα,T
T17.4,Ξένο σώμα στην τραχεία,T
T17.5,Ξένο σώμα στους βρόγχους,T
T17.8,Ξένο σώμα σε άλλα και πολλαπλά τμήματα της αναπνευστικής οδού,T
T17.9,"Ξένο σώμα στην αναπνευστική οδό, τμήμα μη καθορισμένο",T
T18,Ξένο σώμα στην πεπτική οδό,T
T18.0,Ξένο σώμα στο στόμα,T
T18.1,Ξένο σώμα στον οισοφάγο,T
T18.2,Ξένο σώμα στο στόμαχο,T
T18.3,Ξένο σώμα στο λεπτό έντερο,T
T18.4,Ξένο σώμα στο κόλον,T
T18.5,Ξένο σώμα στον πρωκτό και το ορθό,T
T18.8,Ξένο σώμα σε άλλα και πολλαπλά τμήματα της πεπτικής οδού,T
T18.9,"Ξένο σώμα στην πεπτική οδό, τμήμα μη καθορισμένο",T
T19,Ξένο σώμα στην ουρογεννητική οδό,T
T19.0,Ξένο σώμα στην ουρήθρα,T
T19.1,Ξένο σώμα στην ουροδόχο κύστη,T
T19.2,Ξένο σώμα στο αιδοίο και τον κόλπο,T
T19.3,Ξένο σώμα στη μήτρα [οποιοδήποτε τμήμα αυτής],T
T19.8,Ξένο σώμα σε άλλα και πολλαπλά τμήματα της ουρογεννητικής οδού,T
T19.9,"Ξένο σώμα στην ουρογεννητική οδό, τμήμα μη καθορισμένο",T
T20,Θερμικό και χημικό έγκαυμα της κεφαλής και του τραχήλου,T
T20.0,Έγκαυμα μη καθορισμένου βαθμού της κεφαλής και του τραχήλου,T
T20.1,Έγκαυμα πρώτου βαθμού της κεφαλής και του τραχήλου,T
T20.2,Έγκαυμα δεύτερου βαθμού της κεφαλής και του τραχήλου,T
T20.3,Έγκαυμα τρίτου βαθμού της κεφαλής και του τραχήλου,T
T20.4,Χημικό έγκαυμα μη καθορισμένου βαθμού της κεφαλής και του τραχήλου,T
T20.5,Χημικό  έγκαυμα πρώτου βαθμού της κεφαλής και του τραχήλου,T
T20.6,Χημικό έγκαυμα δεύτερου βαθμού της κεφαλής και του τραχήλου,T
T20.7,Χημικό έγκαυμα τρίτου βαθμού της κεφαλής και του τραχήλου,T
T21,Θερμικό και χημικό έγκαυμα του κορμού,T
T21.0,Έγκαυμα μη καθορισμένου βαθμού του κορμού,T
T21.1,Έγκαυμα πρώτου βαθμού του κορμού,T
T21.2,Έγκαυμα δεύτερου βαθμού του κορμού,T
T21.3,Έγκαυμα τρίτου βαθμού του κορμού,T
T21.4,Χημικό έγκαυμα μη καθορισμένου βαθμού του κορμού,T
T21.5,Χημικό έγκαυμα πρώτου βαθμού του κορμού,T
T21.6,Χημικό έγκαυμα δεύτερου βαθμού του κορμού,T
T21.7,Χημικό έγκαυμα τρίτου βαθμού του κορμού,T
T22,"Θερμικό και χημικό έγκαυμα του ώμου και του άνω άκρου, εκτός του καρπού και της άκρας χείρας",T
T22.0,"Έγκαυμα μη καθορισμένου βαθμού του ώμου και του άνω άκρου, εκτός του καρπού και της άκρας χείρας",T
T22.1,"Έγκαυμα πρώτου βαθμού του ώμου και του άνω άκρου, εκτός του καρπού και της άκρας χείρας",T
T22.2,"Έγκαυμα δεύτερου βαθμού του ώμου και του άνω άκρου, εκτός του καρπού και της άκρας χείρας",T
T22.3,"Έγκαυμα τρίτου βαθμού του ώμου και του άνω άκρου, εκτός του καρπού και της άκρας χείρας",T
T22.4,"Χημικό έγκαυμα μη καθορισμένου βαθμού του ώμου και του άνω άκρου, εκτός του καρπού και της άκρας χείρας",T
T22.5,"Χημικό έγκαυμα πρώτου βαθμού του ώμου και του άνω άκρου, εκτός του καρπού και της άκρας χείρας",T
T22.6,"Χημικό έγκαυμα δεύτερου βαθμού του ώμου και του άνω άκρου, εκτός του καρπού και της άκρας χείρας",T
T22.7,"Χημικό έγκαυμα τρίτου βαθμού του ώμου και του άνω άκρου, εκτός του καρπού και της άκρας χείρας",T
T23,Θερμικό και χημικό έγκαυμα του καρπού και της άκρας χείρας,T
T23.0,Έγκαυμα μη καθορισμένου βαθμού του καρπού και της άκρας χείρας,T
T23.1,Έγκαυμα πρώτου βαθμού του καρπού και της άκρας χείρας,T
T23.2,Έγκαυμα δεύτερου βαθμού του καρπού και της άκρας χείρας,T
T23.3,Έγκαυμα τρίτου βαθμού του καρπού και της άκρας χείρας,T
T23.4,Χημικό έγκαυμα μη καθορισμένου βαθμού του καρπού και της άκρας χείρας,T
T23.5,Χημικό έγκαυμα πρώτου βαθμού του καρπού και της άκρας χείρας,T
T23.6,Χημικό έγκαυμα δεύτερου βαθμού του καρπού και της άκρας χείρας,T
T23.7,Χημικό έγκαυμα τρίτου βαθμού του καρπού και της άκρας χείρας,T
T24,"Θερμικά και χημικά εγκαύματα του ισχίου και του κάτω άκρου, εκτός των εγκαυμάτων της ποδοκνημικής και του άκρου πόδα",T
T24.0,"Θερμικό έγκαυμα μη καθορισμένου βαθμού του ισχίου και του κάτω άκρου, εκτός της ποδοκνημικής και του άκρου πόδα",T
T24.1,"Θερμικό έγκαυμα πρώτου βαθμού του ισχίου και του κάτω άκρου, εκτός της ποδοκνημικής και του άκρου πόδα",T
T24.2,"Θερμικό έγκαυμα δεύτερου βαθμού του ισχίου και του κάτω άκρου, εκτός της ποδοκνημικής και του άκρου πόδα",T
T24.3,"Θερμικό έγκαυμα τρίτου βαθμού του ισχίου και του κάτω άκρου, εκτός της ποδοκνημικής και του άκρου πόδα",T
T24.4,"Χημικό έγκαυμα μη καθορισμένου βαθμού του ισχίου και του κάτω άκρου, εκτός της ποδοκνημικής και του άκρου πόδα",T
T24.5,"Χημικό έγκαυμα πρώτου βαθμού του ισχίου και του κάτω άκρου, εκτός της ποδοκνημικής και του άκρου πόδα",T
T24.6,"Χημικό έγκαυμα δεύτερου βαθμού του ισχίου και του κάτω άκρου, εκτός της ποδοκνημικής και του άκρου πόδα",T
T24.7,"Χημικό έγκαυμα τρίτου βαθμού του ισχίου και του κάτω άκρου, εκτός της ποδοκνημικής και του άκρου πόδα",T
T25,Θερμικό και χημικό έγκαυμα της ποδοκνημικής και του άκρου πόδα,T
T25.0,Θερμικό έγκαυμα μη καθορισμένου βαθμού της ποδοκνημικής και του άκρου πόδα,T
T25.1,Θερμικό έγκαυμα πρώτου βαθμού της ποδοκνημικής και του άκρου πόδα,T
T25.2,Θερμικό έγκαυμα δεύτερου βαθμού της ποδοκνημικής και του άκρου πόδα,T
T25.3,Θερμικό έγκαυμα τρίτου βαθμού της ποδοκνημικής και του άκρου πόδα,T
T25.4,Χημικό έγκαυμα μη καθορισμένου βαθμού της ποδοκνημικής και του άκρου πόδα,T
T25.5,Χημικό έγκαυμα πρώτου βαθμού της ποδοκνημικής και του άκρου πόδα,T
T25.6,Χημικό έγκαυμα δεύτερου βαθμού της ποδοκνημικής και του άκρου πόδα,T
T25.7,Χημικό έγκαυμα τρίτου βαθμού της ποδοκνημικής και του άκρου πόδα,T
T26,Θερμικό και χημικό  έγκαυμα που περιορίζεται στον οφθαλμό και τα εξαρτήματά του,T
T26.0,Θερμικό έγκαυμα του βλεφάρου και της περιοφθαλμικής περιοχής,T
T26.1,Θερμικό έγκαυμα του κερατοειδούς και του σάκου του επιπεφυκότα,T
T26.2,Θερμικό έγκαυμα που καταλήγει σε ρήξη και καταστροφή του βολβού του οφθαλμού,T
T26.3,Θερμικό έγκαυμα άλλων τμημάτων του οφθαλμού και των εξαρτημάτων του,T
T26.4,"Θερμικό έγκαυμα του οφθαλμού και των εξαρτημάτων του, τμήμα μη καθορισμένο",T
T26.5,Χημικό έγκαυμα του βλεφάρου και της περιοφθαλμικής περιοχής,T
T26.6,Χημικό έγκαυμα του κερατοειδούς και του σάκου του επιπεφυκότα,T
T26.7,Χημικό έγκαυμα που καταλήγει σε ρήξη και καταστροφή του βολβού του οφθαλμού,T
T26.8,Χημικό έγκαυμα άλλων τμημάτων του οφθαλμού και των εξαρτημάτων του,T
T26.9,"Χημικό έγκαυμα του οφθαλμού και των εξαρτημάτων του, τμήμα μη καθορισμένο",T
T27,Θερμικό και χημικό έγκαυμα της αναπνευστικής οδού,T
T27.0,Θερμικό έγκαυμα του λάρυγγα και της τραχείας,T
T27.1,Θερμικό έγκαυμα που περιλαμβάνει το λάρυγγα και την τραχεία με τον πνεύμονα,T
T27.2,Θερμικό έγκαυμα άλλων τμημάτων της αναπνευστικής οδού,T
T27.3,"Θερμικό έγκαυμα της αναπνευστικής οδού, τμήμα μη καθορισμένο",T
T27.4,Χημικό έγκαυμα του λάρυγγα και της τραχείας,T
T27.5,Χημικό έγκαυμα που περιλαμβάνει το λάρυγγα και την τραχεία με τον πνεύμονα,T
T27.6,Χημικό έγκαυμα άλλων τμημάτων της αναπνευστικής οδού,T
T27.7,"Χημικό έγκαυμα της αναπνευστικής οδού,  τμήμα μη καθορισμένο",T
T28,Θερμικό και χημικό έγκαυμα άλλων εσωτερικών οργάνων,T
T28.0,Θερμικό έγκαυμα του στόματος και του φάρυγγα,T
T28.1,Θερμικό έγκαυμα του οισοφάγου,T
T28.2,Θερμικό έγκαυμα άλλων τμημάτων του πεπτικού συστήματος,T
T28.3,Θερμικό έγκαυμα εσωτερικών  οργάνων του ουρογεννητικού συστήματος,T
T28.4,Θερμικό έγκαυμα άλλων και μη καθορισμένων εσωτερικών οργάνων,T
T28.5,Χημικό έγκαυμα του στόματος και του φάρυγγα,T
T28.6,Χημικό έγκαυμα του οισοφάγου,T
T28.7,Χημικό έγκαυμα άλλων τμημάτων του πεπτικού συστήματος,T
T28.8,Χημικό έγκαυμα εσωτερικών  οργάνων του ουρογεννητικού συστήματος,T
T28.9,Χημικό έγκαυμα άλλων και μη καθορισμένων εσωτερικών οργάνων,T
T29,Θερμικά και χημικά εγκαύματα σε πολλαπλές περιοχές του σώματος,T
T29.0,"Θερμικά εγκαύματα πολλαπλών περιοχών του σώματος, μη καθορισμένου βαθμού",T
T29.1,"Θερμικά εγκαύματα πολλαπλών περιοχών του σώματος, χωρίς να αναφέρεται ότι υπερβαίνουν τον πρώτο βαθμό",T
T29.2,"Θερμικά εγκαύματα πολλαπλών περιοχών του σώματος, χωρίς να αναφέρεται ότι υπερβαίνουν το δεύτερο βαθμό",T
T29.3,"Θερμικά εγκαύματα πολλαπλών περιοχών του σώματος, όπου αναφέρεται ότι τουλάχιστον ένα έγκαυμα είναι τρίτου βαθμού",T
T29.4,"Χημικά εγκαύματα πολλαπλών περιοχών του σώματος, μη καθορισμένου βαθμού",T
T29.5,"Χημικά εγκαύματα πολλαπλών περιοχών του σώματος, χωρίς να αναφέρεται ότι υπερβαίνουν τον πρώτο βαθμό",T
T29.6,"Χημικά εγκαύματα πολλαπλών περιοχών του σώματος, χωρίς να αναφέρεται ότι υπερβαίνουν το δεύτερο βαθμό",T
T29.7,"Χημικά εγκαύματα πολλαπλών περιοχών του σώματος, όπου αναφέρεται ότι τουλάχιστον ένα χημικό έγκαυμα είναι τρίτου βαθμού",T
T30,"Θερμικό και χημικό έγκαυμα, περιοχή του σώματος μη καθορισμένη",T
T30.0,"Θερμικό έγκαυμα μη καθορισμένης περιοχής του σώματος, μη καθορισμένου βαθμού",T
T30.1,"Θερμικό έγκαυμα πρώτου βαθμού, μη καθορισμένης περιοχής του σώματος",T
T30.2,"Θερμικό έγκαυμα δεύτερου βαθμού, μη καθορισμένης περιοχής του σώματος",T
T30.3,"Θερμικό έγκαυμα τρίτου βαθμού, μη καθορισμένης περιοχής του σώματος",T
T30.4,"Χημικό έγκαυμα μη καθορισμένης περιοχής του σώματος, μη καθορισμένου βαθμού",T
T30.5,"Χημικό έγκαυμα πρώτου βαθμού, μη καθορισμένης περιοχής του σώματος",T
T30.6,"Χημικό έγκαυμα δευτέρου βαθμού, μη καθορισμένης περιοχής του σώματος",T
T30.7,"Χημικό έγκαυμα τρίτου βαθμού, μη καθορισμένης περιοχής του σώματος",T
T31,Θερμικά εγκαύματα που ταξινομούνται σύμφωνα με την έκταση της επιφάνειας του σώματος που καταλαμβάνουν,T
T31.0,Θερμικά εγκαύματα που καταλαμβάνουν λιγότερο από το 10% της επιφάνειας σώματος,T
T31.1,Θερμικά εγκαύματα που καταλαμβάνουν 10 - 19% της επιφάνειας σώματος,T
T31.2,Θερμικά εγκαύματα που καταλαμβάνουν 20 - 29% της επιφάνειας σώματος,T
T31.3,Θερμικά εγκαύματα που καταλαμβάνουν 30 - 39% της επιφάνειας σώματος,T
T31.4,Θερμικά εγκαύματα που καταλαμβάνουν 40 - 49% της επιφάνειας σώματος,T
T31.5,Θερμικά εγκαύματα που καταλαμβάνουν 50 - 59% της επιφάνειας σώματος,T
T31.6,Θερμικά εγκαύματα που καταλαμβάνουν 60 - 69% της επιφάνειας σώματος,T
T31.7,Θερμικά εγκαύματα που καταλαμβάνουν 70 - 79% της επιφάνειας σώματος,T
T31.8,Θερμικά εγκαύματα που καταλαμβάνουν 80 - 89% της επιφάνειας σώματος,T
T31.9,Θερμικά εγκαύματα που καταλαμβάνουν το 90% ή περισσότερο της επιφάνειας σώματος,T
T32,Χημικά εγκαύματα που ταξινομούνται σύμφωνα με την έκταση της επιφάνειας του σώματος που καταλαμβάνουν,T
T32.0,Χημικά εγκαύματα που καταλαμβάνουν λιγότερο από το 10% της επιφάνειας σώματος,T
T32.1,Χημικά εγκαύματα που καταλαμβάνουν 10 - 19% της επιφάνειας σώματος,T
T32.2,Χημικά εγκαύματα που καταλαμβάνουν 20 - 29% της επιφάνειας σώματος,T
T32.3,Χημικά εγκαύματα που καταλαμβάνουν 30 - 39% της επιφάνειας σώματος,T
T32.4,Χημικά εγκαύματα που καταλαμβάνουν 40 - 49% της επιφάνειας σώματος,T
T32.5,Χημικά εγκαύματα που καταλαμβάνουν 50 - 59% της επιφάνειας σώματος,T
T32.6,Χημικά εγκαύματα που καταλαμβάνουν 60 - 69% της επιφάνειας σώματος,T
T32.7,Χημικά εγκαύματα που καταλαμβάνουν 70 - 79% της επιφάνειας σώματος,T
T32.8,Χημικά εγκαύματα που καταλαμβάνουν 80 - 89% της επιφάνειας σώματος,T
T32.9,Χημικά εγκαύματα που καταλαμβάνουν το 90% ή περισσότερο της επιφάνειας σώματος,T
T33,Επιπολής κρυοπάγημα,T
T33.0,Επιπολής κρυοπάγημα της κεφαλής,T
T33.1,Επιπολής κρυοπάγημα του τραχήλου,T
T33.2,Επιπολής κρυοπάγημα του θώρακα,T
T33.3,"Επιπολής κρυοπάγημα του κοιλιακού τοιχώματος, του κατώτερου τμήματος της ράχης και της πυέλου",T
T33.4,Επιπολής κρυοπάγημα του άνω άκρου,T
T33.5,Επιπολής κρυοπάγημα του καρπού και της άκρας χείρας,T
T33.6,Επιπολής κρυοπάγημα του ισχίου και του μηρού,T
T33.7,Επιπολής κρυοπάγημα του γόνατος και της κνήμης,T
T33.8,Επιπολής κρυοπάγημα της ποδοκνημικής και του άκρου πόδα,T
T33.9,Επιπολής κρυοπάγημα άλλων και μη καθορισμένων εντοπίσεων,T
T34,Κρυοπάγημα με νέκρωση ιστού,T
T34.0,Κρυοπάγημα της κεφαλής με νέκρωση ιστού,T
T34.1,Κρυοπάγημα του τραχήλου με νέκρωση ιστού,T
T34.2,Κρυοπάγημα του θώρακα με νέκρωση ιστού,T
T34.3,"Κρυοπάγημα του κοιλιακού τοιχώματος, του κατώτερου τμήματος της ράχης και της πυέλου με νέκρωση ιστού",T
T34.4,Κρυοπάγημα του άνω άκρου με νέκρωση ιστού,T
T34.5,Κρυοπάγημα του καρπού και της άκρας χείρας με νέκρωση ιστού,T
T34.6,Κρυοπάγημα του ισχίου και του μηρού με νέκρωση ιστού,T
T34.7,Κρυοπάγημα του γόνατος και της κνήμης με νέκρωση ιστού,T
T34.8,Κρυοπάγημα της ποδοκνημικής και του άκρου πόδα με νέκρωση ιστού,T
T34.9,Κρυοπάγημα με νέκρωση ιστού άλλων και μη καθορισμένων εντοπίσεων,T
T35,Κρυοπάγημα που αφορά πολλαπλές περιοχές του σώματος και μη καθορισμένο κρυοπάγημα,T
T35.0,Επιπολής κρυοπάγημα που αφορά πολλαπλές περιοχές του σώματος,T
T35.1,Κρυοπάγημα με νέκρωση ιστού που αφορά πολλαπλές περιοχές του σώματος,T
T35.2,Μη καθορισμένο κρυοπάγημα της κεφαλής και του τραχήλου,T
T35.3,"Μη καθορισμένο κρυοπάγημα του θώρακα, της κοιλιακής χώρας, του κατώτερου τμήματος της ράχης και της πυέλου",T
T35.4,Μη καθορισμένο κρυοπάγημα του άνω άκρου,T
T35.5,Μη καθορισμένο κρυοπάγημα του κάτω άκρου,T
T35.6,Μη καθορισμένο κρυοπάγημα που αφορά πολλαπλές περιοχές του σώματος,T
T35.7,Μη καθορισμένο κρυοπάγημα μη καθορισμένης εντόπισης,T
T36,Δηλητηρίαση από αντιβιοτικά συστηματικής χορήγησης,T
T36.0,Πενικιλίνες,T
T36.1,Κεφαλοσπορίνες και άλλα αντιβιοτικά της β-λακτάμης,T
T36.2,Ομάδα της χλωραμφαινικόλης,T
T36.3,Μακρολίδια,T
T36.4,Τετρακυκλίνες,T
T36.5,Αμινογλυκοσίδες,T
T36.6,Ριφαμυκίνες,T
T36.7,"Αντιμυκητιασικά, συστηματικής χρήσης",T
T36.8,Άλλα αντιβιοτικά συστηματικής χορήγησης,T
T36.9,"Αντιβιοτικό συστηματικής χορήγησης, μη καθορισμένο",T
T37,Δηλητηρίαση από άλλα αντιμικροβιακά και αντιπαρασιτικά συστηματικής χορήγησης,T
T37.0,Σουλφοναμίδες,T
T37.1,Αντιμυκοβακτηριδιακά φάρμακα,T
T37.2,Ανθελονοσιακά και φάρμακα που δρουν σε άλλα πρωτόζωα του αίματος,T
T37.3,Άλλα αντιπρωτοζωϊκά φάρμακα,T
T37.4,Ανθελμινθικά φάρμακα,T
T37.5,Αντιϊκά φάρμακα,T
T37.8,Άλλα καθορισμένα αντιλοιμώδη και αντιπαρασιτικά συστηματικής χορήγησης,T
T37.9,"Αντιλοιμώδες και αντιπαρασιτικό  συστηματικής χορήγησης, μη καθορισμένο",T
T38,"Δηλητηρίαση από ορμόνες και τα συνθετικά υποκατάστατά τους και ανταγωνιστές τους, που δεν ταξινομούνται αλλού",T
T38.0,Γλυκοκορτικοειδή και συνθετικά ανάλογα,T
T38.1,Θυρεοειδικές ορμόνες και υποκατάστατα,T
T38.2,Αντιθυρεοειδικά φάρμακα,T
T38.3,Ινσουλίνη και από του στόματος υπογλυκαιμικά [αντιδιαβητικά] φάρμακα,T
T38.4,Από του στόματος αντισυλληπτικά,T
T38.5,Άλλα οιστρογόνα και προγεσταγόνα,T
T38.6,"Αντιγοναδοτροφίνες, αντιοιστρογόνα, αντιανδρογόνα, που δεν ταξινομούνται αλλού",T
T38.7,Ανδρογόνα και αναβολικά ανάλογα,T
T38.8,Άλλες και μη καθορισμένες ορμόνες και τα συνθετικά τους υποκατάστατα,T
T38.9,Άλλοι και μη καθορισμένοι ορμονικοί ανταγωνιστές,T
T39,"Δηλητηρίαση από μη οπιοειδή αναλγητικά, αντιπυρετικά και αντιρευματικά",T
T39.0,Σαλικυλικά,T
T39.1,Παράγωγα της 4-αμινοφαινόλης,T
T39.2,Παράγωγα της πυραζολόνης,T
T39.3,Άλλα μη στεροειδή αντιφλεγμονώδη φάρμακα [ΜΣΑΦ],T
T39.4,"Αντιρευματικά, που δεν ταξινομούνται αλλού",T
T39.8,"Άλλα μη οπιοειδή αναλγητικά και αντιπυρετικά, που δεν ταξινομούνται αλλού",T
T39.9,"Μη οπιοειδές αναλγητικό, αντιπυρετικό και αντιρευματικό, μη καθορισμένο",T
T40,Δηλητηρίαση από ναρκωτικά και ψυχοδυσληπτικά [ψευδαισθησιογόνα],T
T40.0,Όπιο,T
T40.1,Ηρωίνη,T
T40.2,Άλλα οπιοειδή,T
T40.3,Μεθαδόνη,T
T40.4,Άλλα συνθετικά ναρκωτικά,T
T40.5,Κοκαΐνη,T
T40.6,Άλλα και μη καθορισμένα ναρκωτικά,T
T40.7,Κάνναβη (παράγωγα),T
T40.8,Διαιθυλαμίδιο του λυσεργικού οξέος [LSD],T
T40.9,Άλλα και μη καθορισμένα ψυχοδυσληπτικά [ψευδαισθησιογόνα],T
T41,Δηλητηρίαση από αναισθητικά και θεραπευτικά αέρια,T
T41.0,Εισπνεόμενα αναισθητικά,T
T41.1,Ενδοφλέβια αναισθητικά,T
T41.2,Άλλα και μη καθορισμένα γενικά αναισθητικά,T
T41.3,Τοπικά αναισθητικά,T
T41.4,"Αναισθητικά, μη καθορισμένα",T
T41.5,Θεραπευτικά αέρια,T
T42,"Δηλητηρίαση από αντιεπιληπτικά, καταπραϋντικά-υπνωτικά και αντιπαρκινσονικά φάρμακα",T
T42.0,Παράγωγα της υδαντοΐνης,T
T42.1,Ιμινοστιβένες,T
T42.2,Σουκκινιμίδες και οξαζολιδινεδιόνες,T
T42.3,Βαρβιτουρικά,T
T42.4,Βενζοδιαζεπίνες,T
T42.5,"Μικτά αντιεπιληπτικά, που δεν ταξινομούνται αλλού",T
T42.6,Άλλα αντιεπιληπτικά και ηρεμιστικά-υπνωτικά φάρμακα,T
T42.7,"Αντιεπιληπτικά και καταπραϋντικά-υπνωτικά φάρμακα, μη καθορισμένα",T
T42.8,Αντιπαρκινσονικά και άλλα κατασταλτικά του κεντρικού μυϊκού τόνου,T
T43,"Δηλητηρίαση από ψυχοτρόπα φάρμακα, που δεν ταξινομούνται αλλού",T
T43.0,Τρικυκλικά και τετρακυκλικά αντικαταθλιπτικά,T
T43.1,Αντικαταθλιπτικά της ομάδας των αναστολέων της μονοαμινοξειδάσης (ΜΑΟ),T
T43.2,Άλλα και μη καθορισμένα αντικαταθλιπτικά,T
T43.3,Αντιψυχωσικά και νευροληπτικά της ομάδας των φαινοθειαζινών,T
T43.4,Νευροληπτικά της ομάδας της βουτυροφαινόνης και της θειοξανθένης,T
T43.5,Άλλα και μη καθορισμένα αντιψυχωσικά και νευροληπτικά,T
T43.6,Ψυχοδιεγερτικά με πιθανότητα κατάχρησης,T
T43.8,"Άλλα ψυχοτρόπα φάρμακα, που δεν ταξινομούνται αλλού",T
T43.9,"Ψυχοτρόπο φάρμακο, μη καθορισμένο",T
T44,Δηλητηρίαση από φάρμακα τα οποία δρουν κυρίως στο αυτόνομο νευρικό σύστημα,T
T44.0,Αντιχολινεστερασικοί παράγοντες,T
T44.1,Άλλα παρασυμπαθητικομιμητικά [χολινεργικά],T
T44.2,"Γαγγλιοπληγικά φάρμακα, που δεν ταξινομούνται αλλού",T
T44.3,"Άλλα παρασυμπαθητικολυτικά [αντιχολινεργικά και αντιμουσκαρινικά] και σπασμολυτικά, που δεν ταξινομούνται αλλού",T
T44.4,"Οι κυρίως αγωνιστές των άλφα-αδρενεργικών υποδοχέων, που δεν ταξινομούνται αλλού",T
T44.5,"Οι κυρίως αγωνιστές των βήτα-αδρενεργικών υποδοχέων, που δεν ταξινομούνται αλλού",T
T44.6,"Ανταγωνιστές των α-αδρενεργικών υποδοχέων, που δεν ταξινομούνται αλλού",T
T44.7,"Ανταγωνιστές των β-αδρενεργικών υποδοχέων, που δεν ταξινομούνται αλλού",T
T44.8,"Κεντρικής δράσης και αδρενεργικοί –νευρωνικοί-αποκλειστές, που δεν ταξινομούνται αλλού",T
T44.9,Άλλα και μη καθορισμένα φάρμακα που δρουν κυρίως στο αυτόνομο νευρικό σύστημα,T
T45,"Δηλητηρίαση από κυρίως συστηματικούς και αιματολογικούς παράγοντες, που δεν ταξινομούνται αλλού",T
T45.0,Αντιαλλεργικά και αντιεμετικά φάρμακα,T
T45.1,Αντινεοπλασματικά και ανοσοκατασταλτικά φάρμακα,T
T45.2,"Βιταμίνες, που δεν ταξινομούνται αλλού",T
T45.3,"Ένζυμα, που δεν ταξινομούνται αλλού",T
T45.4,Σίδηρος και ενώσεις του,T
T45.5,Αντιπηκτικά,T
T45.6,Φάρμακα που επηρεάζουν την ινωδόλυση,T
T45.7,"Ανταγωνιστές των αντιπηκτικών, βιταμίνη Κ και άλλοι παράγοντες της πήξης",T
T45.8,Άλλοι κυρίως συστηματικοί και αιματολογικοί παράγοντες,T
T45.9,"Κυρίως συστηματικός και αιματολογικός παράγοντας, μη καθορισμένος",T
T46,Δηλητηρίαση από παράγοντες που δρουν κυρίως στο καρδιαγγειακό σύστημα,T
T46.0,Καρδιοτονωτικές γλυκοσίδες και φάρμακα με παρόμοια δράση,T
T46.1,Αποκλειστές των διαύλων ασβεστίου,T
T46.2,"Άλλα αντιαρρυθμικά φάρμακα, που δεν ταξινομούνται αλλού",T
T46.3,"Στεφανιαία αγγειοδιασταλτικά, που δεν ταξινομούνται αλλού",T
T46.4,Αναστολείς του μετατρεπτικού ενζύμου της αγγειοτασίνης,T
T46.5,"Άλλα αντιυπερταστικά φάρμακα, που δεν ταξινομούνται αλλού",T
T46.6,Αντιυπερλιπιδαιμικά και αντιαθηροσκληρωτικά φάρμακα,T
T46.7,Περιφερικά αγγειοδιασταλτικά,T
T46.8,"Φάρμακα κατά των κιρσών, συμπεριλαμβανομένων των σκληρωτικών παραγόντων",T
T46.9,Άλλοι και μη καθορισμένοι παράγοντες που δρουν κυρίως στο καρδιαγγειακό σύστημα,T
T47,Δηλητηρίαση από παράγοντες που δρουν  κυρίως στο γαστρεντερικό σύστημα,T
T47.0,Ανταγωνιστές των Η2-υποδοχέων της ισταμίνης,T
T47.1,Άλλα αντιόξινα και κατασταλτικά της γαστρικής έκκρισης,T
T47.2,Διεγερτικά υπακτικά,T
T47.3,Αλατούχα και ωσμωτικά υπακτικά,T
T47.4,Άλλα υπακτικά,T
T47.5,Φάρμακα που διευκολύνουν την πέψη,T
T47.6,Αντιδιαρροϊκά φάρμακα,T
T47.7,Εμετικοί παράγοντες,T
T47.8,Άλλοι παράγοντες που δρουν  κυρίως στο γαστρεντερικό σύστημα,T
T47.9,"Παράγοντας που δρα  κυρίως στο γαστερεντερικό σύστημα, μη καθορισμένος",T
T48,Δηλητηρίαση από παράγοντες που δρουν κυρίως στους λείους και τους σκελετικούς μύες και στο αναπνευστικό σύστημα,T
T48.0,Ωκυτοκικά φάρμακα,T
T48.1,Χαλαρωτικά των σκελετικών μυών [παράγοντες νευρομυϊκού αποκλεισμού],T
T48.2,Άλλοι και μη καθορισμένοι παράγοντες που δρουν κυρίως στους μύες,T
T48.3,Αντιβηχικά,T
T48.4,Αποχρεμπτικά,T
T48.5,Φάρμακα κατά του κοινού κρυολογήματος,T
T48.6,"Αντιασθματικά, που δεν ταξινομούνται αλλού",T
T48.7,Άλλοι και μη καθορισμένοι παράγοντες που δρουν κυρίως στο αναπνευστικό σύστημα,T
T49,"Δηλητηρίαση από τοπικούς παράγοντες που δρουν κυρίως στο δέρμα και τους βλεννογόνους και από οφθαλμολογικά, ωτορινολαρυγγολογικά και οδοντιατρικά φάρμακα",T
T49.0,"Τοπικά αντιμυκητιασικά, αντιλοιμώδη και αντιφλεγμονώδη φάρμακα, που δεν ταξινομούνται αλλού",T
T49.1,Αντικνησμώδη,T
T49.2,Τοπικά στυπτικά και τοπικά απορρυπαντικά,T
T49.3,"Μαλακτικά, αντιερεθιστικά και προστατευτικά",T
T49.4,"Κερατολυτικά, κερατοπλαστικά και άλλα φάρμακα και σκευάσματα για τη θεραπεία των μαλλιών",T
T49.5,Οφθαλμολογικά φάρμακα και σκευάσματα,T
T49.6,Ωτορινολαρυγγολικά φάρμακα και σκευάσματα,T
T49.7,"Οδοντιατρικά φάρμακα, τοπικής εφαρμογής",T
T49.8,Άλλοι παράγοντες τοπικής χρήσης,T
T49.9,"Τοπικός παράγοντας, μη καθορισμένος",T
T50,"Δηλητηρίαση από διουρητικά και από άλλα και μη καθορισμένα φάρμακα, φαρμακευτικές και βιολογικές ουσίες",T
T50.0,Αλατοκορτικοειδή και οι ανταγωνιστές τους,T
T50.1,Διουρητικά της αγκύλης [υψηλής οροφής],T
T50.2,"Αναστολείς της καρβονικής ανυδράσης, θειαζίδες και άλλα διουρητικά",T
T50.3,"Ηλεκτρολυτικοί, θερμιδικοί και παράγοντες που έχουν σχέση με τη ρύθμιση του ισοζυγίου ύδατος",T
T50.4,Φάρμακα που επηρεάζουν το μεταβολισμό του ουρικού οξέος,T
T50.5,Κατασταλτικά της όρεξης,T
T50.6,"Αντίδοτα και χηλικοί παράγοντες, που δεν ταξινομούνται αλλού",T
T50.7,Αναληπτικά φάρμακα και ανταγωνιστές των οπιοειδών υποδοχέων,T
T50.8,Διαγνωστικοί παράγοντες,T
T50.9,"Άλλα και μη καθορισμένα φάρμακα, φαρμακευτικές και βιολογικές ουσίες",T
T51,Τοξική επίδραση αλκοόλης,T
T51.0,Αιθανόλη,T
T51.1,Μεθανόλη,T
T51.2,2-προπανόλη,T
T51.3,Ζυμέλαιο,T
T51.8,Άλλες αλκοόλες,T
T51.9,"Αλκοόλη, μη καθορισμένη",T
T52,Τοξικές επιδράσεις από οργανικούς διαλύτες,T
T52.0,Παράγωγα του πετρελαίου,T
T52.1,Βενζόλιο,T
T52.2,Ομόλογα του βενζόλιου,T
T52.3,Γλυκόλες,T
T52.4,Κετόνες,T
T52.8,Άλλοι οργανικοί διαλύτες,T
T52.9,"Οργανικός διαλύτης, μη καθορισμένος",T
T53,Τοξικές επιδράσεις των αλογονοπαράγωγων των αλειφατικών και αρωματικών υδρογονανθράκων,T
T53.0,Τετραχλωράνθρακας,T
T53.1,Χλωροφόρμιο,T
T53.2,Τριχλωροαιθυλένιο,T
T53.3,Τετραχλωροαιθυλένιο,T
T53.4,Διχλωρομεθάνιο,T
T53.5,Χλωροφοράνθρακες,T
T53.6,Άλλα αλογονοπαράγωγα των αλειφατικών υδρογονανθράκων,T
T53.7,Άλλα αλογονοπαράγωγα των αρωματικών υδρογονανθράκων,T
T53.9,"Αλογονοπαράγωγο αλειφατικών και αρωματικών υδρογονανθράκων, μη καθορισμένο",T
T54,Τοξικές επιδράσεις διαβρωτικών ουσιών,T
T54.0,Φαινόλες και ομόλογά τους,T
T54.1,Άλλες διαβρωτικές οργανικές ενώσεις,T
T54.2,Διαβρωτικά οξέα και παρόμοιες ουσίες,T
T54.3,Διαβρωτικά αλκάλια και παρόμοιες ουσίες,T
T54.9,"Διαβρωτική ουσία, μη καθορισμένη",T
T55,Τοξικές επιδράσεις σαπώνων και απορρυπαντικών ουσιών,T
T56,Τοξικές επιδράσεις μετάλλων,T
T56.0,Μόλυβδος και οι ενώσεις του,T
T56.1,Υδράργυρος και οι ενώσεις του,T
T56.2,Χρώμιο και οι ενώσεις του,T
T56.3,Κάδμιο και οι ενώσεις του,T
T56.4,Χαλκός και οι ενώσεις του,T
T56.5,Ψευδάργυρος και οι ενώσεις του,T
T56.6,Κασσίτερος και οι ενώσεις του,T
T56.7,Βηρύλλιο και οι ενώσεις του,T
T56.8,Άλλα μέταλλα,T
T56.9,"Μέταλλο, μη καθορισμένο",T
T57,Τοξική επίδραση από άλλες ανόργανες ουσίες,T
T57.0,Αρσενικό και οι ενώσεις του,T
T57.1,Φώσφορος και οι ενώσεις του,T
T57.2,Μαγγάνιο και οι ενώσεις του,T
T57.3,Υδροκυάνιο,T
T57.8,Άλλες καθορισμένες ανόργανες ουσίες,T
T57.9,"Ανόργανη ουσία, μη καθορισμένη",T
T58,Τοξικές επιδράσεις μονοξειδίου του άνθρακα,T
T59,"Τοξικές επιδράσεις άλλων αερίων, αναθυμιάσεων και ατμών",T
T59.0,Οξείδια του αζώτου,T
T59.1,Διοξείδιο του θείου,T
T59.2,Φορμαλδεΰδη,T
T59.3,Δακρυγόνα αέρια,T
T59.4,Αέρια χλωρίνη,T
T59.5,Αέριο φθόριο και υδροφθόριο,T
T59.6,Υδρόθειο,T
T59.7,Διοξείδιο του άνθρακα,T
T59.8,"Άλλα καθορισμένα αέρια, αναθυμιάσεις και ατμοί",T
T59.9,"Αέρια, αναθυμιάσεις και ατμοί, μη καθορισμένα",T
T60,Τοξικές επιδράσεις παρασιτοκτόνων,T
T60.0,Οργανοφωσφορικά και καρβαμιδικά εντομοκτόνα,T
T60.1,Αλογονωμένα εντομοκτόνα,T
T60.2,Άλλα εντομοκτόνα,T
T60.3,Ζιζανιοκτόνα και μυκητοκτόνα,T
T60.4,Μυοκτόνα,T
T60.8,Άλλα παρασιτοκτόνα,T
T60.9,"Παρασιτοκτόνο, μη καθορισμένο",T
T61,Τοξική επίδραση βλαπτικών ουσιών που τρώγονται με τα βρώσιμα θαλασσινά,T
T61.0,Ιχθυογενής τροφική δηλητηρίαση από σιγκουατοξίνη,T
T61.1,Ιχθυογενής τροφική δηλητηρίαση από σκομβροτοξίνη,T
T61.2,Άλλες δηλητηριάσεις από ψάρια και οστρακοειδή,T
T61.8,Τοξική επίδραση άλλων βρώσιμων θαλασσινών,T
T61.9,Τοξική επίδραση άλλων μη καθορισμένων βρώσιμων θαλασσινών,T
T62,Τοξική επίδραση άλλων βλαπτικών ουσιών που τρώγονται με το φαγητό,T
T62.0,Βρώση μανιταριών,T
T62.1,Βρώση μούρων,T
T62.2,Βρώση άλλου(ων) φυτού(ών) ή τμημάτων τους,T
T62.8,Άλλες καθορισμένες βλαπτικές ουσίες που τρώγονται με το φαγητό,T
T62.9,"Βλαπτική ουσία που τρώγεται με το φαγητό, μη καθορισμένη",T
T63,Τοξική επίδραση από επαφή με δηλητηριώδη ζώα,T
T63.0,Δηλητήριο φιδιού,T
T63.1,Δηλητήριο άλλων ερπετών,T
T63.2,Δηλητήριο σκορπιού,T
T63.3,Δηλητήριο αράχνης,T
T63.4,Δηλητήριο άλλων αρθρόποδων,T
T63.5,Τοξική επίδραση από επαφή με ψάρια,T
T63.6,Τοξική επίδραση από επαφή με άλλα θαλάσσια ζώα,T
T63.8,Τοξική επίδραση από επαφή με άλλα δηλητηριώδη ζώα,T
T63.9,Τοξική επίδραση από επαφή με μη καθορισμένο δηλητηριώδες ζώο,T
T64,Τοξική επίδραση από αφλατοξίνη και άλλες μυκοτοξίνες που έχουν μολύνει τις τροφές,T
T65,Τοξική επίδραση από άλλες και μη καθορισμένες ουσίες,T
T65.0,Κυανιούχες ενώσεις,T
T65.1,Στρυχνίνη και άλατα αυτής,T
T65.2,Καπνός και νικοτίνη,T
T65.3,"Παράγωγα αζώτου, και αμινοπαράγωγα του βενζόλιου και των ομολόγων του",T
T65.4,Διθειούχος άνθρακας,T
T65.5,Νιτρογλυκερίνη και άλλα νιτρικά οξέα και εστέρες,T
T65.6,"Βαφές και χρωστικές, που δεν ταξινομούνται αλλού",T
T65.8,Τοξική επίδραση από άλλες καθορισμένες ουσιών,T
T65.9,Τοξική επίδραση από μη καθορισμένη ουσία,T
T66,Μη καθορισμένες επιδράσεις ακτινοβολίας,T
T67,Επιδράσεις της θερμότητας και του φωτός,T
T67.0,Θερμοπληξία και ηλίαση,T
T67.1,Θερμική συγκοπή,T
T67.2,Θερμική κράμπα,T
T67.3,"Θερμική εξάντληση, ανυδρωτική",T
T67.4,Θερμική εξάντληση που οφείλεται σε μείωση αποθεμάτων άλατος,T
T67.5,"Θερμική εξάντληση, μη καθορισμένη",T
T67.6,"Θερμική κόπωση, παροδική",T
T67.7,Θερμικό οίδημα,T
T67.8,Άλλες επιδράσεις της θερμότητας και του φωτός,T
T67.9,"Επίδραση της θερμότητας και του φωτός, μη καθορισμένη",T
T68,Υποθερμία,T
T69,Άλλες επιδράσεις χαμηλής θερμοκρασίας,T
T69.0,Διαβροχή της άκρας χείρας και του άκρου πόδα,T
T69.1,Χιονίστρες (χείμετλα),T
T69.8,Άλλες καθορισμένες επιδράσεις της χαμηλής θερμοκρασίας,T
T69.9,"Επίδραση της χαμηλής θερμοκρασίας, μη καθορισμένη",T
T70,Επιδράσεις της πίεσης του αέρα και του νερού,T
T70.0,Ωτική βλάβη που οφείλεται σε αύξηση της πίεσης,T
T70.1,Βλάβη κόλπου [παραρρίνιου] που οφείλεται σε μεταβολή της πίεσης,T
T70.2,Άλλες και μη καθορισμένες επιδράσεις του μεγάλου υψόμετρου,T
T70.3,Νόσος του Caisson [νόσος της αποσυμπίεσης ],T
T70.4,Επιδράσεις των υγρών με υψηλή πίεση,T
T70.8,Άλλες επιδράσεις από υψηλή πίεση αέρα και νερού,T
T70.9,"Επίδραση από υψηλή πίεση αέρα και νερού, μη καθορισμένη",T
T71,Ασφυξία,T
T73,Επιδράσεις από άλλες μορφές στέρησης,T
T73.0,Επιδράσεις της πείνας,T
T73.1,Επιδράσεις της δίψας,T
T73.2,Εξάντληση που οφείλεται σε έκθεση,T
T73.3,Εξάντληση που οφείλεται σε υπερβολική προσπάθεια,T
T73.8,Άλλες επιδράσεις στέρησης,T
T73.9,"Επίδραση της στέρησης, μη καθορισμένη",T
T74,Σύνδρομα κακοποίησης,T
T74.0,Παραμέληση ή εγκατάλειψη,T
T74.1,Σωματική κακοποίηση,T
T74.2,Σεξουαλική κακοποίηση,T
T74.3,Ψυχολογική κακοποίηση,T
T74.8,Άλλα σύνδρομα κακοποίησης,T
T74.9,"Σύνδρομο κακοποίησης, μη καθορισμένο",T
T75,Επιδράσεις άλλων εξωτερικών αιτιών,T
T75.0,Επιδράσεις κεραυνού,T
T75.1,Πνιγμός και μη θανατηφόρος εμβύθιση,T
T75.2,Επίδραση των δονήσεων,T
T75.3,Νόσος από μετακινήσεις,T
T75.4,Επιδράσεις του ηλεκτρικού ρεύματος,T
T75.8,Άλλες καθορισμένες επιδράσεις εξωτερικών αιτιών,T
T78,"Ανεπιθύμητες ενέργειες, που δεν ταξινομούνται αλλού",T
T78.0,"Αναφυλακτικό shock, που οφείλεται σε ανεπιθύμητη αντίδραση σε τροφή",T
T78.1,"Άλλες ανεπιθύμητες αντιδράσεις σε τροφή, που δεν ταξινομούνται αλλού",T
T78.2,"Αναφυλακτικό  shock, μη καθορισμένο",T
T78.3,Αγγειονευρωτικό οίδημα,T
T78.4,"Αλλεργία, μη καθορισμένη",T
T78.8,Άλλες ανεπιθύμητες ενέργειες που δεν ταξινομούνται αλλού,T
T78.9,"Ανεπιθύμητη ενέργεια, μη καθορισμένη",T
T79,"Ορισμένες πρώιμες επιπλοκές του τραύματος, που δεν ταξινομούνται αλλού",T
T79.0,Εμβολή αέρα (τραυματική),T
T79.1,Λιπώδης εμβολή (τραυματική),T
T79.2,Τραυματική δευτεροπαθής και υποτροπιάζουσα αιμορραγία,T
T79.3,"Μετατραυματική μόλυνση του τραύματος, που δεν ταξινομείται αλλού",T
T79.4,Τραυματικό shock,T
T79.5,Τραυματική ανουρία,T
T79.6,Τραυματική ισχαιμία μυός,T
T79.7,Τραυματικό υποδόριο εμφύσημα,T
T79.8,Άλλες πρώιμες επιπλοκές του τραύματος,T
T79.9,Μη καθορισμένη πρώιμη επιπλοκή τραύματος,T
T80,"Επιπλοκές μετά από έγχυση, μετάγγιση και θεραπευτική ένεση",T
T80.0,"Εμβολή από αέρα μετά από έγχυση, μετάγγιση και θεραπευτική ένεση",T
T80.1,"Αγγειακές επιπλοκές μετά από έγχυση, μετάγγιση και θεραπευτική ένεση",T
T80.2,"Λοιμώξεις μετά από έγχυση, μετάγγιση και θεραπευτική ένεση",T
T80.3,Αντίδραση ασυμβατότητας του συστήματος ΑΒΟ,T
T80.4,Αντίδραση ασυμβατότητας παράγοντα Rh,T
T80.5,Αναφυλακτικό shock που οφείλεται σε ορό,T
T80.6,Άλλες αντιδράσεις στη χορήγηση ορού,T
T80.8,"Άλλες επιπλοκές μετά από έγχυση, μετάγγιση και θεραπευτική ένεση",T
T80.9,"Μη καθορισμένη επιπλοκή μετά από έγχυση, μετάγγιση και θεραπευτική ένεση",T
T81,"Επιπλοκές ιατρικών επεμβάσεων, που δεν ταξινομούνται αλλού",T
T81.0,"Αιμορραγία και αιμάτωμα που επιπλέκουν ιατρική επέμβαση, που δεν ταξινομούνται αλλού",T
T81.1,"Καταπληξία (shock) που συμβαίνει κατά τη διάρκεια ή προέρχεται από ιατρική επέμβαση, που δεν ταξινομείται αλλού",T
T81.2,"Τυχαία παρακέντηση και διάσχιση κατά τη διάρκεια ιατρικής επέμβασης, που δεν ταξινομούνται αλλού",T
T81.3,"Διάσπαση χειρουργικού τραύματος, που δεν ταξινομείται αλλού",T
T81.4,"Μόλυνση μετά από ιατρική επέμβαση, που δεν ταξινομείται αλλού",T
T81.5,Ξένο σώμα που εγκαταλείφθηκε τυχαία σε σωματική κοιλότητα ή σε χειρουργικό τραύμα μετά από επέμβαση,T
T81.6,Οξεία αντίδραση σε ξένη ουσία η οποία εγκαταλείφθηκε τυχαία στη διάρκεια επέμβασης,T
T81.7,"Αγγειακές επιπλοκές μετά από ιατρική επέμβαση, που δεν ταξινομούνται αλλού",T
T81.8,"Άλλες επιπλοκές επεμβάσεων, που δεν ταξινομούνται αλλού",T
T81.9,Μη καθορισμένη επιπλοκή επέμβασης,T
T82,"Επιπλοκές από καρδιακές και αγγειακές προσθετικές συσκευές, εμφυτεύματα και μοσχεύματα",T
T82.0,Μηχανική επιπλοκή προσθετικής βαλβίδας της καρδιάς,T
T82.1,Μηχανική επιπλοκή καρδιακής ηλεκτρονικής συσκευής,T
T82.2,Μηχανική επιπλοκή επέμβασης αορτοστεφανιαίας παράκαμψης και βαλβιδικών μοσχευμάτων,T
T82.3,Μηχανική επιπλοκή άλλων αγγειακών μοσχευμάτων,T
T82.4,Μηχανική επιπλοκή αγγειακού καθετήρα αιμοκάθαρσης,T
T82.5,Μηχανική επιπλοκή άλλων καρδιακών και αγγειακών συσκευών και εμφυτευμάτων,T
T82.6,Λοίμωξη και φλεγμονώδης αντίδραση που οφείλεται σε προσθετική καρδιακή βαλβίδα,T
T82.7,"Λοίμωξη και φλεγμονώδης αντίδραση που οφείλεται σε άλλες καρδιακές και αγγειακές συσκευές, εμφυτεύματα και μοσχεύματα",T
T82.8,"Άλλες επιπλοκές καρδιακών και αγγειακών προσθετικών βαλβίδων, εμφυτευμάτων και μοσχευμάτων",T
T82.9,"Μη καθορισμένη επιπλοκή καρδιακής και αγγειακής προσθετικής συσκευής, εμφυτεύματος και μοσχεύματος",T
T83,"Επιπλοκές προσθετικών συσκευών, εμφυτευμάτων και μοσχευμάτων του ουρογεννητικού συστήματος",T
T83.0,Μηχανική επιπλοκή μόνιμου ουροκαθετήρα:,T
T83.1,Μηχανική επιπλοκή άλλων συσκευών και εμφυτευμάτων του ουροποιητικού συστήματος,T
T83.2,Μηχανική επιπλοκή μοσχεύματος οργάνου του ουροποιητικού συστήματος,T
T83.3,Μηχανική επιπλοκή ενδομήτριας αντισυλληπτικής συσκευής,T
T83.4,Μηχανική επιπλοκή άλλων προσθετικών συσκευών εμφυτευμάτων και μοσχευμάτων της γεννητικής οδού,T
T83.5,"Λοίμωξη και φλεγμονώδης αντίδραση που οφείλεται σε προσθετική συσκευή, εμφύτευμα και μόσχευμα στο ουροποιητικό σύστημα",T
T83.6,"Λοίμωξη και φλεγμονώδης αντίδραση που οφείλεται σε προσθετική συσκευή, εμφύτευμα και μόσχευμα στη γεννητική οδό",T
T83.8,"Άλλες επιπλοκές προσθετικών συσκευών, εμφυτευμάτων και μοσχευμάτων του ουρογεννητικού συστήματος",T
T83.9,"Μη καθορισμένη επιπλοκή προσθετικής συσκευής, εμφυτεύματος και μοσχεύματος του ουρογεννητικού συστήματος",T
T84,"Επιπλοκές εσωτερικών ορθοπεδικών προσθετικών συσκευών, εμφυτευμάτων και μοσχευμάτων",T
T84.0,Μηχανική επιπλοκή εσωτερικής αρθρικής πρόθεσης,T
T84.1,Μηχανική επιπλοκή συσκευής εσωτερικής οστεοσύνθεσης των οστών των άκρων,T
T84.2,Μηχανική  επιπλοκή συσκευής εσωτερικής οστεοσύνθεσης άλλων οστών,T
T84.3,"Μηχανική επιπλοκή άλλων οστικών συσκευών, εμφυτευμάτων και μοσχευμάτων",T
T84.4,"Μηχανική επιπλοκή άλλων εσωτερικών ορθοπεδικών συσκευών, εμφυτευμάτων και μοσχευμάτων",T
T84.5,Λοίμωξη και φλεγμονώδης αντίδραση από εσωτερική αρθρική πρόθεση,T
T84.6,Λοίμωξη και φλεγμονώδης αντίδραση από συσκευή εσωτερικής οστεοσύνθεσης [οποιαδήποτε εντόπιση],T
T84.7,"Λοίμωξη και φλεγμονώδης αντίδραση από άλλες εσωτερικές ορθοπεδικές προσθετικές συσκευές, εμφυτεύματα και μοσχεύματα",T
T84.8,"Άλλες επιπλοκές εσωτερικών ορθοπεδικών προσθετικών συσκευών, εμφυτευμάτων και μοσχευμάτων",T
T84.9,"Μη καθορισμένη επιπλοκή εσωτερικής ορθοπεδικής προσθετικής συσκευής, εμφυτεύματος και μοσχεύματος",T
T85,"Επιπλοκές άλλων εσωτερικών προσθετικών συσκευών, εμφυτευμάτων και μοσχευμάτων",T
T85.0,Μηχανική επιπλοκή ενδοκρανιακής κοιλιακής (επικοινωνούσας) αναστόμωσης,T
T85.1,Μηχανική επιπλοκή εμφυτευμένου ηλεκτρονικού διεγέρτη του νευρικού συστήματος,T
T85.2,Μηχανική επιπλοκή ενδοφθάλμιου φακού,T
T85.3,"Μηχανική επιπλοκή άλλων οφθαλμικών προσθετικών συσκευών, εμφυτευμάτων και μοσχευμάτων",T
T85.4,Μηχανική επιπλοκή πρόθεσης και εμφυτεύματος του μαστού,T
T85.5,"Μηχανική επιπλοκή προσθετικών συσκευών, εμφυτευμάτων και μοσχευμάτων του γαστρεντερικού",T
T85.6,"Μηχανική επιπλοκή άλλων καθορισμένων εσωτερικών προσθετικών συσκευών, εμφυτευμάτων και μοσχευμάτων",T
T85.7,"Λοίμωξη και φλεγμονώδης αντίδραση από άλλες εσωτερικές προσθετικές συσκευές, εμφυτεύματα και μοσχεύματα",T
T85.8,"Άλλες επιπλοκές εσωτερικών προσθετικών συσκευών, εμφυτευμάτων και μοσχευμάτων, που δεν ταξινομούνται αλλού",T
T85.9,"Μη καθορισμένη επιπλοκή εσωτερικής προσθετικής συσκευής, εμφυτεύματος και μοσχεύματος",T
T86,Ανεπάρκεια και απόρριψη μεταμοσχευμένων οργάνων και ιστών,T
T86.0,Απόρριψη μοσχεύματος μυελού των οστών,T
T86.1,Ανεπάρκεια και απόρριψη νεφρικού μοσχεύματος,T
T86.2,Ανεπάρκεια και απόρριψη καρδιακού μοσχεύματος,T
T86.3,Ανεπάρκεια και απόρριψη καρδιοπνευμονικού μοσχεύματος,T
T86.4,Ανεπάρκεια και απόρριψη ηπατικού μοσχεύματος,T
T86.8,Ανεπάρκεια και απόρριψη άλλων μεταμοσχευθέντων οργάνων και ιστών,T
T86.9,Ανεπάρκεια και απόρριψη μη καθορισμένου μεταμοσχευμένου οργάνου και ιστού,T
T87,Επιπλοκές ειδικές της επανασυγκόλλησης και του ακρωτηριασμού,T
T87.0,Επιπλοκές από την επανασυγκόλληση του άνω άκρου (τμήματος αυτού),T
T87.1,Επιπλοκές από την επανασυγκόλληση του κάτω άκρου (τμήματος αυτού),T
T87.2,Επιπλοκές από την επανασυγκόλληση άλλου τμήματος του σώματος,T
T87.3,Νεύρωμα του κολοβώματος μετά από ακρωτηριασμό,T
T87.4,Λοίμωξη του κολοβώματος μετά από ακρωτηριασμό,T
T87.5,Νέκρωση του κολοβώματος μετά από ακρωτηριασμό,T
T87.6,Άλλες και μη καθορισμένες επιπλοκές του κολοβώματος μετά από ακρωτηριασμό,T
T88,"Άλλες επιπλοκές χειρουργικής και ιατρικής περίθαλψης, που δεν ταξινομούνται αλλού",T
T88.0,Λοίμωξη μετά από ανοσοποίηση,T
T88.1,"Άλλες επιπλοκές μετά από ανοσοποίηση, που δεν ταξινομούνται αλλού",T
T88.2,Shock που οφείλεται σε αναισθησία,T
T88.3,"Κακοήθης υπερθερμία, που οφείλεται σε αναισθησία",T
T88.4,Ανεπιτυχής ή δυσχερής διασωλήνωση,T
T88.5,Άλλες επιπλοκές της αναισθησίας,T
T88.6,Αναφυλακτικό shock που οφείλεται σε ανεπιθύμητη ενέργεια σωστού φαρμάκου ή φαρμακευτικής ουσίας που χορηγήθηκε καταλλήλως,T
T88.7,Μη καθορισμένη ανεπιθύμητη ενέργεια φαρμάκου ή φαρμακευτικής ουσίας,T
T88.8,"Άλλες καθορισμένες επιπλοκές χειρουργικής και ιατρικής περίθαλψης, που δεν ταξινομούνται αλλού",T
T88.9,"Επιπλοκή χειρουργικής και ιατρικής περίθαλψης, μη καθορισμένη",T
T90,Όψιμα αποτελέσματα τραυματισμού της κεφαλής,T
T90.0,Όψιμα αποτελέσματα επιπολής τραυματισμού της κεφαλής,T
T90.1,Όψιμα αποτελέσματα ανοικτού τραύματος της κεφαλής,T
T90.2,Όψιμα αποτελέσματα κατάγματος του κρανίου και των οστών του προσώπου,T
T90.3,Όψιμα αποτελέσματα τραυματισμού κρανιακών νεύρων,T
T90.4,Όψιμα αποτελέσματα τραυματισμού του οφθαλμού και του οφθαλμικού κόγχου,T
T90.5,Όψιμα αποτελέσματα ενδοκρανιακού τραυματισμού,T
T90.8,Όψιμα αποτελέσματα άλλων καθορισμένων τραυματισμών της κεφαλής,T
T90.9,Όψιμα αποτελέσματα μη καθορισμένου τραυματισμού της κεφαλής,T
T91,Όψιμα αποτελέσματα τραυματισμών του τραχήλου και του κορμού,T
T91.0,Όψιμα αποτελέσματα επιπολής τραυματισμού και ανοικτού τραύματος του τραχήλου και του κορμού,T
T91.1,Όψιμα αποτελέσματα κατάγματος της σπονδυλικής στήλης,T
T91.2,Όψιμα αποτελέσματα άλλου κατάγματος του θώρακα και της πυέλου,T
T91.3,Όψιμα αποτελέσματα τραυματισμού του νωτιαίου μυελού,T
T91.4,Όψιμα αποτελέσματα τραυματισμού των ενδοθωρακικών οργάνων,T
T91.5,Όψιμα αποτελέσματα τραυματισμού των ενδοκοιλιακών και πυελικών οργάνων,T
T91.8,Όψιμα αποτελέσματα άλλων καθορισμένων τραυματισμών του τραχήλου και του κορμού,T
T91.9,Όψιμα αποτελέσματα μη καθορισμένου τραυματισμού του τραχήλου  και του κορμού,T
T92,Όψιμα αποτελέσματα τραυματισμών του άνω άκρου,T
T92.0,Όψιμα αποτελέσματα ανοιχτού τραύματος του άνω άκρου,T
T92.1,Όψιμα αποτελέσματα κατάγματος του βραχίονα,T
T92.2,Όψιμα αποτελέσματα κατάγματος στο επίπεδο του καρπού και της άκρας χείρας,T
T92.3,Όψιμα αποτελέσματα εξαρθρήματος και διαστρέμματος του άνω άκρου,T
T92.4,Όψιμα αποτελέσματα τραυματισμού νεύρου του άνω άκρου,T
T92.5,Όψιμα αποτελέσματα τραυματισμού μυός και τένοντα του άνω άκρου,T
T92.6,Όψιμα αποτελέσματα συνθλιπτικού τραυματισμού και τραυματικού ακρωτηριασμού  του άνω άκρου,T
T92.8,Όψιμα αποτελέσματα άλλων καθορισμένων τραυματισμών του άνω άκρου,T
T92.9,Όψιμα αποτελέσματα μη καθορισμένου τραυματισμού του άνω άκρου,T
T93,Όψιμα αποτελέσματα τραυματισμών του κάτω άκρου,T
T93.0,Όψιμα αποτελέσματα ανοικτού τραύματος του κάτω άκρου,T
T93.1,Όψιμα αποτελέσματα κατάγματος του μηριαίου,T
T93.2,Όψιμα αποτελέσματα άλλων καταγμάτων του κάτω άκρου,T
T93.3,Όψιμα αποτελέσματα εξαρθρήματος και διαστρέμματος του κάτω άκρου,T
T93.4,Όψιμα αποτελέσματα τραυματισμού νεύρου του κάτω άκρου,T
T93.5,Όψιμα αποτελέσματα τραυματισμού μυός και τένοντα του κάτω άκρου,T
T93.6,Όψιμα αποτελέσματα συνθλιπτικού τραυματισμού και τραυματικού ακρωτηριασμού του κάτω άκρου,T
T93.8,Όψιμα αποτελέσματα άλλων καθορισμένων τραυματισμών του κάτω άκρου,T
T93.9,Όψιμα αποτελέσματα μη καθορισμένου τραυματισμού του κάτω άκρου,T
T94,Όψιμα αποτελέσματα τραυματισμών που αφορούν πολλαπλές και μη καθορισμένες περιοχές του σώματος,T
T94.0,Όψιμα αποτελέσματα τραυματισμών που αφορούν πολλαπλές περιοχές του σώματος,T
T94.1,"Όψιμα αποτελέσματα τραυματισμών, που δεν καθορίζονται κατά περιοχή του σώματος",T
T95,"Όψιμα αποτελέσματα θερμικών, χημικών εγκαυμάτων και κρυοπαγημάτων",T
T95.0,Όψιμα αποτελέσματα θερμικού και χημικού εγκαύματος και κρυοπαγήματος της κεφαλής και του τραχήλου,T
T95.1,Όψιμα αποτελέσματα θερμικού και χημικού εγκαύματος και κρυοπαγήματος του κορμού,T
T95.2,Όψιμα αποτελέσματα θερμικού και χημικού εγκαύματος και κρυοπαγήματος του άνω άκρου,T
T95.3,Όψιμα αποτελέσματα θερμικού και χημικού εγκαύματος και κρυοπαγήματος του κάτω άκρου,T
T95.4,Όψιμα αποτελέσματα θερμικού και χημικού εγκαύματος που ταξινομούνται μόνο σύμφωνα με την έκταση του σώματος που καταλαμβάνουν,T
T95.8,Όψιμα αποτελέσματα άλλου καθορισμένου θερμικού και χημικού εγκαύματος και κρυοπαγήματος,T
T95.9,Όψιμα αποτελέσματα μη καθορισμένου θερμικού και χημικού εγκαύματος και κρυοπαγήματος,T
T96,"Όψιμα αποτελέσματα δηλητηρίασης από φάρμακα, φαρμακευτικές και βιολογικές ουσίες",T
T97,Όψιμα αποτελέσματα τοξικών επιδράσεων ουσιών οι οποίες δεν είναι πρωτίστως φαρμακευτικής προέλευσης,T
T98,Όψιμα αποτελέσματα άλλων και μη καθορισμένων επιδράσεων από εξωτερικές αιτίες,T
T98.0,Όψιμα αποτελέσματα από την είσοδο ξένου σώματος σε φυσικό στόμιο,T
T98.1,Όψιμα αποτελέσματα άλλων και μη καθορισμένων επιδράσεων από εξωτερικές αιτίες,T
T98.2,Όψιμα αποτελέσματα ορισμένων πρώιμων επιπλοκών τραύματος,T
T98.3,"Όψιμα αποτελέσματα επιπλοκών χειρουργικής και ιατρικής περίθαλψης, που δεν ταξινομούνται αλλού",T
V01,Πεζός που τραυματίζεται σε σύγκρουση  με ποδήλατο,V
V02,Πεζός που τραυματίζεται σε σύγκρουση  με δίτροχο ή τρίτροχο μηχανοκίνητο όχημα,V
V03,"Πεζός που τραυματίζεται σε σύγκρουση  με αυτοκίνητο, ημιφορτηγό ή κλειστό φορτηγό (βαν)",V
V04,Πεζός που τραυματίζεται σε σύγκρουση  με βαρύ όχημα μεταφοράς ή λεωφορείο,V
V05,Πεζός που τραυματίζεται σε σύγκρουση  με τραίνο ή όχημα που κινείται σε σιδηροδρομικές γραμμές,V
V06,Πεζός που τραυματίζεται σε σύγκρουση  με άλλο μη μηχανοκίνητο όχημα,V
V09,Πεζός που τραυματίζεται σε άλλα και μη καθορισμένα ατυχήματα μεταφοράς,V
V09.0,Πεζός που τραυματίζεται σε μη οδικό ατύχημα με συμμετοχή άλλων και μη καθορισμένων μηχανοκίνητων οχημάτων,V
V09.1,Πεζός που τραυματίζεται σε μη καθορισμένο μη οδικό ατύχημα,V
V09.2,Πεζός που τραυματίζεται σε οδικό ατύχημα με συμμετοχή άλλων και μη καθορισμένων μηχανοκίνητων οχημάτων,V
V09.3,Πεζός που τραυματίζεται σε μη καθορισμένο οδικό ατύχημα,V
V09.9,Πεζός που τραυματίζεται σε μη καθορισμένο ατύχημα μεταφοράς,V
V10,Ποδηλάτης που τραυματίζεται σε σύγκρουση  με πεζό ή ζώο,V
V11,Ποδηλάτης που τραυματίζεται σε σύγκρουση  με άλλο ποδήλατο,V
V12,Ποδηλάτης που τραυματίζεται σε σύγκρουση  με δίτροχο ή τρίτροχο μηχανοκίνητο όχημα,V
V13,"Ποδηλάτης που τραυματίζεται σε σύγκρουση  με αυτοκίνητο, ημιφορτηγό ή κλειστό φορτηγό (βαν)",V
V14,Ποδηλάτης που τραυματίζεται σε σύγκρουση  με βαρύ μεταφορικό όχημα ή λεωφορείο,V
V15,Ποδηλάτης που τραυματίζεται σε σύγκρουση  με τραίνο ή με όχημα που κινείται σε σιδηροδρομικές γραμμές,V
V16,Ποδηλάτης που τραυματίζεται σε σύγκρουση  με άλλα μη μηχανοκίνητα οχήματα,V
V17,Ποδηλάτης που τραυματίζεται σε σύγκρουση  με σταθερό ή ακινητοποιημένο αντικείμενο,V
V18,Ποδηλάτης που τραυματίζεται σε οδικό ατύχημα χωρίς σύγκρουση,V
V19,Ποδηλάτης που τραυματίζεται σε άλλα και μη καθορισμένα ατυχήματα,V
V19.0,Οδηγός που τραυματίζεται σε σύγκρουση  με άλλα και μη καθορισμένα μηχανοκίνητα οχήματα σε μη οδικό ατύχημα,V
V19.1,Επιβάτης που τραυματίζεται σε σύγκρουση  με άλλα και μη καθορισμένα μηχανοκίνητα οχήματα σε μη οδικό ατύχημα,V
V19.2,Μη καθορισμένος ποδηλάτης που τραυματίζεται σε σύγκρουση  με άλλα και μη καθορισμένα μηχανοκίνητα οχήματα σε μη οδικό ατύχημα,V
V19.3,Ποδηλάτης [οποιοσδήποτε] που τραυματίζεται σε μη καθορισμένο μη οδικό ατύχημα,V
V19.4,Οδηγός που τραυματίζεται σε σύγκρουση  με άλλα και μη καθορισμένα μηχανοκίνητα οχήματα σε οδικό ατύχημα,V
V19.5,Επιβάτης που τραυματίζεται σε σύγκρουση  με άλλα και μη καθορισμένα μηχανοκίνητα οχήματα σε οδικό ατύχημα,V
V19.6,Μη καθορισμένος ποδηλάτης που τραυματίζεται σε σύγκρουση με άλλα και μη καθορισμένα μηχανοκίνητα οχήματα σε οδικό ατύχημα,V
V19.8,Ποδηλάτης [οποιοσδήποτε] που τραυματίζεται σε άλλα καθορισμένα ατυχήματα μεταφοράς,V
V19.9,Ποδηλάτης [οποιοσδήποτε] που τραυματίζεται σε μη καθορισμένο οδικό ατύχημα,V
V20,Μοτοσικλετιστής που τραυματίζεται σε σύγκρουση  με πεζό ή ζώο,V
V21,Μοτοσικλετιστής που τραυματίζεται σε σύγκρουση  με ποδήλατο,V
V22,Μοτοσικλετιστής που τραυματίζεται σε σύγκρουση  με δίτροχο ή τρίτροχο μηχανοκίνητο όχημα,V
V23,"Μοτοσικλετιστής που τραυματίζεται σε σύγκρουση  με αυτοκίνητο, ημιφορτηγό ή κλειστό φορτηγό (βαν)",V
V24,Μοτοσικλετιστής που τραυματίζεται σε σύγκρουση  με βαρύ όχημα μεταφοράς ή λεωφορείο,V
V25,Μοτοσικλετιστής που τραυματίζεται σε σύγκρουση  με τραίνο ή όχημα που κινείται σε σιδηροδρομικές γραμμές,V
V26,Μοτοσικλετιστής που τραυματίζεται σε σύγκρουση  με άλλο μη μηχανοκίνητο όχημα,V
V27,Μοτοσικλετιστής που τραυματίζεται σε σύγκρουση  με σταθερό ή ακινητοποιημένο αντικείμενο,V
V28,Μοτοσικλετιστής που τραυματίζεται σε ατύχημα μεταφοράς χωρίς σύγκρουση,V
V29,Μοτοσικλετιστής που τραυματίζεται σε άλλα και μη καθορισμένα ατυχήματα μεταφοράς,V
V29.0,Οδηγός που τραυματίζεται σε σύγκρουση  με άλλα και μη καθορισμένα μηχανοκίνητα οχήματα σε μη οδικό ατύχημα,V
V29.1,Επιβάτης που τραυματίζεται σε σύγκρουση  με άλλα και μη καθορισμένα μηχανοκίνητα οχήματα σε μη οδικό ατύχημα,V
V29.2,Μη καθορισμένος μοτοσικλετιστής που τραυματίζεται σε σύγκρουση  με άλλα και μη καθορισμένα μηχανοκίνητα οχήματα σε μη οδικό ατύχημα,V
V29.3,Μοτοσικλετιστής [οποιοσδήποτε] που τραυματίζεται σε μη καθορισμένο μη  οδικό ατύχημα,V
V29.4,Οδηγός που τραυματίζεται σε σύγκρουση  με άλλα και μη καθορισμένα μηχανοκίνητα οχήματα σε οδικό ατύχημα,V
V29.5,Επιβάτης που τραυματίζεται σε σύγκρουση  με άλλα και μη καθορισμένα μηχανοκίνητα οχήματα σε οδικό ατύχημα,V
V29.6,Μη καθορισμένος μοτοσικλετιστής που τραυματίζεται σε σύγκρουση  με άλλα και μη καθορισμένα μηχανοκίνητα οχήματα σε οδικό ατύχημα,V
V29.8,Μοτοσικλετιστής [οποιοσδήποτε] που τραυματίζεται σε άλλα καθορισμένα ατυχήματα μεταφοράς,V
V29.9,Μοτοσικλετιστής [οποιοσδήποτε] που τραυματίζεται σε μη καθορισμένο οδικό ατύχημα,V
V30,Επιβάτης τρίτροχου μηχανοκίνητου οχήματος που τραυματίζεται σε σύγκρουση  με πεζό ή ζώο,V
V31,Επιβάτης τρίτροχου μηχανοκίνητου οχήματος που τραυματίζεται σε σύγκρουση  με ποδήλατο,V
V32,Επιβάτης τρίτροχου μηχανοκίνητου οχήματος που τραυματίζεται σε σύγκρουση  με δίτροχο ή τρίτροχο μηχανοκίνητο όχημα,V
V33,"Επιβάτης τρίτροχου μηχανοκίνητου οχήματος που τραυματίζεται σε σύγκρουση  με αυτοκίνητο, ημιφορτηγό ή κλειστό φορτηγό (βαν)",V
V34,Επιβάτης τρίτροχου μηχανοκίνητου οχήματος που τραυματίζεται σε σύγκρουση  με βαρύ όχημα μεταφοράς ή λεωφορείο,V
V35,Επιβάτης τρίτροχου μηχανοκίνητου οχήματος που τραυματίζεται σε σύγκρουση  με τραίνο ή όχημα που κινείται σε σιδηροδρομικές γραμμές,V
V36,Επιβάτης τρίτροχου μηχανοκίνητου οχήματος που τραυματίζεται σε σύγκρουση  με άλλο μη μηχανοκίνητο όχημα,V
V37,Επιβάτης τρίτροχου μηχανοκίνητου οχήματος που τραυματίζεται σε σύγκρουση  με σταθερό ή ακινητοποιημένο αντικείμενο,V
V38,Επιβάτης τρίτροχου μηχανοκίνητου οχήματος που τραυματίζεται σε ατύχημα μεταφοράς χωρίς σύγκρουση,V
V39,Επιβάτης τρίτροχου μηχανοκίνητου οχήματος που τραυματίζεται σε άλλα και μη καθορισμένα ατυχήματα μεταφοράς,V
V39.0,Οδηγός που τραυματίζεται σε σύγκρουση  με άλλα και μη καθορισμένα μηχανοκίνητα οχήματα σε μη οδικό ατύχημα,V
V39.1,Επιβάτης που τραυματίζεται σε σύγκρουση  με άλλα και μη καθορισμένα μηχανοκίνητα οχήματα σε μη οδικό ατύχημα,V
V39.2,Μη καθορισμένος επιβάτης τρίτροχου μηχανοκίνητου οχήματος που τραυματίζεται σε σύγκρουση με άλλα και μη καθορισμένα μηχανοκίνητα οχήματα σε μη οδικό ατύχημα,V
V39.3,Επιβάτης [οποιοσδήποτε] τρίτροχου μηχανοκίνητου οχήματος που τραυματίζεται σε μη καθορισμένο μη οδικό ατύχημα,V
V39.4,Οδηγός που τραυματίζεται σε σύγκρουση  με άλλα και μη καθορισμένα μηχανοκίνητα οχήματα σε οδικό ατύχημα,V
V39.5,Επιβάτης που τραυματίζεται σε σύγκρουση  με άλλα και μη καθορισμένα μηχανοκίνητα οχήματα σε οδικό ατύχημα,V
V39.6,Μη καθορισμένος επιβάτης τρίτροχου μηχανοκίνητου οχήματος που τραυματίζεται σε σύγκρουση με άλλα και μη καθορισμένα μηχανοκίνητα οχήματα σε οδικό ατύχημα,V
V39.8,Επιβάτης [οποιοσδήποτε] τρίτροχου μηχανοκίνητου οχήματος που τραυματίζεται σε άλλα καθορισμένα ατυχήματα μεταφοράς,V
V39.9,Επιβάτης [οποιοσδήποτε] τρίτροχου μηχανοκίνητου οχήματος που τραυματίζεται σε μη καθορισμένο οδικό ατύχημα,V
V40,Επιβάτης αυτοκινήτου που τραυματίζεται σε σύγκρουση  με πεζό ή ζώο,V
V41,Επιβάτης αυτοκινήτου που τραυματίζεται σε σύγκρουση  με ποδήλατο,V
V42,Επιβάτης αυτοκινήτου που τραυματίζεται σε σύγκρουση με δίτροχο ή τρίτροχο μηχανοκίνητο όχημα,V
V43,"Επιβάτης αυτοκινήτου που τραυματίζεται σε σύγκρουση  με αυτοκίνητο, ημιφορτηγό ή κλειστό φορτηγό (βαν)",V
V44,Επιβάτης αυτοκινήτου που τραυματίζεται σε σύγκρουση  με βαρύ όχημα μεταφοράς ή λεωφορείο,V
V45,Επιβάτης αυτοκινήτου που τραυματίζεται σε σύγκρουση  με τραίνο ή όχημα που κινείται σε σιδηροδρομικές γραμμές,V
V46,Επιβάτης αυτοκινήτου που τραυματίζεται σε σύγκρουση  με άλλο μη μηχανοκίνητο όχημα,V
V47,Επιβάτης αυτοκινήτου που τραυματίζεται σε σύγκρουση  με σταθερό ή ακινητοποιημένο αντικείμενο,V
V48,Επιβάτης αυτοκινήτου που τραυματίζεται σε ατύχημα μεταφοράς χωρίς σύγκρουση,V
V49,Επιβάτης αυτοκινήτου που τραυματίζεται σε άλλα και μη καθορισμένα ατυχήματα μεταφοράς,V
V49.0,Οδηγός που τραυματίζεται σε σύγκρουση  με άλλα και μη καθορισμένα μηχανοκίνητα οχήματα σε μη οδικό ατύχημα,V
V49.1,Επιβάτης που τραυματίζεται σε σύγκρουση  με άλλα και μη καθορισμένα μηχανοκίνητα οχήματα σε μη οδικό ατύχημα,V
V49.2,Μη καθορισμένος επιβάτης αυτοκινήτου που τραυματίζεται σε σύγκρουση με άλλα και μη καθορισμένα μηχανοκίνητα οχήματα σε μη οδικό ατύχημα,V
V49.3,Επιβάτης αυτοκινήτου [οποιοσδήποτε] που τραυματίζεται σε μη καθορισμένο μη οδικό ατύχημα,V
V49.4,Οδηγός αυτοκινήτου που τραυματίζεται σε σύγκρουση  με άλλα και μη καθορισμένα μηχανοκίνητα οχήματα σε οδικό ατύχημα,V
V49.5,Επιβάτης αυτοκινήτου που τραυματίζεται σε σύγκρουση  με άλλα και μη καθορισμένα μηχανοκίνητα οχήματα σε οδικό ατύχημα,V
V49.6,Μη καθορισμένος επιβάτης αυτοκινήτου που τραυματίζεται σε σύγκρουση  με άλλα και μη καθορισμένα μηχανοκίνητα οχήματα σε οδικό ατύχημα,V
V49.8,Επιβάτης αυτοκινήτου [οποιοσδήποτε] που τραυματίζεται σε άλλα καθορισμένα ατυχήματα μεταφοράς,V
V49.9,Επιβάτης αυτοκινήτου [οποιοσδήποτε] που τραυματίζεται σε μη καθορισμένο οδικό ατύχημα,V
V50,Επιβάτης ημιφορτηγού ή κλειστού φορτηγού (βαν) που τραυματίζεται σε σύγκρουση  με πεζό ή ζώο,V
V51,Επιβάτης ημιφορτηγού ή κλειστού φορτηγού (βαν) που τραυματίζεται σε σύγκρουση  με ποδήλατο,V
V52,Επιβάτης ημιφορτηγού ή κλειστού φορτηγού (βαν) που τραυματίζεται σε σύγκρουση  με δίτροχο ή τρίτροχο μηχανοκίνητο όχημα,V
V53,"Επιβάτης ημιφορτηγού ή κλειστού φορτηγού (βαν) που τραυματίζεται σε σύγκρουση  με αυτοκίνητο, ημιφορτηγό ή κλειστό φορτηγό (βαν)",V
V54,Επιβάτης ημιφορτηγού ή κλειστού φορτηγού (βαν) που τραυματίζεται σε σύγκρουση  με βαρύ όχημα μεταφοράς ή λεωφορείο,V
V55,Επιβάτης ημιφορτηγού ή κλειστού φορτηγού (βαν) που τραυματίζεται σε σύγκρουση  με τραίνο ή όχημα που κινείται σε σιδηροδρομικές γραμμές,V
V56,Επιβάτης ημιφορτηγού ή κλειστού φορτηγού (βαν) που τραυματίζεται σε σύγκρουση  με άλλο μη μηχανοκίνητο όχημα,V
V57,Επιβάτης ημιφορτηγού ή κλειστού φορτηγού (βαν) που τραυματίζεται σε σύγκρουση  με σταθερό ή ακινητοποιημένο αντικείμενο,V
V58,Επιβάτης ημιφορτηγού ή κλειστού φορτηγού (βαν) που τραυματίζεται σε ατύχημα μεταφοράς χωρίς σύγκρουση,V
V59,Επιβάτης ημιφορτηγού ή κλειστού φορτηγού (βαν) που τραυματίζεται σε άλλα και μη καθορισμένα ατυχήματα μεταφοράς,V
V59.0,Οδηγός που τραυματίζεται σε σύγκρουση  με άλλα και μη καθορισμένα μηχανοκίνητα οχήματα σε μη οδικό ατύχημα,V
V59.1,Επιβάτης που τραυματίζεται σε σύγκρουση  με άλλα και μη καθορισμένα μηχανοκίνητα οχήματα σε μη οδικό ατύχημα,V
V59.2,Μη καθορισμένος επιβάτης ημιφορτηγού ή κλειστού φορτηγού (βαν) που τραυματίζεται σε σύγκρουση  με άλλα και  μη καθορισμένα μηχανοκίνητα οχήματα σε μη οδικό ατύχημα,V
V59.3,Επιβάτης [οποιοσδήποτε] ημιφορτηγού ή κλειστού φορτηγού (βαν) που τραυματίζεται σε μη καθορισμένο μη οδικό ατύχημα,V
V59.4,Οδηγός που τραυματίζεται σε σύγκρουση  με άλλα και μη καθορισμένα μηχανοκίνητα οχήματα σε οδικό ατύχημα,V
V59.5,Επιβάτης που τραυματίζεται σε σύγκρουση  με άλλα και  μη καθορισμένα  μηχανοκίνητα οχήματα σε οδικό ατύχημα,V
V59.6,Μη καθορισμένος επιβάτης ημιφορτηγού ή κλειστού φορτηγού (βαν) που τραυματίζεται σε σύγκρουση  με άλλα και μη καθορισμένα μηχανοκίνητα οχήματα σε οδικό ατύχημα,V
V59.8,Επιβάτης [οποιοσδήποτε] ημιφορτηγού ή κλειστού φορτηγού (βαν) που τραυματίζεται σε άλλα καθορισμένα ατυχήματα μεταφοράς,V
V59.9,Επιβάτης [οποιοσδήποτε] ημιφορτηγού ή κλειστού φορτηγού (βαν) που τραυματίζεται σε μη καθορισμένο οδικό ατύχημα,V
V60,Επιβάτης βαρέος οχήματος μεταφοράς που τραυματίζεται σε σύγκρουση  με πεζό ή ζώο,V
V61,Επιβάτης βαρέος οχήματος μεταφοράς που τραυματίζεται σε σύγκρουση  με ποδήλατο,V
V62,Επιβάτης βαρέος οχήματος μεταφοράς που τραυματίζεται με δίτροχο ή τρίτροχο μηχανοκίνητο όχημα,V
V63,"Επιβάτης βαρέος οχήματος μεταφοράς που τραυματίζεται σε σύγκρουση  με αυτοκίνητο, ημιφορτηγό ή κλειστό φορτηγό (βαν)",V
V64,Επιβάτης βαρέος οχήματος μεταφοράς που τραυματίζεται σε σύγκρουση  με βαρύ όχημα μεταφοράς ή λεωφορείο,V
V65,Επιβάτης βαρέος οχήματος μεταφοράς που τραυματίζεται σε σύγκρουση  με τραίνο ή όχημα που κινείται σε σιδηροδρομικές γραμμές,V
V66,Επιβάτης βαρέος οχήματος μεταφοράς που τραυματίζεται σε σύγκρουση  με άλλο μη  μηχανοκίνητο όχημα,V
V67,Επιβάτης βαρέος οχήματος μεταφοράς που τραυματίζεται σε σύγκρουση  με σταθερό ή ακινητοποιημένο αντικείμενο,V
V68,Επιβάτης βαρέος οχήματος μεταφοράς που τραυματίζεται σε ατύχημα μεταφοράς χωρίς σύγκρουση,V
V69,Επιβάτης βαρέος οχήματος μεταφοράς που τραυματίζεται σε άλλα και μη καθορισμένα ατυχήματα μεταφοράς,V
V69.0,Οδηγός που τραυματίζεται σε σύγκρουση  με άλλα και μη καθορισμένα μηχανοκίνητα οχήματα σε μη οδικό ατύχημα,V
V69.1,Επιβάτης που τραυματίζεται σε σύγκρουση  με άλλα και μη καθορισμένα μηχανοκίνητα οχήματα σε μη οδικό ατύχημα,V
V69.2,Μη καθορισμένος επιβάτης βαρέος οχήματος μεταφοράς που τραυματίζεται σε σύγκρουση  με άλλα και μη καθορισμένα μηχανοκίνητα οχήματα σε μη οδικό ατύχημα,V
V69.3,Επιβάτης [οποιοσδήποτε] βαρέος οχήματος μεταφοράς που τραυματίζεται σε μη καθορισμένο μη οδικό ατύχημα,V
V69.4,Οδηγός που τραυματίζεται σε σύγκρουση  με άλλα και μη καθορισμένα μηχανοκίνητα οχήματα σε οδικό ατύχημα,V
V69.5,Επιβάτης που τραυματίζεται σε σύγκρουση  με άλλα και μη καθορισμένα μηχανοκίνητα οχήματα σε οδικό ατύχημα,V
V69.6,Μη καθορισμένος επιβάτης βαρέος οχήματος μεταφοράς που τραυματίζεται σε σύγκρουση  με άλλα και μη καθορισμένα μηχανοκίνητα οχήματα σε οδικό ατύχημα,V
V69.8,Επιβάτης [οποιοσδήποτε] βαρέος οχήματος μεταφοράς που τραυματίζεται σε άλλα καθορισμένα ατυχήματα μεταφοράς,V
V69.9,Επιβάτης [οποιοσδήποτε] βαρέος οχήματος μεταφοράς που τραυματίζεται σε μη καθορισμένο οδικό ατύχημα,V
V70,Επιβάτης λεωφορείου που τραυματίζεται σε σύγκρουση  με πεζό ή ζώο,V
V71,Επιβάτης λεωφορείου που τραυματίζεται σε σύγκρουση  με ποδήλατο,V
V72,Επιβάτης λεωφορείου που τραυματίζεται σε σύγκρουση  με δίτροχο ή τρίτροχο μηχανοκίνητο όχημα,V
V73,"Επιβάτης λεωφορείου που τραυματίζεται σε σύγκρουση  με αυτοκίνητο, ημιφορτηγό ή κλειστό φορτηγό (βαν)",V
V74,Επιβάτης λεωφορείου που τραυματίζεται σε σύγκρουση  με βαρύ όχημα μεταφοράς ή λεωφορείο,V
V75,Επιβάτης λεωφορείου που τραυματίζεται σε σύγκρουση  με τραίνο ή όχημα που κινείται σε σιδηροδρομικές γραμμές,V
V76,Επιβάτης λεωφορείου που τραυματίζεται σε σύγκρουση  με άλλο μη μηχανοκίνητο όχημα,V
V77,Επιβάτης λεωφορείου που τραυματίζεται σε σύγκρουση  με σταθερό ή ακινητοποιημένο αντικείμενο,V
V78,Επιβάτης λεωφορείου που τραυματίζεται σε ατύχημα μεταφοράς χωρίς σύγκρουση,V
V79,Επιβάτης λεωφορείου που τραυματίζεται σε άλλα και μη καθορισμένα ατυχήματα μεταφοράς,V
V79.0,Οδηγός που τραυματίζεται σε σύγκρουση  με άλλα και μη καθορισμένα μηχανοκίνητα οχήματα σε μη οδικό ατύχημα,V
V79.1,Επιβάτης που τραυματίζεται σε σύγκρουση  με άλλα και μη καθορισμένα μηχανοκίνητα οχήματα σε μη οδικό ατύχημα,V
V79.2,Μη καθορισμένος επιβάτης λεωφορείου που τραυματίζεται σε σύγκρουση  με άλλα και μη καθορισμένα μηχανοκίνητα οχήματα σε μη οδικό ατύχημα,V
V79.3,Επιβάτης λεωφορείου [οποιοσδήποτε] που τραυματίζεται σε μη καθορισμένο μη οδικό ατύχημα,V
V79.4,Οδηγός που τραυματίζεται σε σύγκρουση  με άλλα και μη καθορισμένα μηχανοκίνητα οχήματα σε οδικό ατύχημα,V
V79.5,Επιβάτης που τραυματίζεται σε σύγκρουση  με άλλα και μη καθορισμένα μηχανοκίνητα οχήματα σε οδικό ατύχημα,V
V79.6,Μη καθορισμένος επιβάτης λεωφορείου που τραυματίζεται σε σύγκρουση  με άλλα και μη καθορισμένα μηχανοκίνητα οχήματα σε οδικό ατύχημα,V
V79.8,Επιβάτης λεωφορείου [οποιοσδήποτε] που τραυματίζεται σε άλλα καθορισμένα ατυχήματα μεταφοράς,V
V79.9,Επιβάτης λεωφορείου [οποιοσδήποτε] που τραυματίζεται σε μη καθορισμένο οδικό ατύχημα,V
V80,Αναβάτης ζώου ή επιβάτης οχήματος συρόμενου από ζώο που τραυματίζεται σε ατύχημα μεταφοράς,V
V80.0,Αναβάτης ή επιβάτης που τραυματίζεται λόγω πτώσης από ζώο ή από όχημα συρόμενο από ζώο σε ατύχημα χωρίς σύγκρουση,V
V80.1,Αναβάτης ή επιβάτης που τραυματίζεται σε σύγκρουση  με πεζό ή άλλο ζώο,V
V80.2,Αναβάτης ή επιβάτης που τραυματίζεται σε σύγκρουση  με ποδήλατο,V
V80.3,Αναβάτης ή επιβάτης που τραυματίζεται σε σύγκρουση  με δίτροχο ή τρίτροχο μηχανοκίνητο όχημα,V
V80.4,"Αναβάτης ή επιβάτης που τραυματίζεται σε σύγκρουση  με αυτοκίνητο, ημιφορτηγό, κλειστό φορτηγό (βαν), βαρύ όχημα μεταφοράς ή λεωφορείο",V
V80.5,Αναβάτης ή επιβάτης που τραυματίζεται σε σύγκρουση  με άλλο καθορισμένο μηχανοκίνητο  όχημα,V
V80.6,Αναβάτης ή επιβάτης που τραυματίζεται σε σύγκρουση  με τραίνο ή με όχημα που κινείται σε σιδηροδρομικές γραμμές,V
V80.7,Αναβάτης ή επιβάτης που τραυματίζεται σε σύγκρουση  με άλλο μη μηχανοκίνητο όχημα,V
V80.8,Αναβάτης ή επιβάτης που τραυματίζεται σε σύγκρουση  με σταθερό ή ακινητοποιημένο αντικείμενο,V
V80.9,Αναβάτης ή επιβάτης που τραυματίζεται σε άλλα και μη καθορισμένα ατυχήματα μεταφοράς,V
V81,Επιβάτης τραίνου ή οχήματος που κινείται σε σιδηροδρομικές γραμμές ο οποίος τραυματίζεται σε ατύχημα μεταφοράς,V
V81.0,"Επιβάτης τραίνου ή οχήματος που κινείται σε σιδηροδρομικές γραμμές, ο οποίος τραυματίζεται σε σύγκρουση  με μηχανοκίνητο όχημα σε μη οδικό ατύχημα",V
V81.1,"Επιβάτης τραίνου ή οχήματος που κινείται σε σιδηροδρομικές γραμμές, ο οποίος τραυματίζεται σε σύγκρουση  με μηχανοκίνητο όχημα σε οδικό ατύχημα",V
V81.2,"Επιβάτης τραίνου ή οχήματος που κινείται σε σιδηροδρομικές γραμμές, ο οποίος τραυματίζεται σε σύγκρουση  με τροχαίο υλικό",V
V81.3,"Επιβάτης τραίνου ή οχήματος που κινείται σε σιδηροδρομικές γραμμές, ο οποίος τραυματίζεται σε σύγκρουση  με άλλο αντικείμενο",V
V81.4,Άτομο που τραυματίζεται κατά την επιβίβαση ή αποβίβαση από τραίνο ή όχημα που κινείται σε σιδηροδρομικές γραμμές,V
V81.5,"Επιβάτης τραίνου ή οχήματος που κινείται σε σιδηροδρομικές γραμμές, ο οποίος τραυματίζεται από πτώση μέσα σε τραίνο ή σε όχημα που κινείται σε σιδηροδρομικές γραμμές",V
V81.6,"Επιβάτης τραίνου ή οχήματος που κινείται σε σιδηροδρομικές γραμμές, ο οποίος τραυματίζεται λόγω πτώσης από τραίνο ή όχημα που κινείται σε σιδηροδρομικές γραμμές",V
V81.7,"Επιβάτης τραίνου ή οχήματος που κινείται σε σιδηροδρομικές γραμμές, ο οποίος τραυματίζεται κατά τον εκτροχιασμό, χωρίς προηγηθείσα σύγκρουση",V
V81.8,"Επιβάτης τραίνου ή οχήματος που κινείται σε σιδηροδρομικές γραμμές, ο οποίος τραυματίζεται σε άλλα καθορισμένα σιδηροδρομικά ατυχήματα:",V
V81.9,"Επιβάτης τραίνου ή οχήματος που κινείται σε σιδηροδρομικές γραμμές, ο οποίος τραυματίζεται σε μη καθορισμένο σιδηροδρομικό ατύχημα",V
V82,Επιβάτης τραμ που τραυματίζεται σε ατύχημα μεταφοράς,V
V82.0,Επιβάτης τραμ που τραυματίζεται σε σύγκρουση  με μηχανοκίνητο όχημα σε μη οδικό ατύχημα,V
V82.1,Επιβάτης τραμ που τραυματίζεται σε σύγκρουση  με μηχανοκίνητο όχημα σε οδικό ατύχημα,V
V82.2,Επιβάτης τραμ που τραυματίζεται σε σύγκρουση  με ή σε χτύπημα από τροχαίο υλικό,V
V82.3,Επιβάτης τραμ που τραυματίζεται σε σύγκρουση  με άλλο αντικείμενο,V
V82.4,Άτομο που τραυματίζεται κατά την επιβίβαση ή αποβίβαση από το τραμ,V
V82.5,Επιβάτης τραμ που τραυματίζεται από πτώση μέσα στο τραμ,V
V82.6,Επιβάτης τραμ που τραυματίζεται λόγω πτώσης από το τραμ,V
V82.7,Επιβάτης τραμ που τραυματίζεται σε εκτροχιασμό χωρίς προηγηθείσα σύγκρουση,V
V82.8,Επιβάτης τραμ που τραυματίζεται σε άλλα καθορισμένα ατυχήματα μεταφοράς,V
V82.9,Επιβάτης τραμ που τραυματίζεται σε μη καθορισμένο οδικό ατύχημα,V
V83,Επιβάτης ειδικού οχήματος το οποίο χρησιμοποιείται κυρίως σε βιομηχανικά κτίρια ο οποίος τραυματίζεται σε ατύχημα μεταφοράς,V
V83.0,Οδηγός ειδικού βιομηχανικού οχήματος που τραυματίζεται σε οδικό ατύχημα,V
V83.1,Επιβάτης ειδικού βιομηχανικού οχήματος που τραυματίζεται σε οδικό ατύχημα,V
V83.2,Άτομο στο εξωτερικό ειδικού βιομηχανικού οχήματος που τραυματίζεται σε οδικό ατύχημα,V
V83.3,Μη καθορισμένος επιβάτης ειδικού βιομηχανικού οχήματος ο οποίος τραυματίζεται σε οδικό ατύχημα,V
V83.4,Άτομο που τραυματίζεται κατά την επιβίβαση ή αποβίβαση από ειδικό βιομηχανικό όχημα,V
V83.5,Οδηγός ειδικού βιομηχανικού οχήματος που τραυματίζεται σε μη οδικό ατύχημα,V
V83.6,Επιβάτης ειδικού βιομηχανικού οχήματος που τραυματίζεται σε μη οδικό ατύχημα,V
V83.7,Άτομο στο εξωτερικό ειδικού βιομηχανικού οχήματος που τραυματίζεται σε μη οδικό ατύχημα,V
V83.9,Μη καθορισμένος επιβάτης ειδικού βιομηχανικού οχήματος ο οποίος τραυματίζεται σε μη οδικό ατύχημα,V
V84,"Επιβάτης ειδικού οχήματος, που χρησιμοποιείται κυρίως στη γεωργία, ο οποίος τραυματίζεται σε ατύχημα μεταφοράς",V
V84.0,Οδηγός ειδικού αγροτικού οχήματος που τραυματίζεται σε οδικό ατύχημα,V
V84.1,Επιβάτης ειδικού αγροτικού οχήματος που τραυματίζεται σε οδικό ατύχημα,V
V84.2,Άτομο στο εξωτερικό ειδικού αγροτικού οχήματος που τραυματίζεται σε οδικό ατύχημα,V
V84.3,"Μη καθορισμένος επιβάτης ειδικού αγροτικού οχήματος, ο οποίος τραυματίζεται σε οδικό ατύχημα",V
V84.4,Άτομο που τραυματίζεται κατά την επιβίβαση ή αποβίβαση από ειδικό αγροτικό όχημα,V
V84.5,Οδηγός ειδικού αγροτικού οχήματος που τραυματίζεται σε μη οδικό ατύχημα,V
V84.6,Επιβάτης ειδικού αγροτικού οχήματος που τραυματίζεται σε μη οδικό ατύχημα,V
V84.7,Άτομο στο εξωτερικό ειδικού αγροτικού οχήματος που τραυματίζεται σε μη οδικό ατύχημα,V
V84.9,Μη καθορισμένος επιβάτης ειδικού αγροτικού οχήματος ο οποίος τραυματίζεται σε μη οδικό ατύχημα,V
V85,"Επιβάτης ειδικού οικοδομικού οχήματος, που τραυματίζεται σε ατύχημα μεταφοράς",V
V85.0,"Οδηγός ειδικού οικοδομικού οχήματος, που τραυματίζεται σε οδικό ατύχημα",V
V85.1,Επιβάτης ειδικού οικοδομικού οχήματος που τραυματίζεται σε οδικό ατύχημα,V
V85.2,Άτομο στο εξωτερικό ειδικού οικοδομικού οχήματος που τραυματίζεται σε οδικό ατύχημα,V
V85.3,Μη καθορισμένος επιβάτης ειδικού οικοδομικού οχήματος που τραυματίζεται σε οδικό ατύχημα,V
V85.4,Άτομο που τραυματίζεται κατά την επιβίβαση ή αποβίβαση από ειδικό οικοδομικό όχημα,V
V85.5,Οδηγός ειδικού οικοδομικού οχήματος που τραυματίζεται σε μη οδικό ατύχημα,V
V85.6,Επιβάτης ειδικού οικοδομικού οχήματος που τραυματίζεται σε μη οδικό ατύχημα,V
V85.7,Άτομο στο εξωτερικό ειδικού οικοδομικού οχήματος που τραυματίζεται σε μη οδικό ατύχημα,V
V85.9,Μη καθορισμένος επιβάτης ειδικού οικοδομικού οχήματος που τραυματίζεται σε μη οδικό ατύχημα,V
V86,"Επιβάτης ειδικού παντός εδάφους ή άλλου μηχανοκίνητου οχήματος σχεδιασμένου κυρίως για χρήση εκτός δρόμου, ο οποίος τραυματίζεται σε ατύχημα μεταφοράς",V
V86.0,"Οδηγός οχήματος παντός εδάφους ή άλλου μηχανοκίνητου εκτός δρόμου οχήματος, ο οποίος τραυματίζεται σε οδικό ατύχημα",V
V86.1,Επιβάτης οχήματος παντός εδάφους ή άλλου μηχανοκίνητου εκτός δρόμου οχήματος ο οποίος τραυματίζεται σε οδικό ατύχημα,V
V86.2,Άτομο στο εξωτερικό οχήματος παντός εδάφους ή άλλου μηχανοκίνητου εκτός δρόμου οχήματος το οποίο τραυματίζεται σε οδικό ατύχημα,V
V86.3,Μη καθορισμένος επιβάτης οχήματος παντός εδάφους ή άλλου μηχανοκίνητου εκτός δρόμου οχήματος ο οποίος τραυματίζεται σε οδικό ατύχημα,V
V86.4,Άτομο που τραυματίζεται κατά την επιβίβαση ή αποβίβαση από όχημα παντός εδάφους ή άλλο εκτός δρόμου μηχανοκίνητο όχημα,V
V86.5,Οδηγός οχήματος παντός εδάφους ή άλλου εκτός δρόμου μηχανοκίνητου οχήματος ο οποίος τραυματίζεται σε μη οδικό ατύχημα,V
V86.6,Επιβάτης οχήματος παντός εδάφους ή άλλου εκτός δρόμου μηχανοκίνητου οχήματος ο οποίος τραυματίζεται σε μη οδικό ατύχημα,V
V86.7,Άτομο στο εξωτερικό του οχήματος παντός εδάφους ή άλλου εκτός δρόμου μηχανοκίνητου οχήματος το οποίο τραυματίζεται σε μη οδικό ατύχημα,V
V86.9,Μη καθορισμένος επιβάτης οχήματος παντός εδάφους ή άλλου εκτός δρόμου μηχανοκίνητου οχήματος που τραυματίζεται σε μη οδικό ατύχημα,V
V87,Οδικό ατύχημα καθορισμένου τύπου αλλά όπου είναι άγνωστος ο τρόπος μεταφοράς του θύματος,V
V87.0,Άτομο που τραυματίζεται σε σύγκρουση  μεταξύ αυτοκινήτου και δίτροχου ή τρίτροχου μηχανοκίνητου οχήματος (οδικό ατύχημα),V
V87.1,Άτομο που τραυματίζεται σε σύγκρουση  μεταξύ  άλλου μηχανοκίνητου οχήματος και δίτροχου ή τρίτροχου μηχανοκίνητου οχήματος (οδικό ατύχημα),V
V87.2,Άτομο που τραυματίζεται σε σύγκρουση  μεταξύ αυτοκινήτου και ημιφορτηγού ή κλειστού φορτηγού (βαν) (οδικό ατύχημα),V
V87.3,Άτομο που τραυματίζεται σε σύγκρουση  μεταξύ αυτοκινήτου και λεωφορείου (οδικό ατύχημα),V
V87.4,Άτομο που τραυματίζεται σε σύγκρουση  μεταξύ αυτοκινήτου και βαρέος οχήματος μεταφοράς (οδικό ατύχημα),V
V87.5,Άτομο που τραυματίζεται σε σύγκρουση  μεταξύ βαρέος οχήματος μεταφοράς και λεωφορείου (οδικό ατύχημα),V
V87.6,Άτομο που τραυματίζεται σε σύγκρουση  μεταξύ τραίνου ή οχήματος που κινείται σε σιδηροδρομικές γραμμές και αυτοκινήτου (οδικό ατύχημα),V
V87.7,Άτομο που τραυματίζεται σε σύγκρουση  μεταξύ άλλων καθορισμένων μηχανοκίνητων οχημάτων (οδικό ατύχημα),V
V87.8,Άτομο που τραυματίζεται σε άλλα καθορισμένα ατυχήματα μεταφοράς χωρίς σύγκρουση με συμμετοχή μηχανοκίνητου οχήματος (οδικό ατύχημα),V
V87.9,Άτομο που τραυματίζεται σε άλλα καθορισμένα (με σύγκρουση) (χωρίς σύγκρουση) ατυχήματα μεταφοράς με συμμετοχή μη μηχανοκίνητου οχήματος (οδικό ατύχημα),V
V88,"Μη οδικό ατύχημα καθορισμένου τύπου, αλλά όπου είναι άγνωστος ο τρόπος μεταφοράς του θύματος",V
V88.0,"Άτομο που τραυματίζεται σε σύγκρουση  μεταξύ αυτοκινήτου και δίτροχου ή τρίτροχου μηχανοκίνητου οχήματος, μη οδικό ατύχημα",V
V88.1,"Άτομο που τραυματίζεται σε σύγκρουση  μεταξύ άλλου μηχανοκίνητου οχήματος και δίτροχου ή τρίτροχου μηχανοκίνητου οχήματος, μη οδικό ατύχημα",V
V88.2,"Άτομο που τραυματίζεται σε σύγκρουση  μεταξύ αυτοκινήτου και ημιφορτηγού ή κλειστού φορτηγού (βαν), μη οδικό ατύχημα",V
V88.3,"Άτομο που τραυματίζεται σε σύγκρουση  μεταξύ αυτοκινήτου και λεωφορείου, μη οδικό ατύχημα",V
V88.4,"Άτομο που τραυματίζεται σε σύγκρουση  μεταξύ αυτοκινήτου και βαρέος οχήματος μεταφοράς, μη οδικό ατύχημα",V
V88.5,"Άτομο που τραυματίζεται σε σύγκρουση  μεταξύ βαρέος οχήματος μεταφοράς και λεωφορείου, μη οδικό ατύχημα",V
V88.6,"Άτομο που τραυματίζεται σε σύγκρουση  μεταξύ τραίνου ή οχήματος που κινείται σε σιδηροδρομικές γραμμές και αυτοκινήτου, μη οδικό ατύχημα",V
V88.7,"Άτομο που τραυματίζεται σε σύγκρουση  μεταξύ άλλων καθορισμένων μηχανοκίνητων οχημάτων, μη οδικό ατύχημα",V
V88.8,"Άτομο που τραυματίζεται σε άλλα καθορισμένα ατυχήματα μεταφοράς χωρίς σύγκρουση με συμμετοχή μηχανοκίνητου οχήματος, μη οδικό ατύχημα",V
V88.9,"Άτομο που τραυματίζεται σε άλλα καθορισμένα (με σύγκρουση) (χωρίς σύγκρουση) ατυχήματα μεταφοράς με συμμετοχή μη μηχανοκίνητου οχήματος, μη οδικό ατύχημα",V
V89,"Ατύχημα με μηχανοκίνητο ή μη μηχανοκίνητο όχημα, χωρίς να καθορίζεται ο τύπος του οχήματος",V
V89.0,"Άτομο που τραυματίζεται σε ατύχημα με μη καθορισμένο μηχανοκίνητο όχημα, μη οδικό",V
V89.1,"Άτομο που τραυματίζεται σε ατύχημα με μη καθορισμένο μη μηχανοκίνητο όχημα, μη οδικό",V
V89.2,"Άτομο που τραυματίζεται σε ατύχημα με μη καθορισμένο μηχανοκίνητο όχημα, οδικό",V
V89.3,"Άτομο που τραυματίζεται σε οδικό ατύχημα με μη καθορισμένο μη μηχανοκίνητο όχημα, οδικό",V
V89.9,Άτομο που τραυματίζεται σε ατύχημα με μη καθορισμένο όχημα,V
V90,Ατύχημα με πλωτό σκάφος που προκαλεί πνιγμό και εμβύθιση,V
V91,Ατύχημα σε πλωτό σκάφος που προκαλεί άλλο τραυματισμό,V
V92,Πνιγμός και εμβύθιση που σχετίζεται με πλωτά μεταφορικά μέσα χωρίς ατύχημα σε σκάφος,V
V93,"Ατύχημα πάνω σε πλωτό σκάφος χωρίς ατύχημα του σκάφους, που δεν προκαλεί πνιγμό ή εμβύθιση",V
V94,Άλλα και μη καθορισμένα ατυχήματα πλωτών μεταφορών,V
V95,Ατύχημα σε μηχανοκίνητο αεροσκάφος που προκαλεί τραυματισμό επιβάτη,V
V95.0,Ατύχημα ελικοπτέρου με τραυματισμό επιβάτη,V
V95.1,"Ατύχημα πολύ ελαφρού, ελαφρού ή μηχανοκίνητου ανεμόπτερου με τραυματισμό επιβάτη",V
V95.2,"Ατύχημα με άλλο ιδιωτικό αεροσκάφος σταθερών πτερύγων, με τραυματισμό επιβάτη",V
V95.3,"Ατύχημα εμπορικού (επιβατικού) αεροσκάφους σταθερών πτερύγων, με τραυματισμό επιβάτη",V
V95.4,Ατύχημα διαστημικού σκάφους με τραυματισμό επιβάτη,V
V95.8,Άλλα αεροπορικά ατυχήματα με τραυματισμό επιβάτη,V
V95.9,Μη καθορισμένο αεροπορικό ατύχημα με τραυματισμό επιβάτη,V
V96,Ατύχημα σε μη μηχανοκίνητο αεροσκάφος που προκαλεί τραυματισμό επιβάτη,V
V96.0,Ατύχημα αερόστατου με τραυματισμό επιβάτη,V
V96.1,Ατύχημα αερόστατου με τραυματισμό επιβάτη,V
V96.2,Ατύχημα μη μηχανοκίνητου ανεμόπτερου με τραυματισμό επιβάτη,V
V96.8,Άλλα ατυχήματα μη μηχανοκίνητων αεροσκαφών με τραυματισμό επιβάτη,V
V96.9,Μη καθορισμένο ατύχημα μη μηχανοκίνητου αεροσκάφους με τραυματισμό επιβάτη,V
V97,Άλλα καθορισμένα αεροπορικά ατυχήματα,V
V97.0,Επιβάτης αεροσκάφους που τραυματίζεται σε άλλα καθορισμένα ατυχήματα αερομεταφοράς,V
V97.1,Άτομο που τραυματίζεται κατά την επιβίβαση ή αποβίβαση από το αεροσκάφος,V
V97.2,Αλεξιπτωτιστής που τραυματίζεται σε αεροπορικό ατύχημα,V
V97.3,Άτομο στο έδαφος που τραυματίζεται από αεροπορικό ατύχημα,V
V97.8,"Άλλα αεροπορικά ατυχήματα, που δεν ταξινομούνται αλλού",V
V98,Άλλα καθορισμένα ατυχήματα μεταφοράς,V
V99,Μη καθορισμένα ατυχήματα μεταφοράς,V
W00,Πτώση στο ίδιο επίπεδο συσχετιζόμενη με πάγο και χιόνι,W
W01,"Πτώση στο ίδιο επίπεδο από ολίσθηση, σκόνταμμα ή παραπάτημα",W
W02,"Πτώση με παγοπέδιλα, σκι, πατίνια ή σκέϊτμπορντ [skateboard]",W
W03,Άλλη πτώση στο ίδιο επίπεδο που οφείλεται σε σύγκρουση με ή ώθηση από άλλο άτομο,W
W04,Πτώση κατά τη διάρκεια μεταφοράς ή στήριξης από άλλα άτομα,W
W05,Πτώση συσχετιζόμενη με αναπηρική καρέκλα,W
W06,Πτώση συσχετιζόμενη με κρεβάτι,W
W07,Πτώση συσχετιζόμενη με καρέκλα,W
W08,Πτώση συσχετιζόμενη με άλλα έπιπλα,W
W09,Πτώση συσχετιζόμενη με εξοπλισμό παιδικής χαράς,W
W10,Πτώση επάνω σε ή από σκάλες (κλίμακες) και σκαλοπάτια,W
W11,"Πτώση επάνω σε ή από σκάλα (πτυσσόμενη, εργασίας)",W
W12,Πτώση επάνω σε ή από σκαλωσιά,W
W13,"Πτώση από, έξω από ή μέσα από κτίριο ή οικοδόμημα",W
W14,Πτώση από δέντρο,W
W15,Πτώση από βράχο (γκρεμό),W
W16,Βουτιά ή άλμα σε νερό που προκαλεί άλλον τραυματισμό εκτός από πνιγμό ή εμβύθιση,W
W17,Άλλη πτώση από το ένα επίπεδο σε άλλο,W
W18,Άλλη πτώση στο ίδιο επίπεδο,W
W19,Μη καθορισμένη πτώση,W
W20,"Χτύπημα από αντικείμενο που ρίχνεται, εκτοξεύεται ή πέφτει",W
W21,Χτύπημα επάνω σε ή από αθλητικό εξοπλισμό,W
W22,Χτύπημα επάνω σε ή από άλλα αντικείμενα,W
W23,"Παγίδευση, σύνθλιψη, ενσφήνωση ή σφίξιμο μέσα ή ανάμεσα σε αντικείμενα",W
W24,"Επαφή με ανυψωτικές συσκευές και συσκευές μετάδοσης της κίνησης, που δεν ταξινομούνται αλλού",W
W25,Επαφή με αιχμηρό γυαλί,W
W26,"Επαφή με μαχαίρι, ξίφος ή εγχειρίδιο",W
W27,Επαφή με χειροκίνητα εργαλεία,W
W28,Επαφή με μηχανοκίνητο χλοοκοπτικό μηχάνημα,W
W29,Επαφή με άλλα ηλεκτρικά εργαλεία χειρός και οικιακές συσκευές,W
W30,Επαφή με γεωργικά [αγροτικά] μηχανήματα,W
W31,Επαφή με άλλα και μη καθορισμένα μηχανήματα,W
W32,Πυροβολισμός περιστρόφου,W
W33,"Πυροβολισμός από καραμπίνα, κυνηγετικό όπλο και άλλα μεγαλύτερα πυροβόλα όπλα",W
W34,Πυροβολισμός από άλλα και μη καθορισμένα πυροβόλα όπλα,W
W35,Έκρηξη και ρήξη λέβητα,W
W36,Έκρηξη και ρήξη κυλίνδρου αερίων,W
W37,"Έκρηξη και ρήξη πεπιεσμένου ελαστικού (αυτοκινήτου), αγωγού και σωλήνα",W
W38,Έκρηξη και ρήξη άλλων καθορισμένων πεπιεσμένων συσκευών,W
W39,Έκρηξη πυροτεχνήματος,W
W40,Έκρηξη άλλων υλικών,W
W41,Έκθεση σε πίδακα από ακροφύσιο υψηλής πίεσης [jet],W
W42,Έκθεση σε θόρυβο,W
W43,Έκθεση σε δονήσεις,W
W44,Είσοδος ξένου σώματος εντός ή μέσω του οφθαλμού ή φυσικού στομίου,W
W45,Είσοδος ξένου σώματος ή αντικειμένου δια μέσου του δέρματος,W
W46,Επαφή με υποδερμική βελόνα,W
W49,Έκθεση σε άλλες και μη καθορισμένες άψυχες μηχανικές δυνάμεις,W
W50,"Χτύπημα, λάκτισμα, συστροφή, δήγμα ή εκδορά από άλλο άτομο",W
W51,Πλήγμα ή πρόσκρουση από άλλο άτομο,W
W52,"Σύνθλιψη, βίαιη ώθηση και ποδοπάτηση από πλήθος ή άτομα που τρέπονται σε άτακτη φυγή",W
W53,Δήγμα αρουραίου,W
W54,Δήγμα ή κτύπημα από σκύλο,W
W55,Δήγμα ή χτύπημα από άλλα θηλαστικά,W
W56,Επαφή με θαλάσσια ζώα,W
W57,Δήγμα ή νυγμός από μη δηλητηριώδες έντομο και άλλα μη δηλητηριώδη αρθρόποδα,W
W58,Δήγμα ή χτύπημα από κροκόδειλο ή αλιγάτορα,W
W59,Δήγμα ή σύνθλιψη από άλλα ερπετά,W
W60,Επαφή με αγκάθια και κοφτερά φύλλα φυτών,W
W64,Έκθεση σε άλλες και μη καθορισμένες έμψυχες μηχανικές δυνάμεις,W
W65,Πνιγμός και εμβύθιση ενώ βρίσκεται (το άτομο) μέσα στο λουτήρα (μπανιέρα),W
W66,Πνιγμός και εμβύθιση μετά από πτώση προς το λουτήρα (μπανιέρα),W
W67,Πνιγμός και εμβύθιση ενώ βρίσκεται (το άτομο) μέσα σε κολυμβητική δεξαμενή (πισίνα),W
W68,Πνιγμός και εμβύθιση μετά από πτώση προς τη κολυμβητική δεξαμενή (πισίνα),W
W69,Πνιγμός και εμβύθιση ενώ βρίσκεται (το άτομο) μέσα σε φυσικά ύδατα,W
W70,Πνιγμός και εμβύθιση μετά από πτώση προς φυσικά ύδατα,W
W73,Άλλος καθορισμένος πνιγμός και εμβύθιση,W
W74,Μη καθορισμένος πνιγμός και εμβύθιση,W
W75,Τυχαία ασφυξία και στραγγαλισμός στο κρεβάτι,W
W76,Άλλος τυχαίος απαγχονισμός και στραγγαλισμός,W
W77,"Απειλές για την αναπνοή που οφείλονται σε κατάρρευση, κατολίσθηση εδάφους και άλλες ουσίες",W
W78,Εισρόφηση γαστρικού περιεχομένου,W
W79,Εισρόφηση και κατάποση τροφής που προκαλεί απόφραξη της αναπνευστικής οδού,W
W80,Εισρόφηση και κατάποση άλλων αντικειμένων που προκαλούν απόφραξη των αεροφόρων οδών,W
W81,Περιορισμός ή παγίδευση σε περιβάλλον με χαμηλή περιεκτικότητα οξυγόνου,W
W83,Άλλες καθορισμένες απειλές για την αναπνοή,W
W84,Μη καθορισμένες απειλές για την αναπνοή,W
W85,Έκθεση σε γραμμές μεταφοράς ηλεκτρικού ρεύματος,W
W86,Έκθεση σε άλλο καθορισμένο ηλεκτρικό ρεύμα,W
W87,Έκθεση σε μη καθορισμένο ηλεκτρικό ρεύμα,W
W88,Έκθεση σε ιονίζουσα ακτινοβολία,W
W89,Έκθεση σε τεχνητό ορατό και υπεριώδες φως,W
W90,Έκθεση σε άλλη  μη ιονίζουσα ακτινοβολία,W
W91,Έκθεση σε μη καθορισμένο τύπο ακτινοβολίας,W
W92,Έκθεση σε υπερβολική θερμότητα τεχνητής προέλευσης,W
W93,Έκθεση σε υπερβολικό ψύχος τεχνητής προέλευσης,W
W94,Έκθεση σε υψηλή ή χαμηλή ατμοσφαιρική πίεση και σε μεταβολές της ατμοσφαιρικής πίεσης,W
W99,Έκθεση σε άλλους και μη καθορισμένους τεχνητούς περιβαλλοντικούς παράγοντες,W
X00,Έκθεση σε ανεξέλεγκτη πυρκαγιά μέσα σε κτίριο ή οικοδόμημα,X
X01,"Έκθεση σε ανεξέλεγκτη πυρκαγιά, εκτός κτιρίων ή οικοδομημάτων",X
X02,Έκθεση σε ελεγχόμενη πυρκαγιά μέσα σε κτίριο ή οικοδόμημα,X
X03,"Έκθεση σε ελεγχόμενη πυρκαγιά, εκτός κτιρίου ή οικοδομήματος",X
X04,Έκθεση σε ανάφλεξη εξαιρετικά εύφλεκτου υλικού,X
X05,Έκθεση σε ανάφλεξη ή τήξη νυχτικού,X
X06,Έκθεση σε ανάφλεξη ή τήξη άλλων υφασμάτων ή ενδυμασίας,X
X08,"Έκθεση σε άλλο καθορισμένο(η) καπνό, φωτιά και φλόγα",X
X09,"Έκθεση σε μη καθορισμένο(η) καπνό, φωτιά και φλόγα",X
X10,"Επαφή με καυτά ποτά, τρόφιμα, λίπη και μαγειρικά έλαια",X
X11,Επαφή με καυτό νερό βρύσης,X
X12,Επαφή με άλλα καυτά υγρά,X
X13,Επαφή με υδρατμούς και καυτούς ατμούς,X
X14,Επαφή με καυτό αέρα και αέρια,X
X15,Επαφή με καυτές οικιακές συσκευές,X
X16,"Επαφή με καυτές συσκευές θέρμανσης, σώματα καλοριφέρ και σωλήνες",X
X17,"Επαφή με καυτές μηχανές, μηχανήματα και εργαλεία",X
X18,Επαφή με άλλα καυτά μέταλλα,X
X19,Επαφή με άλλες και μη καθορισμένες  μορφές θερμότητας και καυτές ουσίες,X
X20,Επαφή με δηλητηριώδη φίδια και σαύρες,X
X21,Επαφή με δηλητηριώδεις αράχνες,X
X22,Επαφή με σκορπιούς,X
X23,"Επαφή με σφήκες, και μέλισσες",X
X24,Επαφή με σαρανταποδαρούσες και δηλητηριώδη μυριόποδα (τροπικά),X
X25,Επαφή με άλλα δηλητηριώδη αρθρόποδα,X
X26,Επαφή με δηλητηριώδη θαλάσσια ζώα και φυτά,X
X27,Επαφή με άλλα καθορισμένα δηλητηριώδη ζώα,X
X28,Επαφή με άλλα καθορισμένα δηλητηριώδη φυτά,X
X29,Επαφή με μη καθορισμένο δηλητηριώδες ζώο ή φυτό,X
X30,Έκθεση σε υπερβολική φυσική θερμότητα,X
X31,Έκθεση σε υπερβολικό φυσικό ψύχος,X
X32,Έκθεση σε ηλιακό φως,X
X33,Θύμα κεραυνού,X
X34,Θύμα σεισμού,X
X35,Θύμα έκρηξης ηφαιστείου,X
X36,"Θύμα χιονοστιβάδας, κατολίσθησης του εδάφους και άλλων γεωλογικών κινήσεων",X
X37,Θύμα κατακλυσμικής θύελλας,X
X38,Θύμα πλημμύρας,X
X39,Έκθεση σε άλλες και μη καθορισμένες δυνάμεις της φύσης,X
X40,"Τυχαία δηλητηρίαση από και έκθεση σε μη οπιοειδή αναλγητικά, αντιπυρετικά και αντιρευματικά",X
X41,"Τυχαία δηλητηρίαση από και έκθεση σε αντιεπιληπτικά, καταπραϋντικά-υπνωτικά, αντιπαρκινσονικά και ψυχοτρόπα φάρμακα, που δεν ταξινομούνται αλλού",X
X42,"Τυχαία δηλητηρίαση από και έκθεση σε ναρκωτικά και ψυχοδυσληπτικά [ψευδαισθησιογόνα], που δεν ταξινομούνται αλλού",X
X43,Τυχαία δηλητηρίαση από και έκθεση σε άλλα φάρμακα που δρουν στο αυτόνομο νευρικό σύστημα,X
X44,"Τυχαία δηλητηρίαση από και έκθεση σε άλλα και μη καθορισμένα φάρμακα, φαρμακευτικές και βιολογικές ουσίες",X
X45,Τυχαία δηλητηρίαση από και έκθεση σε αλκοόλ,X
X46,Τυχαία δηλητηρίαση από και έκθεση σε οργανικούς διαλύτες και αλογονομένους υδρογονάνθρακες και τους ατμούς αυτών,X
X47,Τυχαία δηλητηρίαση από και έκθεση σε άλλα αέρια και ατμούς,X
X48,Τυχαία δηλητηρίαση από και έκθεση σε εντομοκτόνα,X
X49,Τυχαία δηλητηρίαση από και έκθεση σε άλλες και μη καθορισμένες  χημικές και επιβλαβείς ουσίες,X
X50,Υπερπροσπάθεια και επίπονες ή επαναλαμβανόμενες κινήσεις,X
X51,Ταξίδια και (μετα)κίνηση,X
X52,Παράταση παραμονής σε συνθήκες έλλειψης βαρύτητας,X
X53,Στέρηση τροφής,X
X54,Στέρηση ύδατος,X
X57,Μη καθορισμένες μορφές στέρησης,X
X58,Έκθεση σε άλλους καθορισμένους παράγοντες,X
X59,Έκθεση σε μη καθορισμένο παράγοντα,X
X59.0,Έκθεση σε μη καθορισμένο παράγοντα που προκαλεί κάταγμα,X
X59.9,Έκθεση σε μη καθορισμένο παράγοντα που προκαλεί άλλο και μη καθορισμένο τραυματισμό,X
X60,"Σκόπιμη αυτοδηλητηρίαση από και έκθεση σε μη οπιοειδή αναλγητικά, αντιπυρετικά και αντιρευματικά",X
X61,"Σκόπιμη αυτοδηλητηρίαση από και έκθεση σε αντιεπιληπτικά, καταπραϋντικά- υπνωτικά, αντιπαρκινσονικά και ψυχοτρόπα φάρμακα, που δεν ταξινομούνται αλλού",X
X62,"Σκόπιμη αυτοδηλητηρίαση από και έκθεση σε ναρκωτικά και ψυχοδυσληπτικά [ψευδαισθησιογόνα], που δεν ταξινομούνται αλλού",X
X63,Σκόπιμη αυτοδηλητηρίαση από και έκθεση σε άλλα φάρμακα που δρουν στο αυτόνομο νευρικό σύστημα,X
X64,"Σκόπιμη αυτοδηλητηρίαση από και έκθεση σε άλλα και μη καθορισμένα φάρμακα, φαρμακευτικές και βιολογικές ουσίες",X
X65,Σκόπιμη αυτοδηλητηρίαση από και έκθεση στο αλκοόλ,X
X66,Σκόπιμη αυτοδηλητηρίαση από και έκθεση σε οργανικούς διαλύτες και αλογονομένους υδρογονάνθρακες και τους ατμούς τους,X
X67,Σκόπιμη αυτοδηλητηρίαση από και έκθεση σε άλλα αέρια και ατμούς,X
X68,Σκόπιμη αυτοδηλητηρίαση από και έκθεση σε εντομοκτόνα,X
X69,Σκόπιμη αυτοδηλητηρίαση από και έκθεση σε άλλες και μη καθορισμένες χημικές και επιβλαβείς ουσίες,X
X70,"Σκόπιμος αυτοτραυματισμός δια απαγχονισμού, στραγγαλισμού και ασφυξίας",X
X71,Σκόπιμος αυτοτραυματισμός δια πνιγμού και εμβύθισης,X
X72,Σκόπιμος αυτοτραυματισμός μέσω πυροβολισμού με περίστροφο,X
X73,"Σκόπιμος αυτοτραυματισμός μέσω πυροβολισμού με τυφέκιο, κυνηγητικό όπλο και πυροβόλο όπλο",X
X74,Σκόπιμος αυτοτραυματισμός μέσω πυροβολισμού με άλλο και μη καθορισμένο πυροβόλο όπλο,X
X75,Σκόπιμος αυτοτραυματισμός από εκρηκτικά υλικά,X
X76,"Σκόπιμος αυτοτραυματισμός από καπνό, φωτιά και φλόγες",X
X77,"Σκόπιμος αυτοτραυματισμός από υδρατμούς, καυτούς ατμούς και καυτά αντικείμενα",X
X78,Σκόπιμος αυτοτραυματισμός από αιχμηρό αντικείμενο,X
X79,Σκόπιμος αυτοτραυματισμός με αμβλύ αντικείμενο,X
X80,Σκόπιμος αυτοτραυματισμός μέσω άλματος από υψηλή τοποθεσία,X
X81,Σκόπιμος αυτοτραυματισμός με άλμα ή ξάπλωμα μπροστά από κινούμενο αντικείμενο,X
X82,Σκόπιμος αυτοτραυματισμός μέσω σύνθλιψης με μηχανοκίνητο όχημα,X
X83,Σκόπιμος αυτοτραυματισμός με άλλα καθορισμένα μέσα,X
X84,Σκόπιμος αυτοτραυματισμός με μη καθορισμένα μέσα,X
X85,"Επίθεση με φάρμακα, φαρμακευτικές και βιολογικές ουσίες",X
X86,Επίθεση με καυστική [διαβρωτική] ουσία,X
X87,Επίθεση με εντομοκτόνα,X
X88,Επίθεση με αέρια και ατμούς,X
X89,Επίθεση με άλλες καθορισμένες χημικές και επιβλαβείς ουσίες,X
X90,Επίθεση με μη καθορισμένες χημικές ή επιβλαβείς ουσίες,X
X91,"Επίθεση με απαγχονισμό, στραγγαλισμό και ασφυξία",X
X92,Επίθεση με πνιγμό και εμβύθιση,X
X93,Επίθεση με πυροβολισμό περίστροφου,X
X94,"Επίθεση με πυροβολισμό τυφεκίου, κυνηγητικού όπλου ή μεγάλου πυροβόλου όπλου",X
X95,Επίθεση με πυροβολισμό άλλων και μη καθορισμένων πυροβόλων όπλων,X
X96,Επίθεση με εκρηκτικό υλικό,X
X97,"Επίθεση με καπνό, φωτιά και φλόγες",X
X98,"Επίθεση με υδρατμούς, καυτούς ατμούς και καυτά αντικείμενα",X
X99,Επίθεση με αιχμηρό αντικείμενο,X
Y00,Επίθεση με αμβλύ αντικείμενο,Y
Y01,Επίθεση με ώθηση (ατόμου) από υψηλή τοποθεσία,Y
Y02,Επίθεση με ώθηση ή τοποθέτηση θύματος εμπρός από κινούμενο αντικείμενο,Y
Y03,Επίθεση με συντριβή μηχανοκίνητου οχήματος,Y
Y04,Επίθεση με (χρησιμοποίηση) σωματικής βίας,Y
Y05,Σεξουαλική επίθεση με (χρησιμοποίηση) σωματικής βίας,Y
Y06,Παραμέληση και εγκατάλειψη,Y
Y06.0,Από σύζυγο ή σύντροφο,Y
Y06.1,Από γονέα,Y
Y06.2,Από γνωστό ή φίλο,Y
Y06.8,Από άλλα καθορισμένα άτομα,Y
Y06.9,Από μη καθορισμένο άτομο,Y
Y07,Άλλα σύνδρομα κακοποίησης,Y
Y07.0,Από σύζυγο ή σύντροφο,Y
Y07.1,Από γονέα,Y
Y07.2,Από γνωστό ή φίλο,Y
Y07.3,Από επίσημες αρχές,Y
Y07.8,Από άλλα καθορισμένα άτομα,Y
Y07.9,Από μη καθορισμένο άτομο,Y
Y08,Επίθεση με άλλα καθορισμένα μέσα,Y
Y09,Επίθεση με μη καθορισμένα μέσα,Y
Y10,"Δηλητηρίαση από και έκθεση σε μη οπιοειδή αναλγητικά, αντιπυρετικά και αντιρευματικά, χωρίς καθορισμένη πρόθεση",Y
Y11,"Δηλητηρίαση από και έκθεση σε αντιεπιληπτικά, καταπραϋντικά-υπνωτικά, αντιπαρκινσονικά και ψυχοτρόπα φάρμακα, που δεν ταξινομούνται αλλού, χωρίς καθορισμένη πρόθεση",Y
Y12,"Δηλητηρίαση από και έκθεση σε ναρκωτικά και ψυχοδυσληπτικά [ψευδαισθησιογόνα], που δεν ταξινομούνται αλλού, χωρίς καθορισμένη πρόθεση",Y
Y13,"Δηλητηρίαση από και έκθεση σε άλλα φάρμακα που δρουν στο αυτόνομο νευρικό σύστημα, χωρίς καθορισμένη πρόθεση",Y
Y14,"Δηλητηρίαση από και έκθεση σε άλλα και μη καθορισμένα φάρμακα, φαρμακευτικές και βιολογικές ουσίες, χωρίς καθορισμένη πρόθεση",Y
Y15,"Δηλητηρίαση από και έκθεση στο αλκοόλ, χωρίς καθορισμένη πρόθεση",Y
Y16,"Δηλητηρίαση από και έκθεση σε οργανικούς διαλύτες και αλογονομένους υδρογονάνθρακες και στους ατμούς τους, χωρίς καθορισμένη πρόθεση",Y
Y17,"Δηλητηρίαση από και έκθεση σε άλλα αέρια και ατμούς, χωρίς καθορισμένη πρόθεση",Y
Y18,"Δηλητηρίαση από και έκθεση σε εντομοκτόνα, χωρίς καθορισμένη πρόθεση",Y
Y19,"Δηλητηρίαση από και έκθεση σε άλλες και καθορισμένες χημικές και επιβλαβείς ουσίες, χωρίς καθορισμένη πρόθεση",Y
Y20,"Απαγχονισμός, στραγγαλισμός και ασφυξία, χωρίς καθορισμένη πρόθεση",Y
Y21,"Πνιγμός και εμβύθιση, χωρίς καθορισμένη πρόθεση",Y
Y22,"Πυροβολισμός με περίστροφο, χωρίς καθορισμένη πρόθεση",Y
Y23,"Πυροβολισμός με τυφέκιο, κυνηγητικό όπλο και μεγάλο πυροβόλο όπλο, χωρίς καθορισμένη πρόθεση",Y
Y24,"Πυροβολισμός με άλλα και μη καθορισμένα πυροβόλα όπλα, χωρίς καθορισμένη πρόθεση",Y
Y25,"Επαφή με εκρηκτικό υλικό, χωρίς καθορισμένη πρόθεση",Y
Y26,"Έκθεση σε καπνό, φωτιά και φλόγες, χωρίς καθορισμένη πρόθεση",Y
Y27,"Επαφή με υδρατμούς, καυτούς ατμούς και καυτά αντικείμενα, χωρίς καθορισμένη πρόθεση",Y
Y28,"Επαφή με αιχμηρό αντικείμενο, χωρίς συγκεκριμένη πρόθεση",Y
Y29,"Επαφή με αμβλύ αντικείμενο, χωρίς καθορισμένη πρόθεση",Y
Y30,"Πτώση, άλμα ή ώθηση από υψηλή τοποθεσία, χωρίς καθορισμένη πρόθεση",Y
Y31,"Πτώση, ξάπλωμα ή τρέξιμο μπροστά ή σε κινούμενο αντικείμενο, χωρίς καθορισμένη πρόθεση",Y
Y32,"Συντριβή μηχανοκίνητου οχήματος, χωρίς καθορισμένη πρόθεση",Y
Y33,"Άλλα καθορισμένα γεγονότα, χωρίς καθορισμένη πρόθεση",Y
Y34,"Μη καθορισμένο γεγονός, χωρίς καθορισμένη πρόθεση",Y
Y35,Νόμιμη παρέμβαση,Y
Y35.0,Νόμιμη παρέμβαση που αφορά πυροβολισμό από πυροβόλο όπλο,Y
Y35.1,Νόμιμη παρέμβαση που αφορά εκρηκτικά,Y
Y35.2,Νόμιμη παρέμβαση που αφορά την χρήση αερίων,Y
Y35.3,Νόμιμη παρέμβαση που αφορά αμβλέα αντικείμενα,Y
Y35.4,Νόμιμη παρέμβαση που αφορά αιχμηρά αντικείμενα,Y
Y35.5,Νόμιμη εκτέλεση (θανατική),Y
Y35.6,Νόμιμη παρέμβαση με άλλα καθορισμένα μέσα,Y
Y35.7,"Νόμιμη παρέμβαση, με μη καθορισμένα μέσα",Y
Y36,Πολεμικές επιχειρήσεις,Y
Y36.0,Πολεμικές επιχειρήσεις που αφορούν έκρηξη θαλάσσιων όπλων,Y
Y36.1,Πολεμικές επιχειρήσεις που αφορούν καταστροφή αεροσκάφους,Y
Y36.2,Πολεμικές επιχειρήσεις που αφορούν άλλες εκρήξεις και θραύσματα,Y
Y36.3,"Πολεμικές επιχειρήσεις που αφορούν φωτιά, μεγάλη πυρκαγιά και καυτές ουσίες",Y
Y36.4,Πολεμικές επιχειρήσεις που αφορούν πυροβολισμό πυροβόλου όπλου και άλλες μορφές συμβατικού πολέμου,Y
Y36.5,Πολεμικές επιχειρήσεις που αφορούν πυρηνικά όπλα,Y
Y36.6,Πολεμικές επιχειρήσεις που αφορούν βιολογικά όπλα,Y
Y36.7,Πολεμικές επιχειρήσεις που αφορούν χημικά όπλα και άλλες μορφές μη συμβατικού πολέμου,Y
Y36.8,Πολεμικές επιχειρήσεις που λαμβάνουν χώρα μετά την κατάπαυση των εχθροπραξιών,Y
Y36.9,"Πολεμικές επιχειρήσεις, μη καθορισμένες",Y
Y40,Αντιβιοτικά που χορηγούνται συστηματικά,Y
Y40.0,Πενικιλίνες,Y
Y40.1,Κεφαλοσπορίνες και άλλα β-λακταμικά αντιβιοτικά,Y
Y40.2,Ομάδα της χλωραμφενικόλης,Y
Y40.3,Μακρολίδια,Y
Y40.4,Τετρακυκλίνες,Y
Y40.5,Αμινογλυκοσίδες,Y
Y40.6,Ριφαμυκίνες,Y
Y40.7,Αντιμυκητιακά που χορηγούνται συστηματικά,Y
Y40.8,Άλλα αντιβιοτικά που χορηγούνται συστηματικά,Y
Y40.9,"Αντιβιοτικό που χορηγείται συστηματικά, μη καθορισμένο",Y
Y41,Άλλα αντιμικροβιακά και αντιπαρασιτικά που χορηγούνται συστηματικά,Y
Y41.0,Σουλφοναμίδες,Y
Y41.1,Αντιμυκοβακτηριακά φάρμακα,Y
Y41.2,Ανθελονοσιακά και φάρμακα που δρουν σε άλλα πρωτόζωα του αίματος,Y
Y41.3,Άλλα αντιπρωτοζωικά φάρμακα,Y
Y41.4,Ανθελμινθικά,Y
Y41.5,Αντιϊικά φάρμακα,Y
Y41.8,"Άλλα καθορισμένα συστηματικώς χορηγούμενα αντιμικροβιακά και αντιπαρασιτικά, μη καθορισμένα",Y
Y41.9,"Συστηματικώς χορηγούμενο αντιμικροβιακό και αντιπαρασιτικό, μη καθορισμένο",Y
Y42,"Ορμόνες και τα συνθετικά τους υποκατάστατα και ανταγωνιστές, που δεν ταξινομούνται αλλού",Y
Y42.0,Γλυκοκορτικοειδή και τα συνθετικά τους ανάλογα,Y
Y42.1,Θυρεοειδικές ορμόνες και υποκατάστατα,Y
Y42.2,Αντιθυρεοειδικά φάρμακα,Y
Y42.3,Ινσουλίνη και από του στόματος υπογλυκαιμικά [αντιδιαβητικά] φάρμακα,Y
Y42.4,"Αντισυλληπτικά, από του στόματος",Y
Y42.5,Άλλα οιστρογόνα και προγεσταγόνα,Y
Y42.6,"Αντιγοναδοτροπίνες, αντιοιστρογόνα, αντιανδρογόνα, που δεν ταξινομούνται αλλού",Y
Y42.7,Ανδρογόνα και συγγενή αναβολικά,Y
Y42.8,Άλλες και μη καθορισμένες ορμόνες και τα συνθετικά τους υποκατάστατα,Y
Y42.9,Άλλοι και μη καθορισμένοι ορμονικοί ανταγωνιστές,Y
Y43,Παράγοντες με κύρια συστηματική δράση,Y
Y43.0,Αντιαλλεργικά και αντιεμετικά φάρμακα,Y
Y43.1,Αντινεοπλασματικοί αντιμεταβολίτες,Y
Y43.2,Αντινεοπλασματικά φυσικά προϊόντα,Y
Y43.3,Άλλα αντινεοπλασματικά φάρμακα,Y
Y43.4,Ανοσοκατασταλτικοί παράγοντες,Y
Y43.5,Οξινοποιητικοί και αλκαλοποιητικοί παράγοντες,Y
Y43.6,"Ενζυμα, που δεν ταξινομούνται αλλού",Y
Y43.8,"Άλλοι παράγοντες με κύρια συστηματική δράση, που δεν ταξινομούνται αλλού",Y
Y43.9,"Παράγοντας με κύρια συστηματική δράση, μη καθορισμένος",Y
Y44,Παράγοντες με κύρια δράση στα συστατικά του αίματος,Y
Y44.0,Σκευάσματα σιδήρου και άλλα σκευάσματα κατά της υπόχρωμης αναιμίας,Y
Y44.1,"Βιταμίνη Β12, φυλλικό οξύ και άλλα σκευάσματα κατά της μεγαλοβλαστικής αναιμίας",Y
Y44.2,Αντιπηκτικά,Y
Y44.3,"Ανταγωνιστές των αντιπηκτικών, βιταμίνη Κ και άλλοι παράγοντες με πηκτική δράση",Y
Y44.4,Αντιθρομβωτικά φάρμακα [αναστολείς συσσώρευσης αιμοπεταλίων],Y
Y44.5,Θρομβολυτικά φάρμακα,Y
Y44.6,Φυσικό αίμα και παράγωγα του αίματος,Y
Y44.7,Υποκατάστατα πλάσματος,Y
Y44.9,Άλλοι και μη καθορισμένοι παράγοντες με κύρια δράση στα συστατικά του αίματος,Y
Y45,"Αναλγητικά, αντιπυρετικά και αντιφλεγμονώδη φάρμακα",Y
Y45.0,Οπιοειδή και σχετικά αναλγητικά,Y
Y45.1,Σαλικυλικά,Y
Y45.2,Παράγωγα προπιονικού οξέος,Y
Y45.3,Άλλα μη στερεοειδή αντιφλεγμονώδη φάρμακα [ΜΣAΦ],Y
Y45.4,Αντιρευματικά,Y
Y45.5,Παράγωγα της 4-αμινοφαινόλης,Y
Y45.8,Άλλα αναλγητικά και αντιπυρετικά,Y
Y45.9,"Αναλγητικό, αντιπυρετικό και αντιφλεγμονώδες φάρμακο, μη καθορισμένο",Y
Y46,Αντιεπιληπτικά και αντιπαρκινσονικά φάρμακα,Y
Y46.0,Σουκινιμίδια,Y
Y46.1,Οξαζολιδινεδιόνες,Y
Y46.2,Παράγωγα της υδαντοΐνης,Y
Y46.3,Διοξυβαρβιτουρικά,Y
Y46.4,Ιμινοστιλβένες,Y
Y46.5,Βαλπροϊκό οξύ,Y
Y46.6,Άλλα και μη καθορισμένα αντιεπιληπτικά,Y
Y46.7,Αντιπαρκινσονικά φάρμακα,Y
Y46.8,Φάρμακα κατά της σπαστικότητας,Y
Y47,"Κατασταλτικά, υπνωτικά και αγχολυτικά φάρμακα",Y
Y47.0,"Βαρβιτουρικά, που δεν ταξινομούνται αλλού",Y
Y47.1,Βενζοδιαζεπίνες,Y
Y47.2,Παράγωγα της χλωράλης,Y
Y47.3,Παραλδεΰδη,Y
Y47.4,Ενώσεις βρωμίου,Y
Y47.5,"Μικτά κατασταλτικά και υπνωτικά, που δεν ταξινομούνται αλλού",Y
Y47.8,"Άλλα κατασταλτικά, υπνωτικά και αγχολυτικά φάρμακα",Y
Y47.9,"Κατασταλτικό, υπνωτικό και αγχολυτικό φάρμακα, μη καθορισμένο",Y
Y48,Αναισθητικά και θεραπευτικά αέρια,Y
Y48.0,Εισπνεόμενα αναισθητικά,Y
Y48.1,Αναισθητικά που χορηγούνται παρεντερικώς,Y
Y48.2,Άλλα και μη καθορισμένα γενικά αναισθητικά,Y
Y48.3,Τοπικά αναισθητικά,Y
Y48.4,"Αναισθητικό, μη καθορισμένο",Y
Y48.5,Θεραπευτικά αέρια,Y
Y49,"Ψυχοτρόπα φάρμακα, που δεν ταξινομούνται αλλού",Y
Y49.0,Τρικυκλικά και τετρακυκλικά αντικαταθλιπτικά,Y
Y49.1,Αντικαταθλιπτικά αναστολείς της μονοαμινοξειδάσης,Y
Y49.2,Άλλα και μη καθορισμένα αντικαταθλιπτικά,Y
Y49.3,Φαινοθειαζιδικά αντιψυχωσικά και νευροληπτικά,Y
Y49.4,Βουτυροφαινόνες και θειοξανθινικά νευροληπτικά,Y
Y49.5,Άλλα αντιψυχωσικά και νευροληπτικά,Y
Y49.6,Ψυχοδυσληπτικά [ψευδαισθησιογόνα],Y
Y49.7,Ψυχοδιεγερτικά με δυνατότητα κατάχρησης,Y
Y49.8,"Άλλα ψυχοτρόπα φάρμακα, που δεν ταξινομούνται αλλού",Y
Y49.9,"Ψυχοτρόπο φάρμακο, μη καθορισμένο",Y
Y50,"Διεγερτικά του κεντρικού νευρικού συστήματος, που δεν ταξινομούνται αλλού",Y
Y50.0,Αναληπτικά,Y
Y50.1,Ανταγωνιστές των οπιοειδών υποδοχέων,Y
Y50.2,"Μεθυλοξανθίνες, που δεν ταξινομούνται αλλού",Y
Y50.8,Άλλα διεγερτικά του κεντρικού νευρικού συστήματος,Y
Y50.9,"Διεγερτικό του κεντρικού νευρικού συστήματος, μη καθορισμένο",Y
Y51,Φάρμακα που δρουν κυρίως στο αυτόνομο νευρικό σύστημα,Y
Y51.0,Αντιχολινεστερασικοί παράγοντες,Y
Y51.1,Άλλα παρασυμπαθητικομιμητικά [χολινεργικά],Y
Y51.2,"Γαγγλιοπληγικά φάρμακα, που δεν ταξινομούνται αλλού",Y
Y51.3,Άλλα παρασυμπαθητικολυτικά [αντιχολινεργικά και αντιμουσκαρινικά] και σπασμολυτικά που δεν ταξινομούνται αλλού,Y
Y51.4,"Κύριοι α-αδρενεργικοί αγωνιστές, που δεν ταξινομούνται αλλού",Y
Y51.5,"Κυρίως β-αδρενεργικοί αγωνιστές, που δεν ταξινομούνται αλλού",Y
Y51.6,"Α-αδρενεργικοί ανταγωνιστές, που δεν ταξινομούνται αλλού",Y
Y51.7,"Β-αδρενεργικοί ανταγωνιστές, που δεν ταξινομούνται αλλού",Y
Y51.8,"Κεντρικώς δρώντες και αδρενεργικοί νευροαποκλειστές, που δεν ταξινομούνται αλλού",Y
Y51.9,Άλλα και μη καθορισμένα φάρμακα που δρουν κυρίως στο αυτόνομο νευρικό σύστημα,Y
Y52,Παράγοντες που δρουν κυρίως στο καρδιαγγειακό σύστημα,Y
Y52.0,Καρδιοτονωτικές γλυκοσίδες και φάρμακα με παρόμοια δράση,Y
Y52.1,Αποκλειστές των διαύλων ασβεστίου,Y
Y52.2,"Άλλα αντιαρρυθμικά φάρμακα, που δεν ταξινομούνται αλλού",Y
Y52.3,"Αγγειοδιασταλτικά των στεφανιαίων αγγείων, που δεν ταξινομούνται αλλού",Y
Y52.4,Αναστολείς του μετατρεπτικού ενζύμου της αγγειοτασίνης,Y
Y52.5,"Άλλα αντιυπερτασικά φάρμακα, που δεν ταξινομούνται αλλού",Y
Y52.6,Αντιυπερλιπιδαιμικά και αντιαρτηριοσκλυρηντικά φάρμακα,Y
Y52.7,Περιφερικά αγγειοδιασταλτικά,Y
Y52.8,"Φάρμακα κατά των κιρσών, συμπεριλαμβανομένων των σκληρυντικών παραγόντων",Y
Y52.9,Άλλοι και μη καθορισμένοι παράγοντες που κυρίως δρουν στο καρδιοαγγειακό σύστημα,Y
Y53,Παράγοντες που δρουν κυρίως στο γαστρεντερικό σύστημα,Y
Y53.0,Ανταγωνιστές των Η2-υποδοχέων της ισταμίνης,Y
Y53.1,Άλλα αντιόξινα και φάρμακα που αναστέλλουν την γαστρική έκκριση,Y
Y53.2,Διεγερτικά υπακτικά,Y
Y53.3,Αλατώδη και ωσμωτικά υπακτικά,Y
Y53.4,Άλλα υπακτικά,Y
Y53.5,Φάρμακα που διευκολύνουν την πέψη (των τροφών),Y
Y53.6,Αντιδιαρροϊκά φάρμακα,Y
Y53.7,Εμετικά,Y
Y53.8,Άλλοι παράγοντες που δρουν κυρίως στο γαστρεντερικό σύστημα,Y
Y53.9,"Παράγοντας που δρα κυρίως στο γαστρεντερικό σύστημα, μη καθορισμένος",Y
Y54,Παράγοντες που δρουν κυρίως στο ισοζύγιο του ύδατος και το μεταβολισμό  των μετάλλων και του ουρικού οξέος,Y
Y54.0,Αλατοκορτικοειδή,Y
Y54.1,Ανταγωνιστές των αλατοκορτικοειδών [ανταγωνιστές της αλδοστερόνης],Y
Y54.2,Αναστολέας της καρβονικής ανυδράσης,Y
Y54.3,Θειαζιδικά διουρητικά,Y
Y54.4,Διουρητικά της [υψηλής] αγκύλης,Y
Y54.5,Άλλα διουρητικά,Y
Y54.6,"Ηλεκτρολυτικοί, θερμιδικοί και παράγοντες που επηρεάζουν το ισοζύγιο ύδατος",Y
Y54.7,Παράγοντες που δρουν στην ασβεστοποίηση των οστών,Y
Y54.8,Παράγοντες που δρουν στο μεταβολισμό του ουρικού οξέος,Y
Y54.9,"Μεταλλικά άλατα, που δεν ταξινομούνται αλλού",Y
Y55,Παράγοντες που δρουν κυρίως στους λείους και σκελετικούς μύες και στο αναπνευστικό σύστημα,Y
Y55.0,Ωκυτόκα φάρμακα,Y
Y55.1,Μυοχαλαρωτικά των σκελετικών μυών [νευρομυικοί αποκλειστές],Y
Y55.2,Άλλοι και μη καθορισμένοι παράγοντες που δρουν κυρίως στους μύες,Y
Y55.3,Αντιβηχικά,Y
Y55.4,Αποχρεμπτικά,Y
Y55.5,Φάρμακα κατά του κοινού κρυολογήματος,Y
Y55.6,"Αντιασθματικά, που δεν ταξινομούνται αλλού",Y
Y55.7,Άλλοι και μη καθορισμένοι παράγοντες που δρουν κυρίως στο αναπνευστικό σύστημα,Y
Y56,"Τοπικοί παράγοντες που δρουν κυρίως στο δέρμα και τους βλεννογόνους και οφθαλμολογικά, ωτορινολαρυγγολογικά και οδοντιατρικά φάρμακα",Y
Y56.0,"Τοπικά αντιμυκητιακά, αντιμικροβιακά και αντιφλεγμονώδη φάρμακα, που δεν ταξινομούνται αλλού",Y
Y56.1,Αντικνησμώδη,Y
Y56.2,Τοπικά στυπτικά και τοπικά απολυμαντικά,Y
Y56.3,"Μαλακτικά, ελαιώδη και προστατευτικά του δέρματος",Y
Y56.4,"Κερατολυτικά, κερατοπλαστικά και άλλα φάρμακα και σκευάσματα για τη θεραπεία των τριχών",Y
Y56.5,Οφθαλμολογικά φάρμακα και σκευάσματα,Y
Y56.6,Ωτορινολαρυγγολογικά φάρμακα και σκευάσματα,Y
Y56.7,"Οδοντιατρικά φάρμακα, για τοπική εφαρμογή",Y
Y56.8,Άλλοι τοπικοί παράγοντες,Y
Y56.9,"Τοπικός παράγοντας, μη καθορισμένος",Y
Y57,Άλλα και μη καθορισμένα φάρμακα και φαρμακευτικές ουσίες,Y
Y57.0,Κατασταλτικά της όρεξης [ανορεκτικά],Y
Y57.1,Λιποτρόπα φάρμακα,Y
Y57.2,"Αντίδοτα και χηλικοί παράγοντες, που δεν ταξινομούνται αλλού",Y
Y57.3,Αποτρεπτικά του οινοπνεύματος,Y
Y57.4,Φαρμακευτικά έκδοχα,Y
Y57.5,Μέσα που χρησιμοποιούνται για τη λήψη ακτινογραφιών [σκιαγραφικά],Y
Y57.6,Άλλοι διαγνωστικοί παράγοντες,Y
Y57.7,"Βιταμίνες, που δεν ταξινομούνται αλλού",Y
Y57.8,Άλλα φάρμακα και φαρμακευτικές ουσίες,Y
Y57.9,"Φάρμακο και φαρμακευτική ουσία, μη καθορισμένη",Y
Y58,Βακτηριακά εμβόλια,Y
Y58.0,Εμβόλιο ΒCG,Y
Y58.1,Εμβόλιο κατά της σαλμονέλας του τυφοειδούς και του παράτυφου,Y
Y58.2,Εμβόλιο κατά της χολέρας,Y
Y58.3,Εμβόλιο κατά της πανώλης,Y
Y58.4,Εμβόλιο αντιτετανικό,Y
Y58.5,Εμβόλιο αντιδιφθεριτιδικό,Y
Y58.6,"Εμβόλιο αντικοκκυτικό, συμπεριλαμβανομένων των συνδυασμών με συστατικό του κοκκύτη",Y
Y58.8,"Συνδυασμένα βακτηριακά εμβόλια, εκτός των συνδυασμών με συστατικό του κοκκύτη",Y
Y58.9,Άλλα και μη καθορισμένα βακτηριακά,Y
Y59,Άλλα και μη καθορισμένα εμβόλια και βιολογικές ουσίες,Y
Y59.0,Εμβόλια κατά των ιών,Y
Y59.1,Εμβόλια κατά των ρικετσιών,Y
Y59.2,Εμβόλια κατά των πρωτόζωων,Y
Y59.3,Ανοσοοσφαιρίνη,Y
Y59.8,Άλλα καθορισμένα εμβόλια και βιολογικές ουσίες,Y
Y59.9,"Εμβόλιο ή βιολογική ουσία, μη καθορισμένη",Y
Y60,"Ακούσια διατομή, νύξη, διάτρηση ή αιμορραγία κατά τη διάρκεια χειρουργικής και ιατρικής φροντίδας",Y
Y60.0,Κατά τη διάρκεια χειρουργικής επέμβασης,Y
Y60.1,Κατά τη διάρκεια έγχυσης ή μετάγγισης,Y
Y60.2,Κατά τη διάρκεια νεφρικής αιμοκάθαρσης ή άλλης μορφής διάχυσης,Y
Y60.3,Κατά τη διάρκεια ένεσης ή εμβολιασμού,Y
Y60.4,Κατά τη διάρκεια ενδοσκόπησης,Y
Y60.5,Κατά τη διάρκεια καρδιακού καθετηριασμού,Y
Y60.6,"Κατά τη διάρκεια αναρρόφησης, νύξης και άλλου καθετηριασμού",Y
Y60.7,Κατά τη διάρκεια χορήγησης υποκλυσμού,Y
Y60.8,Κατά τη διάρκεια άλλων μορφών χειρουργικής και ιατρικής φροντίδας,Y
Y60.9,Κατά τη διάρκεια μη καθορισμένης χειρουργικής και ιατρικής φροντίδας,Y
Y61,Τυχαία παραμονή ξένου αντικειμένου μέσα στο σώμα κατά τη διάρκεια χειρουργικής και ιατρικής φροντίδας,Y
Y61.0,Κατά τη διάρκεια χειρουργικής επέμβασης,Y
Y61.1,Κατά τη διάρκεια έγχυσης ή μετάγγισης,Y
Y61.2,Κατά τη διάρκεια νεφρικής αιμοκάθαρσης ή άλλης μορφής διάχυσης,Y
Y61.3,Κατά τη διάρκεια ένεσης ή εμβολιασμού,Y
Y61.4,Κατά τη διάρκεια ενδοσκόπησης,Y
Y61.5,Κατά τη διάρκεια καρδιακού καθετηριασμού,Y
Y61.6,"Κατά τη διάρκεια αναρρόφησης, νύξης και άλλου καθετηριασμού",Y
Y61.7,Κατά τη διάρκεια μετακίνησης καθετήρα ή επιπωματισμού,Y
Y61.8,Κατά τη διάρκεια άλλων μορφών χειρουργικής και ιατρικής φροντίδας,Y
Y61.9,Κατά τη διάρκεια μη καθορισμένης χειρουργικής και ιατρικής φροντίδας,Y
Y62,"Αποτυχία μέτρων αντισηψίας, κατά τη διάρκεια χειρουργικής και ιατρικής φροντίδας",Y
Y62.0,Κατά τη διάρκεια χειρουργικής επέμβασης,Y
Y62.1,Κατά τη διάρκεια έγχυσης ή μετάγγισης,Y
Y62.2,Κατά τη διάρκεια νεφρικής αιμοκάθαρσης ή άλλης μορφής διάχυσης,Y
Y62.3,Κατά τη διάρκεια ένεσης ή ανοσοποίησης,Y
Y62.4,Κατά τη διάρκεια ενδοσκόπησης,Y
Y62.5,Κατά τη διάρκεια καρδιακού καθετηριασμού,Y
Y62.6,"Κατά τη διάρκεια αναρρόφησης, νύξης και άλλου καθετηριασμού",Y
Y62.8,Κατά τη διάρκεια άλλων μορφών χειρουργικής και ιατρικής φροντίδας,Y
Y62.9,Κατά τη διάρκεια μη καθορισμένης χειρουργικής και ιατρικής φροντίδας,Y
Y63,Λανθασμένη δοσολογία (φαρμάκων ή άλλων υγρών) κατά τη διάρκεια χειρουργικής και ιατρικής φροντίδας,Y
Y63.0,Υπερβολική ποσότητα αίματος ή άλλου υγρού που χορηγείται κατά τη διάρκεια μετάγγισης ή έγχυσης,Y
Y63.1,Λανθασμένη αραίωση του υγρού που χρησιμοποιείται κατά τη διάρκεια έγχυσης,Y
Y63.2,Υπερδοσολογία στη χορηγούμενη ακτινοβολία κατά τη διάρκεια θεραπείας,Y
Y63.3,Ακούσια έκθεση ασθενούς σε ακτινοβολία κατά τη διάρκεια ιατρικής φροντίδας,Y
Y63.4,Λανθασμένη δοσολογία κατά την ηλεκτροσπασμοθεραπεία ή θεραπεία με ινσουλινικό shock,Y
Y63.5,Ακατάλληλη θερμοκρασία κατά την τοπική εφαρμογή και τον επιπωματισμό,Y
Y63.6,"Μη χορήγηση του απαραίτητου φαρμάκου, φαρμακευτικής ή βιολογικής ουσίας",Y
Y63.8,Λανθασμένη δοσολογία κατά τη διάρκεια άλλων μορφών χειρουργικής και ιατρικής φροντίδας,Y
Y63.9,Λανθασμένη δοσολογία κατά τη διάρκεια μη καθορισμένης χειρουργικής και ιατρικής φροντίδας,Y
Y64,Μολυσμένες ιατρικές ή βιολογικές ουσίες,Y
Y64.0,"Μολυσμένη ιατρική ή βιολογική ουσία, που μεταγγίζεται ή εγχέεται",Y
Y64.1,"Μολυσμένη ιατρική ή βιολογική ουσία, που ενίεται ή χρησιμοποιείται για εμβολιασμό",Y
Y64.8,Μολυσμένη ιατρική ή βιολογική ουσία που χορηγείται με άλλα μέσα,Y
Y64.9,Μολυσμένη ιατρική ή βιολογική ουσία που χορηγείται με μη καθορισμένα μέσα,Y
Y65,Άλλα ατυχή περιστατικά κατά τη διάρκεια χειρουργικής και ιατρικής φροντίδας,Y
Y65.0,Χρησιμοποίηση λανθασμένα διασταυρωμένου αίματος σε μετάγγιση,Y
Y65.1,Χρησιμοποίηση λανθασμένου υγρού σε έγχυση,Y
Y65.2,Αποτυχία της συρραφής ή απολίνωσης (τραύματος) κατά τη διάρκεια χειρουργικής επέμβασης,Y
Y65.3,Λανθασμένη τοποθέτηση ενδοτραχειακού σωλήνα κατά τη διάρκεια αναισθησίας,Y
Y65.4,Αποτυχία εισαγωγής ή απομάκρυνσης άλλου σωλήνα ή εργαλείου (ιατρικού),Y
Y65.5,Εκτέλεση ακατάλληλης χειρουργικής επέμβασης,Y
Y65.8,Άλλα καθορισμένα ατυχή περιστατικά κατά τη διάρκεια χειρουργικής και ιατρικής φροντίδας,Y
Y66,Μη χορήγηση χειρουργικής και ιατρικής φροντίδας,Y
Y69,Μη καθορισμένο ατυχές περιστατικό κατά τη διάρκεια χειρουργικής και ιατρικής φροντίδας,Y
Y70,Συσκευές αναισθησίας που σχετίζονται με ανεπιθύμητα περιστατικά,Y
Y71,Καρδιαγγειακές συσκευές που σχετίζονται με ανεπιθύμητα περιστατικά,Y
Y72,Ωτορινολαρυγγολογικές συσκευές που σχετίζονται με ανεπιθύμητα περιστατικά,Y
Y73,Γαστρεντερολογικές και ουρολογικές συσκευές που σχετίζονται με ανεπιθύμητα περιστατικά,Y
Y74,Συσκευές σε γενικό νοσοκομείο και ιδιωτικά χρησιμοποιούμενες που σχετίζονται με ανεπιθύμητα περιστατικά,Y
Y75,Νευρολογικές συσκευές που σχετίζονται με ανεπιθύμητα περιστατικά,Y
Y76,Μαιευτικές και γυναικολογικές συσκευές που σχετίζονται με ανεπιθύμητα περιστατικά,Y
Y77,Οφθαλμικές συσκευές που σχετίζονται με ανεπιθύμητα περιστατικά,Y
Y78,Ακτινολογικά μηχανήματα που σχετίζονται με ανεπιθύμητα περιστατικά,Y
Y79,Ορθοπεδικές συσκευές που σχετίζονται με ανεπιθύμητα περιστατικά,Y
Y80,Συσκευές φυσιατρικής που σχετίζονται με ανεπιθύμητα περιστατικά,Y
Y81,Συσκευές γενικής και πλαστικής χειρουργικής που σχετίζονται με ανεπιθύμητα περιστατικά,Y
Y82,Άλλες και μη καθορισμένες ιατρικές συσκευές που σχετίζονται με ανεπιθύμητα περιστατικά,Y
Y83,"Χειρουργική επέμβαση και άλλες χειρουργικές πράξεις που προκαλούν παθολογική αντίδραση του ασθενή ή άλλη όψιμη επιπλοκή, χωρίς αναφορά σε ατυχές περιστατικό κατά τη διάρκεια της επέμβασης",Y
Y83.0,Χειρουργική επέμβαση με μεταμόσχευση ολόκληρου οργάνου,Y
Y83.1,Χειρουργική επέμβαση με εμφύτευση τεχνητής εσωτερικής συσκευής,Y
Y83.2,"Χειρουργική επέμβαση με αναστόμωση, παράκαμψη ή τοποθέτηση μοσχεύματος",Y
Y83.3,Χειρουργική επέμβαση με δημιουργία εξωτερικής στομίας,Y
Y83.4,Άλλη χειρουργική αποκατάσταση (ανάπλαση),Y
Y83.5,Ακρωτηριασμός άκρου(ων),Y
Y83.6,Αφαίρεση άλλου οργάνου (μερική) (ολική),Y
Y83.8,Άλλες χειρουργικές επεμβάσεις,Y
Y83.9,"Χειρουργική επέμβαση, μη καθορισμένη",Y
Y84,"Άλλες ιατρικές επεμβάσεις που προκαλούν παθολογική αντίδραση του ασθενή ή όψιμη επιπλοκή, χωρίς αναφορά σε ατυχές περιστατικό κατά τη διάρκεια της επέμβασης",Y
Y84.0,Καρδιακός καθετηριασμός,Y
Y84.1,Νεφρική αιμοκάθαρση,Y
Y84.2,Ακτινολογικές πράξεις και ακτινοθεραπεία,Y
Y84.3,Θεραπεία με shock,Y
Y84.4,Εισρόφηση υγρού,Y
Y84.5,Εισαγωγή μήλης στο στόμαχο ή το δωδεκαδάκτυλο,Y
Y84.6,Καθετηριασμός του ουροποιητικού συστήματος,Y
Y84.7,Δειγματοληψία αίματος,Y
Y84.8,Άλλες ιατρικές πράξεις,Y
Y84.9,"Ιατρική πράξη, μη καθορισμένη",Y
Y85,Όψιμα αποτελέσματα ατυχημάτων μεταφοράς,Y
Y85.0,Όψιμα αποτελέσματα ατυχήματος με μηχανοκίνητο όχημα,Y
Y85.9,Όψιμα αποτελέσματα άλλων και μη καθορισμένων ατυχημάτων μεταφοράς,Y
Y86,Όψιμα αποτελέσματα άλλων ατυχημάτων,Y
Y87,"Όψιμα αποτελέσματα σκόπιμου αυτοτραυματισμού, επίθεσης και γεγονότων χωρίς καθορισμένη πρόθεση",Y
Y87.0,Όψιμα αποτελέσματα σκόπιμου αυτοτραυματισμού,Y
Y87.1,Όψιμα αποτελέσματα επίθεσης,Y
Y87.2,Όψιμα αποτελέσματα γεγονότων μη καθορισμένης πρόθεσης,Y
Y88,Όψιμα αποτελέσματα όπου η χειρουργική και ιατρική φροντίδα αποτελούν την εξωτερική αιτία,Y
Y88.0,"Όψιμα αποτελέσματα ανεπιθύμητων ενεργειών προκαλούνται από φάρμακα, φαρμακευτικές και βιολογικές ουσίες κατά τη θεραπευτική τους χρήση",Y
Y88.1,Όψιμα αποτελέσματα ατυχών περιστατικών που συμβαίνουν στον ασθενή κατά τη διάρκεια χειρουργικών και ιατρικών πράξεων,Y
Y88.2,Όψιμα αποτελέσματα ανεπιθύμητων περιστατικών που σχετίζονται με ιατρικές συσκευές κατά τη διαγνωστική και θεραπευτική τους χρήση,Y
Y88.3,"Όψιμα αποτελέσματα χειρουργικών και ιατρικών πράξεων ως η αιτία παθολογικής αντίδρασης του ασθενούς ή όψιμης επιπλοκής, χωρίς αναφορά στο ατυχές περιστατικό κατά τη διάρκεια της πράξης",Y
Y89,Όψιμα αποτελέσματα άλλων εξωτερικών αιτιών,Y
Y89.0,Όψιμα αποτελέσματα νόμιμης παρέμβασης,Y
Y89.1,Όψιμα αποτελέσματα πολεμικών επιχειρήσεων,Y
Y89.9,Όψιμα αποτελέσματα μη καθορισμένης εξωτερικής αιτίας,Y
Y90,Απόδειξη της συμμετοχής αλκοόλ μέσω προσδιορισμού του επιπέδου της αλκοόλης στο αίμα,Y
Y90.0,Επίπεδο αλκοόλ στο αίμα λιγότερο από 20 mg/100 ml,Y
Y90.1,Επίπεδο αλκοόλ στο αίμα από 20 - 39 mg/100 ml,Y
Y90.2,Επίπεδο αλκοόλ στο αίμα από 40 - 59 mg/100 ml,Y
Y90.3,Επίπεδο αλκοόλ στο αίμα από 60 - 79 mg/100 ml,Y
Y90.4,Επίπεδο αλκοόλ στο αίμα από 80 - 99 mg/100 ml,Y
Y90.5,Επίπεδο αλκοόλ στο αίμα από 100 - 119 mg/100 ml,Y
Y90.6,Επίπεδο αλκοόλ στο αίμα από 120 - 199 mg/100 ml,Y
Y90.7,Επίπεδο αλκοόλ στο αίμα από 200 - 239 mg/100 ml,Y
Y90.8,Επίπεδο αλκοόλ στο αίμα από 240 mg/100 ml ή περισσότερο,Y
Y90.9,"Παρουσία αλκοόλ στο αίμα, χωρίς να καθορίζεται το επίπεδο",Y
Y91,Απόδειξη της συμμετοχής αλκοόλ μέσω προσδιορισμού του επιπέδου της δηλητηρίασης,Y
Y91.0,Ήπια δηλητηρίαση από αλκοόλ (μέθη),Y
Y91.1,Μέτρια δηλητηρίαση από αλκοόλ,Y
Y91.2,Σοβαρή δηλητηρίαση από αλκοόλ,Y
Y91.3,Πολύ σοβαρή δηλητηρίαση από αλκοόλ,Y
Y91.9,"Συμμετοχή αλκοόλ, που δεν καθορίζεται αλλιώς",Y
Y95,Νοσοκομειακή κατάσταση,Y
Y96,Κατάσταση που σχετίζεται με την εργασία (επάγγελμα),Y
Y97,Κατάσταση που σχετίζεται με την μόλυνση του περιβάλλοντος,Y
Y98,Κατάσταση που σχετίζεται με τον τρόπο ζωής,Y
Z00,Γενική εξέταση και διερεύνηση ατόμων χωρίς ενόχλημα και αναφερόμενη διάγνωση,Z
Z00.0,Γενική ιατρική εξέταση,Z
Z00.1,Εξέταση ρουτίνας παιδιού,Z
Z00.2,Εξέταση για την περίοδο της ταχείας ανάπτυξης κατά την παιδική ηλικία,Z
Z00.3,Εξέταση για το επίπεδο της ανάπτυξης κατά την εφηβεία,Z
Z00.4,"Γενική ψυχιατρική εξέταση, που δεν ταξινομείται αλλού",Z
Z00.5,Εξέταση πιθανού δότη οργάνου και ιστού,Z
Z00.6,Εξέταση για φυσιολογικές συγκρίσεις και έλεγχο σε πρόγραμμα κλινικής έρευνας,Z
Z00.8,Άλλες γενικές εξετάσεις,Z
Z01,Άλλες ειδικές εξετάσεις και διερευνήσεις ατόμων χωρίς ενοχλήματα ή αναφερόμενη διάγνωση,Z
Z01.0,Εξέταση οφθαλμών και όρασης,Z
Z01.1,Εξέταση  ώτων και ακοής,Z
Z01.2,Οδοντιατρική εξέταση,Z
Z01.3,Εξέταση της αρτηριακής πίεσης,Z
Z01.4,Γυναικολογική εξέταση (γενική) (ρουτίνας),Z
Z01.5,Διαγνωστικές δερματικές δοκιμασίες και δοκιμασίες ευαισθησίας,Z
Z01.6,"Ακτινολογική εξέταση,  που δεν ταξινομείται αλλού",Z
Z01.7,Εργαστηριακή εξέταση,Z
Z01.8,Άλλες καθορισμένες ειδικές εξετάσεις,Z
Z01.9,"Ειδική εξέταση, μη καθορισμένη",Z
Z02,Εξέταση για διοικητικούς σκοπούς,Z
Z02.0,Εξέταση για την εισαγωγή σε εκπαιδευτικό ίδρυμα,Z
Z02.1,Εξέταση που προηγείται της πρόσληψης ατόμου σε εργασία,Z
Z02.2,Εξέταση για την εισαγωγή ατόμων σε ιδρύματα,Z
Z02.3,Εξέταση για την κατάταξη στις ένοπλες δυνάμεις,Z
Z02.4,Εξέταση για άδεια οδήγησης,Z
Z02.5,Εξέταση για συμμετοχή σε άθλημα,Z
Z02.6,Εξέταση για ασφαλιστικούς σκοπούς,Z
Z02.7,Έκδοση ιατρικού πιστοποιητικού,Z
Z02.8,Άλλες εξετάσεις για διοικητικούς σκοπούς,Z
Z02.9,"Εξέταση για διοικητικούς σκοπούς, μη καθορισμένη",Z
Z03,Ιατρική παρακολούθηση και εκτίμηση για ύποπτα νοσήματα και καταστάσεις,Z
Z03.0,Παρακολούθηση για ύποπτη φυματίωση,Z
Z03.1,Παρακολούθηση για ύποπτο κακόηθες νεόπλασμα,Z
Z03.2,Παρακολούθηση για ύποπτες ψυχικές διαταραχές και διαταραχές συμπεριφοράς,Z
Z03.3,Παρακολούθηση για ύποπτη διαταραχή του νευρικού συστήματος,Z
Z03.4,Παρακολούθηση για ύποπτο έμφραγμα του μυοκαρδίου,Z
Z03.5,Παρακολούθηση για άλλα ύποπτα καρδιαγγειακά νοσήματα,Z
Z03.6,Παρακολούθηση για ύποπτη τοξική επίδραση από την κατάποση ουσίας,Z
Z03.8,Παρακολούθηση για άλλα ύποπτα νοσήματα και καταστάσεις,Z
Z03.9,"Παρακολούθηση για ύποπτο νόσημα ή κατάσταση, μη καθορισμένη",Z
Z04,Εξέταση και παρακολούθηση για άλλους λόγους,Z
Z04.0,Εξέταση αίματος για επίπεδο αλκοόλ και επίπεδο φαρμάκου,Z
Z04.1,Εξέταση και παρακολούθηση μετά από ατύχημα μεταφοράς,Z
Z04.2,Εξέταση και παρακολούθηση μετά από εργατικό ατύχημα,Z
Z04.3,Εξέταση και παρακολούθηση μετά από άλλο ατύχημα,Z
Z04.4,Εξέταση και παρακολούθηση μετά από ισχυρισμό για  βιασμό και αποπλάνηση,Z
Z04.5,Εξέταση και παρακολούθηση μετά από άλλη προκληθείσα σωματική βλάβη,Z
Z04.6,"Γενική ψυχιατρική εξέταση, μετά από αίτημα των αρχών",Z
Z04.8,Εξέταση  και παρατήρηση για άλλους καθορισμένους λόγους,Z
Z04.9,Εξέταση  και παρατήρηση για μη καθορισμένο λόγο,Z
Z08,Περιοδική εξέταση παρακολούθησης [follow-up] μετά τη θεραπεία για κακοήθη νεοπλάσματα,Z
Z08.0,Περιοδική εξέταση παρακολούθησης [follow-up] μετά από χειρουργική επέμβαση για κακόηθες νεόπλασμα,Z
Z08.1,Περιοδική εξέταση παρακολούθησης [follow-up] μετά από ακτινοθεραπεία για κακόηθες νεόπλασμα,Z
Z08.2,Περιοδική εξέταση παρακολούθησης [follow-up] μετά από χημειοθεραπεία για κακόηθες νεόπλασμα,Z
Z08.7,Περιοδική εξέταση παρακολούθησης [follow-up] μετά από συνδυασμένη θεραπεία για κακόηθες νεόπλασμα,Z
Z08.8,Περιοδική εξέταση παρακολούθησης [follow-up] μετά από άλλη θεραπεία για κακόηθες νεόπλασμα,Z
Z08.9,Περιοδική εξέταση παρακολούθησης [follow-up] μετά από μη καθορισμένη θεραπεία για κακόηθες νεόπλασμα,Z
Z09,Περιοδική εξέταση παρακολούθησης [follow-up] μετά από θεραπεία για άλλες καταστάσεις εκτός κακοήθων νεοπλασμάτων,Z
Z09.0,Περιοδική εξέταση παρακολούθησης [follow-up] μετά από εγχείρηση για άλλες καταστάσεις,Z
Z09.1,Περιοδική εξέταση παρακολούθησης [follow-up] μετά από ακτινοθεραπεία για άλλες καταστάσεις,Z
Z09.2,Περιοδική εξέταση παρακολούθησης [follow-up] μετά από χημειοθεραπεία για άλλες καταστάσεις,Z
Z09.3,Περιοδική εξέταση παρακολούθησης [follow-up] μετά από ψυχοθεραπεία,Z
Z09.4,Περιοδική εξέταση παρακολούθησης [follow-up] μετά από θεραπεία κατάγματος,Z
Z09.7,Περιοδική εξέταση παρακολούθησης [follow-up] μετά από συνδυασμένη θεραπεία για άλλες καταστάσεις,Z
Z09.8,Περιοδική εξέταση παρακολούθησης [follow-up] μετά από άλλη θεραπεία για άλλες καταστάσεις,Z
Z09.9,Περιοδική εξέταση παρακολούθησης [follow-up] μετά από μη καθορισμένη θεραπεία για άλλες καταστάσεις,Z
Z10,Γενικός προσυμπτωματικός έλεγχος ρουτίνας καθορισμένου υποπληθυσμού,Z
Z10.0,Εξέταση επαγγελματικής υγείας,Z
Z10.1,Γενικός προσυμπτωματικός έλεγχος ρουτίνας ενοίκων ιδρυμάτων,Z
Z10.2,Γενικός προσυμπτωματικός έλεγχος ρουτίνας στις ένοπλες δυνάμεις,Z
Z10.3,Γενικός προσυμπτωματικός έλεγχος ρουτίνας σε αθλητικές ομάδες,Z
Z10.8,Γενικός προσυμπτωματικός έλεγχος ρουτίνας άλλων καθορισμένων υποπληθυσμών,Z
Z11,Ειδική εξέταση διαλογής για λοιμώδη και παρασιτικά νοσήματα,Z
Z11.0,Ειδική εξέταση διαλογής για λοιμώδη νοσήματα του εντέρου,Z
Z11.1,Ειδική εξέταση διαλογής για τη φυματίωση του αναπνευστικού,Z
Z11.2,Ειδική εξέταση διαλογής για άλλα βακτηριακά νοσήματα,Z
Z11.3,Ειδική εξέταση διαλογής για λοιμώξεις που μεταδίδονται κυρίως με τη σεξουαλική οδό,Z
Z11.4,Ειδική εξέταση διαλογής για τον ιό της επίκτητης ανοσοανεπάρκειας του ανθρώπου [HIV],Z
Z11.5,Ειδική εξέταση διαλογής για άλλα ιογενή νοσήματα,Z
Z11.6,Ειδική εξέταση διαλογής για άλλα πρωτοζωϊκά νοσήματα και ελμινθιάσεις,Z
Z11.8,Ειδική εξέταση διαλογής για άλλα λοιμώδη και παρασιτικά νοσήματα:,Z
Z11.9,"Ειδική εξέταση διαλογής για λοιμώδη και παρασιτικά νοσήματα, μη καθορισμένα",Z
Z12,Ειδική εξέταση διαλογής για νεοπλάσματα,Z
Z12.0,Ειδική εξέταση διαλογής για νεόπλασμα του στομάχου,Z
Z12.1,Ειδική εξέταση διαλογής για νεόπλασμα της εντερικής οδού,Z
Z12.2,Ειδική εξέταση διαλογής για νεόπλασμα αναπνευστικών οργάνων,Z
Z12.3,Ειδική εξέταση διαλογής για νεόπλασμα του μαστού,Z
Z12.4,Ειδική εξέταση διαλογής για νεόπλασμα του τραχήλου της μήτρας,Z
Z12.5,Ειδική εξέταση διαλογής για νεόπλασμα του προστάτη,Z
Z12.6,Ειδική εξέταση διαλογής για νεόπλασμα της ουροδόχου κύστης,Z
Z12.8,Ειδική εξέταση διαλογής για νεοπλάσματα άλλων εντοπίσεων,Z
Z12.9,"Ειδική εξέταση διαλογής για νεόπλασμα, μη καθορισμένο",Z
Z13,Ειδική εξέταση διαλογής για άλλα νοσήματα και διαταραχές,Z
Z13.0,Ειδική εξέταση διαλογής για νοσήματα του αίματος και των αιμοποιητικών οργάνων και για ορισμένες διαταραχές που αφορούν τον ανοσολογικό μηχανισμό,Z
Z13.1,Ειδική εξέταση διαλογής για το σακχαρώδη διαβήτη,Z
Z13.2,Ειδική εξέταση διαλογής για διατροφικές διαταραχές,Z
Z13.3,Ειδική εξέταση διαλογής για ψυχικές διαταραχές και διαταραχές της συμπεριφοράς,Z
Z13.4,Ειδική εξέταση διαλογής για ορισμένες αναπτυξιακές διαταραχές της παιδικής ηλικίας,Z
Z13.5,Ειδική εξέταση διαλογής για οφθαλμικές και ωτολογικές διαταραχές,Z
Z13.6,Ειδική εξέταση διαλογής για καρδιαγγειακές διαταραχές,Z
Z13.7,"Ειδική εξέταση διαλογής για συγγενείς ανωμαλίες, διαμαρτίες της διάπλασης και χρωμοσωμικές ανωμαλίες",Z
Z13.8,Ειδική εξέταση διαλογής για  άλλα καθορισμένα νοσήματα και διαταραχές,Z
Z13.9,"Ειδική εξέταση διαλογής, μη καθορισμένη",Z
Z20,Επαφή με και έκθεση σε μεταδοτικά νοσήματα,Z
Z20.0,Επαφή με και έκθεση σε λοιμώδη νοσήματα του εντέρου,Z
Z20.1,Επαφή με και έκθεση σε φυματίωση,Z
Z20.2,Επαφή με και έκθεση σε λοιμώξεις που μεταδίδονται κυρίως σεξουαλικώς,Z
Z20.3,Επαφή με και έκθεση σε λύσσα,Z
Z20.4,Επαφή με και έκθεση σε ερυθρά,Z
Z20.5,Επαφή με και έκθεση σε ιογενή ηπατίτιδα,Z
Z20.6,Επαφή με και έκθεση στον ιό της επίκτητης ανοσοανεπάρκειας του ανθρώπου [HIV],Z
Z20.7,"Επαφή με και έκθεση σε φθειρίαση, ακαρίαση και άλλες μολυσματικές νόσους από παράσιτα",Z
Z20.8,Επαφή με και έκθεση σε άλλα μεταδοτικά νοσήματα,Z
Z20.9,Επαφή με και έκθεση σε μη καθορισμένο μεταδοτικό νόσημα,Z
Z21,Κατάσταση ασυμπτωματική λοίμωξης από τον ιό της ανοσολογικής ανεπάρκειας του ανθρώπου [HIV],Z
Z22,Φορέας λοιμώδους νοσήματος,Z
Z22.0,Φορέας τυφοειδούς πυρετού,Z
Z22.1,Φορέας άλλων εντερικών λοιμωδών νοσημάτων,Z
Z22.2,Φορέας διφθερίτιδας,Z
Z22.3,Φορέας άλλων καθορισμένων βακτηριακών νοσημάτων,Z
Z22.4,Φορέας λοιμώξεων που μεταδίδονται κυρίως σεξουαλικώς,Z
Z22.5,Φορέας ιογενούς ηπατίτιδας,Z
Z22.6,Φορέας λοίμωξης από τον ανθρώπινο Τ-λεμφοτροπικό ιό τύπου-1 [HTLV-1],Z
Z22.8,Φορέας άλλων λοιμωδών νοσημάτων,Z
Z22.9,"Φορέας λοιμώδους νοσήματος, μη καθορισμένου",Z
Z23,Ανάγκη για εμβολιασμό κατά μεμονωμένων μικροβιακών νοσημάτων,Z
Z23.0,Ανάγκη για εμβολιασμό κατά της χολέρας μεμονωμένα,Z
Z23.1,Ανάγκη για εμβολιασμό κατά του τυφοειδούς και του παρατύφου μεμονωμένα [ΤΑΒ],Z
Z23.2,Ανάγκη για εμβολιασμό κατά της φυματίωσης [BCG],Z
Z23.3,Ανάγκη για εμβολιασμό κατά της πανώλης,Z
Z23.4,Ανάγκη για εμβολιασμό κατά της τουλαραιμίας,Z
Z23.5,Ανάγκη για εμβολιασμό κατά του τέτανου μεμονωμένα,Z
Z23.6,Ανάγκη για εμβολιασμό κατά της διφθερίτιδας μεμονωμένα,Z
Z23.7,Ανάγκη για εμβολιασμό κατά του κοκκύτη μεμονωμένα,Z
Z23.8,Ανάγκη για εμβολιασμό κατά άλλων μεμονωμένων βακτηριακών νοσημάτων,Z
Z24,Ανάγκη για εμβολιασμό κατά ορισμένων μεμονωμένων ιογενών νοσημάτων,Z
Z24.0,Ανάγκη για εμβολιασμό κατά της πολιομυελίτιδας,Z
Z24.1,Ανάγκη για εμβολιασμό κατά της ιογενούς εγκεφαλίτιδας που μεταδίδεται με αρθρόποδα,Z
Z24.2,Ανάγκη για εμβολιασμό κατά της λύσσας,Z
Z24.3,Ανάγκη για εμβολιασμό κατά του κίτρινου πυρετού,Z
Z24.4,Ανάγκη για εμβολιασμό κατά της ιλαράς μεμονωμένα,Z
Z24.5,Ανάγκη για εμβολιασμό κατά της ερυθράς μεμονωμένα,Z
Z24.6,Ανάγκη για εμβολιασμό κατά της ιογενούς ηπατίτιδας,Z
Z25,Ανάγκη για εμβολιασμό κατά άλλων μεμονωμένων ιογενών νοσημάτων,Z
Z25.0,Ανάγκη για εμβολιασμό κατά της παρωτίτιδας μεμονωμένα,Z
Z25.1,Ανάγκη για εμβολιασμό κατά της γρίπης,Z
Z25.8,"Ανάγκη για εμβολιασμό κατά άλλων, καθορισμένων μεμονωμένων ιογενών νοσημάτων",Z
Z26,Ανάγκη για εμβολιασμό κατά άλλων μεμονωμένων λοιμωδών νοσημάτων,Z
Z26.0,Ανάγκη για εμβολιασμό κατά της λεϊσμανίασης,Z
Z26.8,Ανάγκη για εμβολιασμό κατά άλλων καθορισμένων μεμονωμένων λοιμωδών νοσημάτων,Z
Z26.9,Ανάγκη για εμβολιασμό κατά μη καθορισμένου λοιμώδους νοσήματος,Z
Z27,Ανάγκη για εμβολιασμό κατά συνδυασμών λοιμωδών νοσημάτων,Z
Z27.0,Ανάγκη για εμβολιασμό κατά της χολέρας με τυφοειδή-παράτυφο [χολέρα + ΤΑΒ],Z
Z27.1,"Ανάγκη για εμβολιασμό κατά της διφθερίτιδας-τετάνου–κοκκύτη, σε συνδυασμό [DTP]",Z
Z27.2,Ανάγκη για εμβολιασμό κατά της διφθερίτιδας-τετάνου-κοκκύτη με τυφοειδή -παράτυφο [DTP + TAB],Z
Z27.3,Ανάγκη για εμβολιασμό κατά της διφθερίτιδας-τετάνου-κοκκύτη με πολιομυελίτιδα [DTP + polio],Z
Z27.4,Ανάγκη για εμβολιασμό κατά της ιλαράς-παρωτίτιδας-ερυθράς [MMR],Z
Z27.8,Ανάγκη για εμβολιασμό κατά άλλων συνδυασμών λοιμωδών νοσημάτων,Z
Z27.9,Ανάγκη για εμβολιασμό κατά μη καθορισμένων συνδυασμών λοιμωδών νοσημάτων,Z
Z28,Εμβολιασμός που δε διενεργήθηκε,Z
Z28.0,Εμβολιασμός που δε διενεργήθηκε λόγω αντένδειξης,Z
Z28.1,Εμβολιασμός που δε διενεργήθηκε μετά από απόφαση του ασθενή για λόγους πεποίθησης ή πίεσης από ομάδα,Z
Z28.2,Εμβολιασμός που δε διενεργήθηκε μετά από απόφαση του ασθενή για άλλους και μη καθορισμένους λόγους,Z
Z28.8,Εμβολιασμός που δε διενεργήθηκε για άλλους λόγους,Z
Z28.9,Εμβολιασμός που δε διενεργήθηκε για μη καθορισμένο λόγο,Z
Z29,Ανάγκη για άλλα προφυλακτικά μέτρα,Z
Z29.0,Απομόνωση,Z
Z29.1,Προφυλακτική ανοσοθεραπεία,Z
Z29.2,Άλλη προφυλακτική χημειοθεραπεία,Z
Z29.8,Άλλα καθορισμένα προφυλακτικά μέτρα,Z
Z29.9,"Προφυλακτικό μέτρο, μη καθορισμένο",Z
Z30,Διαχείριση της αντισύλληψης,Z
Z30.0,Γενική συμβουλευτική και συστάσεις σχετικά με την αντισύλληψη,Z
Z30.1,Εισαγωγή (ενδομητρικής) αντισυλληπτικής συσκευής,Z
Z30.2,Στείρωση,Z
Z30.3,Σχετικά με την έμμηνο ρύση,Z
Z30.4,Παρακολούθηση της χορήγησης αντισυλληπτικών φαρμάκων,Z
Z30.5,Παρακολούθηση (ενδομήτριας) αντισυλληπτικής συσκευής,Z
Z30.8,Άλλη διαχείριση της αντισύλληψης,Z
Z30.9,"Διαχείριση της αντισύλληψης, μη καθορισμένη",Z
Z31,Χειρισμοί με σκοπό την αναπαραγωγή,Z
Z31.0,Πλαστική αποκατάσταση σαλπίγγων ή σπερματικού πόρου μετά από προηγούμενη στείρωση,Z
Z31.1,Τεχνητή σπερματέγχυση,Z
Z31.2,Γονιμοποίηση in vitro,Z
Z31.3,Άλλες μέθοδοι υποβοηθούμενης γονιμοποίησης,Z
Z31.4,Έλεγχος και διερεύνηση των οργάνων αναπαραγωγής,Z
Z31.5,Γενετική συμβουλευτική,Z
Z31.6,Γενική συμβουλευτική και συστάσεις σχετικά με την αναπαραγωγή,Z
Z31.8,Άλλοι χειρισμοί με σκοπό την αναπαραγωγή,Z
Z31.9,Χειρισμοί με σκοπό την αναπαραγωγή,Z
Z32,Εξέταση  και δοκιμασία κύησης,Z
Z32.0,"Κύηση, που δεν έχει (ακόμη) επιβεβαιωθεί",Z
Z32.1,Κύηση επιβεβαιωμένη,Z
Z33,"Κατάσταση κύησης, τυχαία",Z
Z34,Επίβλεψη φυσιολογικής κύησης,Z
Z34.0,Επίβλεψη φυσιολογικής πρώτης κύησης,Z
Z34.8,Επίβλεψη άλλης φυσιολογικής κύησης,Z
Z34.9,"Επίβλεψη φυσιολογικής κύησης, μη καθορισμένης",Z
Z35,Επίβλεψη κύησης υψηλού κινδύνου,Z
Z35.0,Επίβλεψη κύησης με ιστορικό υπογονιμότητας,Z
Z35.1,Επίβλεψη κύησης με ιστορικό αποβολής,Z
Z35.2,Επίβλεψη κύησης με άλλο φτωχό ιστορικό αναπαραγωγής ή μαιευτικό ιστορικό,Z
Z35.3,Επίβλεψη κύησης με ιστορικό ανεπαρκούς προγεννητικής φροντίδας,Z
Z35.4,Επίβλεψη κύησης σε πολύτοκο γυναίκα,Z
Z35.5,Επίβλεψη πρωτοτόκου μεγάλης ηλικίας,Z
Z35.6,Επίβλεψη πολύ νεαρής πρωτοτόκου,Z
Z35.7,Επίβλεψη κύησης υψηλού κινδύνου οφειλόμενου σε κοινωνικά προβλήματα,Z
Z35.8,Επίβλεψη άλλων κυήσεων υψηλού κινδύνου,Z
Z35.9,"Επίβλεψη κύησης υψηλού κινδύνου, μη καθορισμένης",Z
Z36,Προγεννητικός έλεγχος,Z
Z36.0,Προγεννητικός έλεγχος για χρωμοσωμικές ανωμαλίες,Z
Z36.1,Προγεννητικός έλεγχος για αυξημένο επίπεδο της αλφα-φετοπρωτεΐνης,Z
Z36.2,Άλλος προγεννητικός έλεγχος βασιζόμενος σε αμνιοκέντηση,Z
Z36.3,Προγεννητικός έλεγχος για διαμαρτίες διάπλασης με τη χρήση υπερήχων ή άλλων φυσικών μεθόδων,Z
Z36.4,Προγεννητικός έλεγχος για καθυστέρηση της εμβρυϊκής ανάπτυξης με τη χρήση υπερήχων και άλλων φυσικών μεθόδων,Z
Z36.5,Προγεννητικός έλεγχος για ισοανοσοποίηση,Z
Z36.8,Άλλος προγεννητικός έλεγχος,Z
Z36.9,"Προγεννητικός έλεγχος, μη καθορισμένος",Z
Z37,Έκβαση τοκετού,Z
Z37.0,Τοκετός ενός ζώντος νεογνού,Z
Z37.1,Τοκετός ενός θνησιγενούς νεογνού,Z
Z37.2,"Τοκετός δίδυμων, αμφότερα γεννημένα ζώντα",Z
Z37.3,"Τοκετός δίδυμων, γεννημένα το ένα ζωντανό και το ένα θνησιγενές",Z
Z37.4,"Τοκετός δίδυμων, αμφότερα θνησιγενή",Z
Z37.5,"Άλλος τοκετός πολύδυμων, όλα γεννημένα ζώντα",Z
Z37.6,"Άλλος τοκετός πολύδυμων, μερικά γεννημένα ζώντα",Z
Z37.7,"Άλλος τοκετός πολύδυμων, όλα θνησιγενή",Z
Z37.9,"Έκβαση τοκετού, μη καθορισμένη",Z
Z38,Γεννημένα ζώντα βρέφη σύμφωνα με τον τόπο γέννησης,Z
Z38.0,"Ένα βρέφος, γεννημένο σε νοσοκομείο",Z
Z38.1,"Ένα βρέφος, γεννημένο εκτός νοσοκομείου",Z
Z38.2,"Ένα βρέφος, γεννημένο σε μη καθορισμένο τόπο",Z
Z38.3,"Δίδυμο, γεννημένο σε νοσοκομείο",Z
Z38.4,"Δίδυμο, γεννημένο εκτός νοσοκομείου",Z
Z38.5,"Δίδυμο, γεννημένο σε μη καθορισμένο τόπο",Z
Z38.6,"Άλλο πολύδυμο, γεννημένο σε νοσοκομείο",Z
Z38.7,"Άλλο πολύδυμο, γεννημένο εκτός νοσοκομείου",Z
Z38.8,"Άλλο πολύδυμο, γεννημένο σε μη καθορισμένο τόπο",Z
Z39,Φροντίδα μετά τον τοκετό και εξέταση,Z
Z39.0,Φροντίδα και εξέταση αμέσως μετά τον τοκετό,Z
Z39.1,Φροντίδα και εξέταση της μητέρας σε γαλουχία,Z
Z39.2,Συνήθης παρακολούθηση [follow-up] μετά τον τοκετό,Z
Z40,Προφυλακτική χειρουργική επέμβαση,Z
Z40.0,Προφυλακτική χειρουργική επέμβαση για παράγοντες κινδύνου που σχετίζονται με κακοήθη νεοπλάσματα,Z
Z40.8,Άλλη προφυλακτική χειρουργική επέμβαση,Z
Z40.9,"Προφυλακτική χειρουργική επέμβαση, μη καθορισμένη",Z
Z41,Ιατρικές επεμβάσεις για σκοπούς άλλους εκτός από την αποκατάσταση της υγείας,Z
Z41.0,Μεταμόσχευση μαλλιών,Z
Z41.1,Άλλη πλαστική επέμβαση για μη αποδεκτή αισθητική εμφάνιση,Z
Z41.2,Περιτομή ρουτίνας και για θρησκευτικούς λόγους,Z
Z41.3,Τρύπημα αυτιών,Z
Z41.8,Άλλες ιατρικές επεμβάσεις με σκοπούς άλλους εκτός από την αποκατάσταση της υγείας,Z
Z41.9,"Ιατρική επέμβαση για σκοπούς άλλους εκτός από την αποκατάσταση της υγείας, μη καθορισμένη",Z
Z42,Φροντίδα [follow-up] επακόλουθων καταστάσεων που αφορά πλαστική επέμβαση,Z
Z42.0,Φροντίδα [follow-up] επακόλουθων καταστάσεων που αφορά πλαστική επέμβαση της κεφαλής και του τραχήλου,Z
Z42.1,Φροντίδα [follow-up] επακόλουθων καταστάσεων που αφορά πλαστική επέμβαση του μαστού,Z
Z42.2,Φροντίδα [follow-up] επακόλουθων καταστάσεων που αφορά πλαστική επέμβαση σε άλλα τμήματα του κορμού,Z
Z42.3,Φροντίδα [follow-up] επακόλουθων καταστάσεων που αφορά πλαστική επέμβαση άνω άκρου,Z
Z42.4,Φροντίδα [follow-up] επακόλουθων καταστάσεων που αφορά πλαστική επέμβαση κάτω άκρου,Z
Z42.8,Φροντίδα [follow-up] επακόλουθων καταστάσεων που αφορά πλαστική επέμβαση σε άλλο τμήμα του σώματος,Z
Z42.9,"Φροντίδα [follow-up] επακόλουθων καταστάσεων που αφορά πλαστική επέμβαση, μη καθορισμένη",Z
Z43,Περιποίηση τεχνητών στομίων,Z
Z43.0,Περιποίηση της τραχειοστομίας,Z
Z43.1,Περιποίηση της γαστροστομίας,Z
Z43.2,Περιποίηση της ειλεοστομίας,Z
Z43.3,Περιποίηση της κολοστομίας,Z
Z43.4,Περιποίηση άλλων τεχνητών στομίων του πεπτικού συστήματος,Z
Z43.5,Περιποίηση της κυστεοστομίας,Z
Z43.6,Περιποίηση άλλων τεχνητών στομίων του ουροποιητικού συστήματος,Z
Z43.7,Περιποίηση του τεχνητού κόλπου,Z
Z43.8,Περιποίηση άλλων τεχνητών στομίων,Z
Z43.9,Περιποίηση μη καθορισμένου τεχνητού στομίου,Z
Z44,Εφαρμογή και ρύθμιση εξωτερικών προσθετικών συσκευών,Z
Z44.0,Εφαρμογή και ρύθμιση τεχνητού βραχίονα (ολικός) (μερικός),Z
Z44.1,Εφαρμογή και ρύθμιση τεχνητού κάτω άκρου (ολικό) (μερικό),Z
Z44.2,Εφαρμογή και ρύθμιση τεχνητού οφθαλμού,Z
Z44.3,Εφαρμογή και ρύθμιση εξωτερικών προθέσεων του μαστού,Z
Z44.8,Εφαρμογή και ρύθμιση άλλων εξωτερικών προσθετικών συσκευών,Z
Z44.9,Εφαρμογή και ρύθμιση μη καθορισμένης εξωτερικής προσθετικής συσκευής,Z
Z45,Ρύθμιση και χειρισμός εμφυτευμένης συσκευής,Z
Z45.0,Ρύθμιση και χειρισμός καρδιακού βηματοδότη,Z
Z45.1,Ρύθμιση και χειρισμός αντλίας έγχυσης,Z
Z45.2,Ρύθμιση και χειρισμός συσκευής αγγειακής πρόσβασης,Z
Z45.3,Ρύθμιση και χειρισμός εμφυτευμένης ακουστικής συσκευής,Z
Z45.8,Ρύθμιση και χειρισμός άλλων εμφυτευμένων συσκευών,Z
Z45.9,Ρύθμιση και χειρισμός μη καθορισμένης εμφυτευμένης συσκευής,Z
Z46,Εφαρμογή και ρύθμιση άλλων συσκευών,Z
Z46.0,Εφαρμογή και ρύθμιση γυαλιών οράσεως και φακών επαφής,Z
Z46.1,Εφαρμογή και ρύθμιση βοηθημάτων ακοής,Z
Z46.2,Εφαρμογή και ρύθμιση άλλων συσκευών σχετικών με το νευρικό σύστημα και ειδικές αισθήσεις,Z
Z46.3,Εφαρμογή και ρύθμιση οδοντιατρικής προσθετικής συσκευής,Z
Z46.4,Εφαρμογή και ρύθμιση ορθοδοντικής συσκευής,Z
Z46.5,Εφαρμογή και ρύθμιση ειλεοστομίας και άλλων εντερικών συσκευών,Z
Z46.6,Εφαρμογή και ρύθμιση ουρολογικής συσκευής,Z
Z46.7,Εφαρμογή και ρύθμιση ορθοπεδικής συσκευής,Z
Z46.8,Εφαρμογή και ρύθμιση άλλων καθορισμένων συσκευών,Z
Z46.9,Εφαρμογή και ρύθμιση μη καθορισμένης συσκευής,Z
Z47,Άλλη ορθοπεδική φροντίδα [follow-up] επακόλουθων καταστάσεων,Z
Z47.0,Φροντίδα [follow-up] επακόλουθων καταστάσεων  που αφορά αφαίρεση πλάκας κατάγματος και άλλης συσκευής εσωτερικής οστεοσύνθεσης,Z
Z47.8,Άλλη καθορισμένη ορθοπεδική φροντίδα [follow-up] επακόλουθων καταστάσεων,Z
Z47.9,"Ορθοπεδική φροντίδα [follow-up] επακόλουθων καταστάσεων, μη καθορισμένη",Z
Z48,Άλλη χειρουργική φροντίδα [follow-up] επακόλουθων καταστάσεων,Z
Z48.0,Περιποίηση των χειρουργικών επιδέσεων και ραμμάτων,Z
Z48.8,Άλλη καθορισμένη χειρουργική φροντίδα [follow-up] επακόλουθων καταστάσεων,Z
Z48.9,"Άλλη χειρουργική φροντίδα [follow-up] επακόλουθων καταστάσεων, μη καθορισμένη",Z
Z49,Φροντίδα που αφορά εξωνεφρική κάθαρση,Z
Z49.0,Προπαρασκευαστική φροντίδα για εξωνεφρική κάθαρση,Z
Z49.1,Εξωσωματική εξωνεφρική κάθαρση,Z
Z49.2,Άλλη εξωνεφρική κάθαρση,Z
Z50,Φροντίδα που αφορά τη χρήση διαδικασιών αποκατάστασης,Z
Z50.0,Καρδιακή αποκατάσταση,Z
Z50.1,Άλλη φυσιοθεραπεία,Z
Z50.2,Απεξάρτηση από τον αλκοολισμό,Z
Z50.3,Απεξάρτηση από ναρκωτικά,Z
Z50.4,"Ψυχοθεραπεία, που δεν ταξινομείται αλλού",Z
Z50.5,Λογοθεραπεία,Z
Z50.6,Ορθοπτική εκπαίδευση,Z
Z50.7,"Εργοθεραπεία και επαγγελματική αποκατάσταση, που δεν ταξινομούνται αλλού",Z
Z50.8,Φροντίδα που αφορά τη χρήση άλλων διαδικασιών αποκατάστασης,Z
Z50.9,"Φροντίδα που αφορά τη χρήση διαδικασίας αποκατάστασης, μη καθορισμένη",Z
Z51,Άλλη ιατρική φροντίδα,Z
Z51.0,Συνεδρία ακτινοθεραπείας,Z
Z51.1,Συνεδρία χημειοθεραπείας για νεόπλασμα,Z
Z51.2,Άλλη χημειοθεραπεία,Z
Z51.3,Μετάγγιση αίματος χωρίς αναφερόμενη διάγνωση,Z
Z51.4,"Προπαρασκευαστική φροντίδα για επικείμενη θεραπεία, που δεν ταξινομείται αλλού",Z
Z51.5,Παρηγορητική φροντίδα,Z
Z51.6,Απευαισθητοποίηση σε αλλεργιογόνα,Z
Z51.8,Άλλη καθορισμένη ιατρική φροντίδα,Z
Z51.9,"Ιατρική φροντίδα, μη καθορισμένη",Z
Z52,Δότες οργάνων και ιστών,Z
Z52.0,Αιμοδότης,Z
Z52.1,Δότης δέρματος,Z
Z52.2,Δότης οστών,Z
Z52.3,Δότης μυελού των οστών,Z
Z52.4,Δότης νεφρού,Z
Z52.5,Δότης κερατοειδούς,Z
Z52.6,Δότης ήπατος,Z
Z52.8,Δότης άλλων οργάνων και ιστών,Z
Z52.9,Δότης μη καθορισμένου οργάνου ή ιστού,Z
Z53,"Άτομα που προσέρχονται στις υπηρεσίες υγείας για ειδικές ιατρικές πράξεις, που δε διενεργήθηκαν",Z
Z53.0,Ιατρική πράξη που δε διενεργήθηκε εξαιτίας αντένδειξης,Z
Z53.1,Ιατρική πράξη που δε διενεργήθηκε εξαιτίας απόφασης του ασθενούς για λόγους πεποίθησης και πίεσης από ομάδα,Z
Z53.2,Ιατρική πράξη που δε διενεργήθηκε εξαιτίας απόφασης του ασθενούς για άλλους και μη καθορισμένους λόγους,Z
Z53.8,Ιατρική πράξη που δε διενεργήθηκε για άλλους λόγους,Z
Z53.9,"Ιατρική πράξη που δε διενεργήθηκε, μη καθορισμένος λόγος",Z
Z54,Ανάρρωση,Z
Z54.0,Ανάρρωση μετά από χειρουργική επέμβαση,Z
Z54.1,Ανάρρωση μετά από ακτινοθεραπεία,Z
Z54.2,Ανάρρωση μετά από χημειοθεραπεία,Z
Z54.3,Ανάρρωση μετά από ψυχοθεραπεία,Z
Z54.4,Ανάρρωση μετά από θεραπεία κατάγματος,Z
Z54.7,Ανάρρωση μετά από συνδυασμένη θεραπεία,Z
Z54.8,Ανάρρωση μετά από άλλη θεραπεία,Z
Z54.9,Ανάρρωση μετά από μη καθορισμένη θεραπεία,Z
Z55,Προβλήματα που σχετίζονται με την εκπαίδευση  και τη μόρφωση,Z
Z55.0,Αναλφαβητισμός και χαμηλό επίπεδο μόρφωσης,Z
Z55.1,Σχολεία μη διαθέσιμα ή μη προσιτά,Z
Z55.2,Αποτυχία στις εξετάσεις,Z
Z55.3,Χαμηλές σχολικές επιδόσεις,Z
Z55.4,Κακή προσαρμογή στο σχολικό περιβάλλον και αντιπαραθέσεις με δασκάλους και συμμαθητές,Z
Z55.8,Άλλα προβλήματα που σχετίζονται με την εκπαίδευση και τη μόρφωση,Z
Z55.9,"Πρόβλημα που σχετίζεται με την εκπαίδευση και τη μόρφωση, μη καθορισμένο",Z
Z56,Προβλήματα που σχετίζονται με την απασχόληση και την ανεργία,Z
Z56.0,"Ανεργία, μη καθορισμένη",Z
Z56.1,Αλλαγή εργασίας,Z
Z56.2,Απειλή απώλειας της εργασίας,Z
Z56.3,Στρεσσογόνο εργασιακό πρόγραμμα,Z
Z56.4,Διενέξεις με τον προϊστάμενο και τους συναδέλφους,Z
Z56.5,Δυσάρεστη εργασία,Z
Z56.6,Άλλη φυσική και ψυχική καταπόνηση που σχετίζεται με την εργασία,Z
Z56.7,Άλλα και μη καθορισμένα προβλήματα που σχετίζονται με την εργασία,Z
Z57,Επαγγελματική έκθεση σε παράγοντες κινδύνου,Z
Z57.0,Επαγγελματική έκθεση σε θόρυβο,Z
Z57.1,Επαγγελματική έκθεση σε ακτινοβολία,Z
Z57.2,Επαγγελματική έκθεση σε σκόνη,Z
Z57.3,Επαγγελματική έκθεση σε άλλους ατμοσφαιρικούς ρύπους,Z
Z57.4,Επαγγελματική έκθεση σε τοξικούς παράγοντες στη γεωργία,Z
Z57.5,Επαγγελματική έκθεση σε τοξικούς παράγοντες σε άλλες βιομηχανίες,Z
Z57.6,Επαγγελματική έκθεση σε ακραία θερμοκρασία,Z
Z57.7,Επαγγελματική έκθεση σε δόνηση,Z
Z57.8,Επαγγελματική έκθεση σε άλλους παράγοντες κινδύνου,Z
Z57.9,Επαγγελματική έκθεση σε μη καθορισμένο παράγοντα κινδύνου,Z
Z58,Προβλήματα που σχετίζονται με το φυσικό περιβάλλον,Z
Z58.0,Έκθεση σε θόρυβο,Z
Z58.1,Έκθεση σε ατμοσφαιρική ρύπανση,Z
Z58.2,Έκθεση σε ρύπανση των υδάτων,Z
Z58.3,Έκθεση σε ρύπανση του εδάφους,Z
Z58.4,Έκθεση σε ακτινοβολία,Z
Z58.5,Έκθεση σε άλλες μορφές ρύπανσης,Z
Z58.6,Ανεπαρκής παροχή πόσιμου ύδατος,Z
Z58.7,Έκθεση σε καπνό τσιγάρου,Z
Z58.8,Άλλα προβλήματα που σχετίζονται με το φυσικό περιβάλλον,Z
Z58.9,"Πρόβλημα που σχετίζεται με το φυσικό περιβάλλον, μη καθορισμένο",Z
Z59,Προβλήματα που σχετίζονται με τη στέγαση και την οικονομική κατάσταση,Z
Z59.0,Έλλειψη στέγης,Z
Z59.1,Ανεπαρκείς συνθήκες στέγασης,Z
Z59.2,"Διενέξεις με τους γείτονες, τους συγκατοίκους και τον ιδιοκτήτη",Z
Z59.3,Προβλήματα που σχετίζονται με τη διαμονή σε ίδρυμα,Z
Z59.4,Έλλειψη επαρκούς τροφής,Z
Z59.5,Απορία,Z
Z59.6,Χαμηλό εισόδημα,Z
Z59.7,Ανεπαρκής κοινωνική ασφάλιση και προνοιακή στήριξη,Z
Z59.8,Άλλα προβλήματα που σχετίζονται με τη στέγαση και την οικονομική κατάσταση,Z
Z59.9,"Πρόβλημα που σχετίζεται με τη στέγαση και την οικονομική κατάσταση, μη καθορισμένο",Z
Z60,Προβλήματα που σχετίζονται με το κοινωνικό περιβάλλον,Z
Z60.0,Προβλήματα προσαρμογής σε μεταβατικές περιόδους της ζωής,Z
Z60.1,Άτυπη γονική κατάσταση,Z
Z60.2,Μοναχική διαβίωση,Z
Z60.3,Δυσχέρεια πολιτισμικής προσαρμογής,Z
Z60.4,Κοινωνικός αποκλεισμός και απόρριψη,Z
Z60.5,Στόχος δυσμενούς διάκρισης και καταδίωξης,Z
Z60.8,Άλλα προβλήματα που σχετίζονται με το κοινωνικό περιβάλλον,Z
Z60.9,"Πρόβλημα που σχετίζεται με το κοινωνικό περιβάλλον, μη καθορισμένο",Z
Z61,Προβλήματα που σχετίζονται με αρνητικά γεγονότα ζωής κατά την παιδική ηλικία,Z
Z61.0,Απώλεια μιας σχέσης αγάπης κατά την παιδική ηλικία,Z
Z61.1,Απομάκρυνση από το σπίτι κατά την παιδική ηλικία,Z
Z61.2,Μεταβολή στην μορφή των οικογενειακών σχέσεων κατά την παιδική ηλικία,Z
Z61.3,Γεγονότα που καταλήγουν σε απώλεια της αυτοεκτίμησης κατά την παιδική ηλικία,Z
Z61.4,Προβλήματα που σχετίζονται με φερόμενη σεξουαλική κακοποίηση του παιδιού από άτομο του στενού περιβάλλοντος,Z
Z61.5,Προβλήματα που σχετίζονται με φερόμενη σεξουαλική κακοποίηση του παιδιού από άτομο εκτός του στενού περιβάλλοντος,Z
Z61.6,Προβλήματα που σχετίζονται με φερόμενη σωματική κακοποίηση του παιδιού,Z
Z61.7,Προσωπική τρομακτική εμπειρία κατά την παιδική ηλικία,Z
Z61.8,Άλλα αρνητικά γεγονότα ζωής κατά την παιδική ηλικία,Z
Z61.9,"Αρνητικό γεγονός ζωής κατά την παιδική ηλικία, μη καθορισμένο",Z
Z62,Άλλα προβλήματα που σχετίζονται με την ανατροφή του παιδιού,Z
Z62.0,Ανεπαρκής γονεϊκή επίβλεψη και έλεγχος,Z
Z62.1,Γονεϊκή υπερπροστασία,Z
Z62.2,Ανατροφή παιδιού σε ίδρυμα,Z
Z62.3,Εχθρότητα και αντιμετώπιση του παιδιού σαν εξιλαστήριο θύμα,Z
Z62.4,Συναισθηματική παραμέληση του παιδιού,Z
Z62.5,Άλλα προβλήματα που σχετίζονται με παραμέληση κατά την ανατροφή του παιδιού,Z
Z62.6,Ακατάλληλη γονεϊκή πίεση και άλλοι μη φυσιολογικοί τύποι γονεϊκής συμπεριφοράς,Z
Z62.8,Άλλα καθορισμένα προβλήματα που σχετίζονται με την ανατροφή,Z
Z62.9,"Πρόβλημα που σχετίζεται με την ανατροφή, μη καθορισμένο",Z
Z63,"Άλλα προβλήματα που σχετίζονται με το στενό περιβάλλον, συμπεριλαμβανομένης της οικογενειακής κατάστασης",Z
Z63.0,Προβλήματα στις σχέσεις μεταξύ συζύγων ή συντρόφων,Z
Z63.1,Προβλήματα στις σχέσεις με τους γονείς και τα πεθερικά,Z
Z63.2,Ανεπαρκής οικογενειακή υποστήριξη,Z
Z63.3,Απουσία μέλους της οικογένειας,Z
Z63.4,Εξαφάνιση και θάνατος μέλους της οικογένειας,Z
Z63.5,Διάσπαση  της οικογένειας λόγω χωρισμού και διαζυγίου,Z
Z63.6,Φροντίδα ανήμπορου συγγενούς στο σπίτι,Z
Z63.7,Άλλα στρεσσογόνα γεγονότα ζωής που επηρεάζουν την οικογένεια και το νοικοκυριό,Z
Z63.8,Άλλα καθορισμένα προβλήματα που σχετίζονται με το στενό περιβάλλον,Z
Z63.9,"Πρόβλημα που σχετίζεται με το στενό περιβάλλον, μη καθορισμένο",Z
Z64,Προβλήματα που σχετίζονται με ορισμένες ψυχοκοινωνικές καταστάσεις,Z
Z64.0,Προβλήματα που σχετίζονται με ανεπιθύμητη εγκυμοσύνη,Z
Z64.1,Προβλήματα που σχετίζονται με την πολυτοκία,Z
Z64.2,"Αναζήτηση και αποδοχή φυσικών, διατροφικών και χημικών παρεμβάσεων που είναι γνωστό ότι είναι επικίνδυνες και επιβλαβείς",Z
Z64.3,Αναζήτηση και αποδοχή συμπεριφορικών και ψυχολογικών παρεμβάσεων που είναι γνωστό ότι είναι επικίνδυνες και επιβλαβείς,Z
Z64.4,Διενέξεις με συμβούλους,Z
Z65,Προβλήματα που σχετίζονται με άλλες ψυχοκοινωνικές καταστάσεις,Z
Z65.0,Καταδίκη για αστικά και ποινικά αδικήματα χωρίς φυλάκιση,Z
Z65.1,Φυλάκιση και άλλου είδους εγκλεισμός,Z
Z65.2,Προβλήματα που σχετίζονται με την αποφυλάκιση,Z
Z65.3,Προβλήματα που σχετίζονται με άλλες νομικές καταστάσεις,Z
Z65.4,Θύμα εγκλήματος και τρομοκρατικής επίθεσης,Z
Z65.5,"Έκθεση σε καταστροφή, πόλεμο και άλλες εχθροπραξίες",Z
Z65.8,Άλλα καθορισμένα προβλήματα που σχετίζονται με ψυχοκοινωνικές καταστάσεις,Z
Z65.9,Πρόβλημα που σχετίζεται με μη καθορισμένες ψυχοκοινωνικές καταστάσεις,Z
Z70,"Συμβουλευτική σχετικά με τη σεξουαλική στάση, συμπεριφορά και σεξουαλικό προσανατολισμό",Z
Z70.0,Συμβουλευτική σχετικά με τη σεξουαλική στάση,Z
Z70.1,Συμβουλευτική σχετικά με τη σεξουαλική συμπεριφορά και προσανατολισμό του ασθενούς,Z
Z70.2,Συμβουλευτική σχετικά με τη σεξουαλική συμπεριφορά και προσανατολισμό τρίτου προσώπου,Z
Z70.3,"Συμβουλευτική σχετικά με συνδυασμένα ζητήματα ανησυχίας για τη σεξουαλική στάση, συμπεριφορά και προσανατολισμό",Z
Z70.8,Άλλη συμβουλευτική σε σεξουαλικά θέματα,Z
Z70.9,"Συμβουλευτική σε σεξουαλικά θέματα, μη καθορισμένη",Z
Z71,"Άτομα που προσέρχονται στις υπηρεσίες υγείας για άλλη συμβουλευτική και ιατρικές συμβουλές, που δεν ταξινομούνται αλλού",Z
Z71.0,Άτομο που ζητά ιατρική συμβουλή για άλλο πρόσωπο,Z
Z71.1,Άτομο με φόβο υπάρχοντος συμπτώματος για το οποίο δεν τίθεται καμιά διάγνωση,Z
Z71.2,Άτομο που ζητά ιατρική συμβουλή για την επεξήγηση ευρημάτων της διερεύνησης,Z
Z71.3,Διατροφική συμβουλευτική και επίβλεψη,Z
Z71.4,Συμβουλευτική και επίβλεψη για την κατάχρηση αλκοόλ,Z
Z71.5,Συμβουλευτική και επίβλεψη για την κατάχρηση ναρκωτικών,Z
Z71.6,Συμβουλευτική για την κατάχρηση προϊόντων καπνού,Z
Z71.7,Συμβουλευτική σχετικά με τον ιό της επίκτητης ανοσοανεπάρκειας του ανθρώπου [HIV],Z
Z71.8,Άλλη καθορισμένη συμβουλευτική,Z
Z71.9,"Συμβουλευτική, μη καθορισμένη",Z
Z72,Προβλήματα που σχετίζονται με τον τρόπο ζωής,Z
Z72.0,Χρήση προϊόντων καπνού,Z
Z72.1,Χρήση αλκοόλ,Z
Z72.2,Χρήση φαρμακευτικών ουσιών,Z
Z72.3,Απουσία φυσικής άσκησης,Z
Z72.4,Ακατάλληλη δίαιτα και κακές διατροφικές συνήθειες,Z
Z72.5,Σεξουαλική συμπεριφορά υψηλού κινδύνου,Z
Z72.6,Χαρτοπαιξία και στοιχήματα,Z
Z72.8,Άλλα προβλήματα που σχετίζονται με τον τρόπο ζωής,Z
Z72.9,"Πρόβλημα που σχετίζεται με τον τρόπο ζωής, μη καθορισμένο",Z
Z73,Προβλήματα που σχετίζονται με δυσκολία διαχείρισης της ζωής,Z
Z73.0,Εξάντληση,Z
Z73.1,Επίταση των χαρακτηριστικών της προσωπικότητας,Z
Z73.2,Έλλειψη χαλάρωσης και ελεύθερου χρόνου,Z
Z73.3,"Στρες, που δεν ταξινομείται αλλού",Z
Z73.4,"Ανεπαρκείς κοινωνικές δεξιότητες, που δεν ταξινομούνται αλλού",Z
Z73.5,"Σύγκρουση κοινωνικών ρόλων, που δεν ταξινομείται αλλού",Z
Z73.6,Περιορισμός των δραστηριοτήτων που οφείλεται σε αναπηρία,Z
Z73.8,Άλλα προβλήματα που σχετίζονται με δυσκολία διαχείρισης της ζωής,Z
Z73.9,"Πρόβλημα που σχετίζεται με δυσκολία διαχείρισης ζωής, μη καθορισμένο",Z
Z74,Προβλήματα που σχετίζονται με την εξάρτηση από το άτομο που παρέχει φροντίδα,Z
Z74.0,Μειωμένη κινητικότητα,Z
Z74.1,Ανάγκη για βοήθεια για την προσωπική φροντίδα και υγιεινή,Z
Z74.2,Ανάγκη για βοήθεια στο σπίτι και κανένα άλλο μέλος της οικογένειας δε μπορεί να παρέχει φροντίδα,Z
Z74.3,Ανάγκη για συνεχή επίβλεψη,Z
Z74.8,Άλλα προβλήματα που σχετίζονται με την εξάρτηση από το άτομο που παρέχει φροντίδα,Z
Z74.9,"Πρόβλημα που σχετίζεται με την εξάρτηση από το άτομο που παρέχει φροντίδα,",Z
Z75,Προβλήματα που σχετίζονται με τις ιατρικές υπηρεσίες και άλλη φροντίδα υγείας,Z
Z75.0,Ιατρικές υπηρεσίες μη διαθέσιμες στο σπίτι,Z
Z75.1,Πρόσωπο σε αναμονή εισαγωγής σε κατάλληλη ιατρική υπηρεσία αλλού,Z
Z75.2,Άλλη περίοδος αναμονής για διερεύνηση  και θεραπεία,Z
Z75.3,Έλλειψη διαθεσιμότητας και δυσχέρεια πρόσβασης σε υπηρεσίες υγείας,Z
Z75.4,Έλλειψη διαθεσιμότητας και δυσχέρεια πρόσβασης σε άλλους φορείς παροχής βοήθειας,Z
Z75.5,Επικουρική περίθαλψη κατά τη διάρκεια των διακοπών,Z
Z75.8,Άλλα προβλήματα που σχετίζονται με τις ιατρικές υπηρεσίες και άλλη φροντίδα υγείας,Z
Z75.9,Μη καθορισμένο πρόβλημα που σχετίζεται με τις ιατρικές υπηρεσίες και άλλη φροντίδα υγείας,Z
Z76,Άτομα που προσέρχονται στις υπηρεσίες υγείας σε άλλες καταστάσεις,Z
Z76.0,Ζήτημα επαναληπτικής συνταγογράφησης,Z
Z76.1,Επίβλεψη της υγείας και φροντίδα έκθετου βρέφους,Z
Z76.2,Επίβλεψη της υγείας και φροντίδα άλλου υγιούς βρέφους και παιδιού,Z
Z76.3,Υγιές άτομο που συνοδεύει άρρωστο άτομο,Z
Z76.4,Άλλος οικότροφος σε ιατρική υπηρεσία,Z
Z76.5,Προσποιούμενος ασθένεια [ενσυνείδητη προσποίηση],Z
Z76.8,Άτομα που προσέρχονται στις υπηρεσίες υγείας σε άλλες καθορισμένες περιστάσεις,Z
Z76.9,Άτομο που προσέρχεται στις υπηρεσίες υγείας σε μη καθορισμένες καταστάσεις,Z
Z80,Οικογενειακό ιστορικό κακοήθους νεοπλάσματος,Z
Z80.0,Οικογενειακό ιστορικό κακοήθους νεοπλάσματος των οργάνων του πεπτικού,Z
Z80.1,"Οικογενειακό ιστορικό κακοήθους νεοπλάσματος της τραχείας, των βρόγχων και του πνεύμονα",Z
Z80.2,Οικογενειακό ιστορικό κακοήθους νεοπλάσματος άλλων αναπνευστικών και ενδοθωρακικών οργάνων,Z
Z80.3,Οικογενειακό ιστορικό κακοήθους νεοπλάσματος του μαστού,Z
Z80.4,Οικογενειακό ιστορικό κακοήθους νεοπλάσματος των γεννητικών οργάνων,Z
Z80.5,Οικογενειακό ιστορικό κακοήθους νεοπλάσματος της ουροποιητικής οδού,Z
Z80.6,Οικογενειακό ιστορικό λευχαιμίας,Z
Z80.7,"Οικογενειακό ιστορικό άλλων κακοήθων νεοπλασμάτων του λεμφικού, αιμοποιητικού και σχετικών ιστών",Z
Z80.8,Οικογενειακό ιστορικό κακοήθους νεοπλάσματος άλλων οργάνων ή συστημάτων,Z
Z80.9,"Οικογενειακό ιστορικό κακοήθους νεοπλάσματος, μη καθορισμένου",Z
Z81,Οικογενειακό ιστορικό ψυχικών διαταραχών και διαταραχών συμπεριφοράς,Z
Z81.0,Οικογενειακό ιστορικό νοητικής καθυστέρησης,Z
Z81.1,Οικογενειακό ιστορικό κατάχρησης οινοπνεύματος,Z
Z81.2,Οικογενειακό ιστορικό κατάχρησης καπνού,Z
Z81.3,Οικογενειακό ιστορικό κατάχρησης άλλης ψυχοδραστικής ουσίας,Z
Z81.4,Οικογενειακό ιστορικό κατάχρησης άλλης ουσίας,Z
Z81.8,Οικογενειακό ιστορικό άλλων ψυχικών διαταραχών και διαταραχών συμπεριφοράς,Z
Z82,Οικογενειακό ιστορικό ορισμένων αναπηριών και χρόνιων παθήσεων που οδηγούν σε αναπηρία,Z
Z82.0,Οικογενειακό ιστορικό επιληψίας και άλλων νοσημάτων του νευρικού συστήματος,Z
Z82.1,Οικογενειακό ιστορικό τύφλωσης και απώλειας όρασης,Z
Z82.2,Οικογενειακό ιστορικό κώφωσης και απώλειας της ακοής,Z
Z82.3,Οικογενειακό ιστορικό εγκεφαλικού επεισοδίου,Z
Z82.4,Οικογενειακό ιστορικό ισχαιμικής καρδιοπάθειας και άλλων νοσημάτων του κυκλοφορικού συστήματος,Z
Z82.5,Οικογενειακό ιστορικό άσθματος και άλλων χρόνιων νοσημάτων του κατώτερου αναπνευστικού συστήματος,Z
Z82.6,Οικογενειακό ιστορικό αρθρίτιδας και άλλων νοσημάτων του μυοσκελετικού συστήματος και του συνδετικού ιστού,Z
Z82.7,"Οικογενειακό ιστορικό συγγενών διαμαρτιών της διάπλασης, δυσπλασιών και χρωμοσωμικών ανωμαλιών",Z
Z82.8,"Οικογενειακό ιστορικό άλλων αναπηριών και χρόνιων νοσημάτων που οδηγούν σε αναπηρία, που δεν ταξινομούνται αλλού",Z
Z83,Οικογενειακό ιστορικό άλλων ειδικών διαταραχών,Z
Z83.0,Οικογενειακό ιστορικό της νόσου από τον  ιό της ανθρώπινης ανοσοανεπάρκειας [HIV],Z
Z83.1,Οικογενειακό ιστορικό άλλων λοιμωδών και παρασιτικών νοσημάτων,Z
Z83.2,Οικογενειακό ιστορικό νοσημάτων του αίματος και των αιμοποιητικών οργάνων και ορισμένες διαταραχές που αφορούν τον ανοσολογικό μηχανισμό,Z
Z83.3,Οικογενειακό ιστορικό σακχαρώδους διαβήτη,Z
Z83.4,"Οικογενειακό ιστορικό άλλων ενδοκρινικών, διατροφικών και μεταβολικών νοσημάτων",Z
Z83.5,Οικογενειακό ιστορικό οφθαλμικών και ωτικών διαταραχών,Z
Z83.6,Οικογενειακό ιστορικό νοσημάτων του αναπνευστικού συστήματος,Z
Z83.7,Οικογενειακό ιστορικό νοσημάτων του πεπτικού συστήματος,Z
Z84,Οικογενειακό ιστορικό άλλων καταστάσεων,Z
Z84.0,Οικογενειακό ιστορικό των νοσημάτων του δέρματος και του υποδόριου ιστού,Z
Z84.1,Οικογενειακό ιστορικό διαταραχών του νεφρού και του ουρητήρα,Z
Z84.2,Οικογενειακό ιστορικό άλλων νοσημάτων του ουρογεννητικού συστήματος,Z
Z84.3,Οικογενειακό ιστορικό συγγένειας εξ αίματος,Z
Z84.8,Οικογενειακό ιστορικό άλλων καθορισμένων καταστάσεων,Z
Z85,Ατομικό ιστορικό κακοήθους νεοπλάσματος,Z
Z85.0,Ατομικό ιστορικό κακοήθους νεοπλάσματος των οργάνων του πεπτικού,Z
Z85.1,"Ατομικό ιστορικό κακοήθους νεοπλάσματος της τραχείας, των βρόγχων και του πνεύμονα",Z
Z85.2,Ατομικό ιστορικό κακοήθους νεοπλάσματος άλλων αναπνευστικών και ενδοθωρακικών οργάνων,Z
Z85.3,Ατομικό ιστορικό κακοήθους νεοπλάσματος του μαστού,Z
Z85.4,Ατομικό ιστορικό κακοήθους νεοπλάσματος των γεννητικών οργάνων,Z
Z85.5,Ατομικό ιστορικό κακοήθους νεοπλάσματος της ουροποιητικής οδού,Z
Z85.6,Ατομικό ιστορικό λευχαιμίας,Z
Z85.7,"Ατομικό ιστορικό άλλων κακοήθων νεοπλασμάτων του λεμφικού, αιμοποιητικού και σχετικών ιστών",Z
Z85.8,Ατομικό ιστορικό κακοήθων νεοπλασμάτων άλλων οργάνων και συστημάτων,Z
Z85.9,Ατομικό ιστορικό κακοήθους νεοπλάσματος μη καθορισμένου,Z
Z86,Ατομικό ιστορικό ορισμένων άλλων νοσημάτων,Z
Z86.0,Ατομικό ιστορικό άλλων νεοπλασμάτων,Z
Z86.1,Ατομικό ιστορικό λοιμωδών και παρασιτικών νοσημάτων,Z
Z86.2,Ατομικό ιστορικό νοσημάτων του αίματος και των αιμοποιητικών οργάνων και ορισμένων διαταραχών που αφορούν τον ανοσολογικό μηχανισμό,Z
Z86.3,"Ατομικό ιστορικό ενδοκρινικών, διατροφικών και μεταβολικών νοσημάτων",Z
Z86.4,Ατομικό ιστορικό κατάχρησης ψυχοδραστικής ουσίας,Z
Z86.5,Ατομικό ιστορικό άλλων ψυχικών διαταραχών και διαταραχών συμπεριφοράς,Z
Z86.6,Ατομικό ιστορικό νοσημάτων του νευρικού συστήματος και των αισθητηρίων οργάνων,Z
Z86.7,Ατομικό ιστορικό νοσημάτων του κυκλοφορικού συστήματος,Z
Z87,Ατομικό ιστορικό άλλων νοσημάτων και καταστάσεων,Z
Z87.0,Ατομικό ιστορικό νοσημάτων του αναπνευστικού συστήματος,Z
Z87.1,Ατομικό ιστορικό νοσημάτων του πεπτικού συστήματος,Z
Z87.2,Ατομικό ιστορικό νοσημάτων του δέρματος και του υποδόριου ιστού,Z
Z87.3,Ατομικό ιστορικό νοσημάτων του μυοσκελετικού συστήματος και του συνδετικού ιστού,Z
Z87.4,Ατομικό ιστορικό νοσημάτων του ουρογεννητικού συστήματος,Z
Z87.5,"Ατομικό ιστορικό επιπλοκών της κύησης, του τοκετού και της λοχείας",Z
Z87.6,Ατομικό ιστορικό ορισμένων καταστάσεων που εμφανίζονται στην περιγεννητική περίοδο,Z
Z87.7,"Ατομικό ιστορικό συγγενών διαμαρτιών της διάπλασης, δυσπλασίας και χρωμοσωμικών ανωμαλιών",Z
Z87.8,Ατομικό ιστορικό άλλων καθορισμένων καταστάσεων,Z
Z88,"Ατομικό ιστορικό αλλεργίας σε φάρμακα, φαρμακευτικές και βιολογικές ουσίες",Z
Z88.0,Ατομικό ιστορικό αλλεργίας στην πενικιλίνη,Z
Z88.1,Ατομικό ιστορικό αλλεργίας σε άλλους αντιβιοτικούς παράγοντες,Z
Z88.2,Ατομικό ιστορικό αλλεργίας στις σουλφοναμίδες,Z
Z88.3,Ατομικό ιστορικό αλλεργίας σε άλλους παράγοντες κατά των λοιμώξεων,Z
Z88.4,Ατομικό ιστορικό αλλεργίας σε αναισθητικό παράγοντα,Z
Z88.5,Ατομικό ιστορικό αλλεργίας σε ναρκωτικό παράγοντα,Z
Z88.6,Ατομικό ιστορικό αλλεργίας σε αναλγητικό παράγοντα,Z
Z88.7,Ατομικό ιστορικό αλλεργίας σε ορό και εμβόλιο,Z
Z88.8,"Ατομικό ιστορικό αλλεργίας σε άλλα φάρμακα, φαρμακευτικές και βιολογικές ουσίες",Z
Z88.9,"Ατομικό ιστορικό αλλεργίας σε μη καθορισμένα φάρμακα, φαρμακευτικές και βιολογικές ουσίες",Z
Z89,Επίκτητη απουσία άκρου,Z
Z89.0,"Επίκτητη απουσία δακτύλου( ων) της άκρας χείρας [συμπεριλαμβανομένου του αντίχειρα], ετερόπλευρη",Z
Z89.1,Επίκτητη απουσία της άκρας χείρας και του καρπού,Z
Z89.2,Επίκτητη απουσία του άνω άκρου πάνω από τον καρπό,Z
Z89.3,Επίκτητη απουσία αμφότερων των άνω άκρων [οποιοδήποτε επίπεδο],Z
Z89.4,Επίκτητη απουσία του άκρου πόδα και του αστράγαλου,Z
Z89.5,Επίκτητη απουσία του κάτω άκρου στο ύψος του γόνατος ή κάτω απ' αυτό,Z
Z89.6,Επίκτητη απουσία του κάτω άκρου πάνω από το γόνατο,Z
Z89.7,"Επίκτητη απουσία αμφότερων των κάτω άκρων [οποιοδήποτε επίπεδο, εκτός των δακτύλων μόνο]",Z
Z89.8,Επίκτητη απουσία άνω και κάτω άκρων [οποιοδήποτε επίπεδο],Z
Z89.9,"Επίκτητη απουσία του άκρου, μη καθορισμένη",Z
Z90,"Επίκτητη απουσία οργάνων, που δεν ταξινομείται αλλού",Z
Z90.0,Επίκτητη απουσία τμήματος της κεφαλής και του τραχήλου,Z
Z90.1,Επίκτητη απουσία μαστού(ών),Z
Z90.2,Επίκτητη απουσία του πνεύμονα [τμήματος αυτού],Z
Z90.3,Επίκτητη απουσία τμήματος του στομάχου,Z
Z90.4,Επίκτητη απουσία άλλων τμημάτων της πεπτικής οδού,Z
Z90.5,Επίκτητη απουσία νεφρού,Z
Z90.6,Επίκτητη απουσία άλλων οργάνων της ουροποιητικής οδού,Z
Z90.7,Επίκτητη απουσία γεννητικού(ών) οργάνου(ων),Z
Z90.8,Επίκτητη απουσία άλλων οργάνων,Z
Z91,"Ατομικό ιστορικό παραγόντων κινδύνου, που δεν ταξινομούνται αλλού",Z
Z91.0,"Ατομικό ιστορικό αλλεργίας, εκτός από αυτής στα φάρμακα και τις βιολογικές ουσίες",Z
Z91.1,Ατομικό ιστορικό μη συμμόρφωσης με την ιατρική θεραπεία και αγωγή,Z
Z91.2,Ατομικό ιστορικό κακής ατομικής υγιεινής,Z
Z91.3,Ατομικό ιστορικό ανθυγιεινού προγράμματος ύπνου,Z
Z91.4,"Ατομικό ιστορικό ψυχολογικού τραύματος, που δεν ταξινομείται αλλού",Z
Z91.5,Ατομικό ιστορικό αυτοτραυματισμού,Z
Z91.6,Ατομικό ιστορικό άλλου σωματικού τραύματος,Z
Z91.8,"Ατομικό ιστορικό άλλων καθορισμένων παραγόντων κινδύνου, που δεν ταξινομούνται αλλού",Z
Z92,Ατομικό ιστορικό ιατρικής θεραπείας,Z
Z92.0,Ατομικό ιστορικό αντισύλληψης,Z
Z92.1,Ατομικό ιστορικό μακροχρόνιας (τρέχουσας) χρήσης αντιπηκτικών,Z
Z92.2,Ατομικό ιστορικό μακροχρόνιας (τρέχουσας) χρήσης άλλων φαρμακευτικών ουσιών,Z
Z92.3,Ατομικό ιστορικό ακτινοβολίας,Z
Z92.4,"Ατομικό ιστορικό μεγάλης εγχείρησης, που δεν ταξινομείται αλλού",Z
Z92.5,Ατομικό ιστορικό μέτρων αποκατάστασης,Z
Z92.6,Ατομικό ιστορικό χημειοθεραπείας για νεοπλασματική νόσο,Z
Z92.8,Ατομικό ιστορικό άλλης ιατρικής θεραπείας,Z
Z92.9,"Ατομικό ιστορικό ιατρικής θεραπείας, μη καθορισμένης",Z
Z93,Κατάσταση τεχνητού στομίου,Z
Z93.0,Κατάσταση τραχειοστομίας,Z
Z93.1,Κατάσταση γαστροστομίας,Z
Z93.2,Κατάσταση ειλεοστομίας,Z
Z93.3,Κατάσταση κολοστομίας,Z
Z93.4,Κατάσταση άλλων τεχνητών στομίων της γαστρεντερικής οδού,Z
Z93.5,Κατάσταση κυστεοστομίας,Z
Z93.6,Κατάσταση άλλων τεχνητών στομίων της ουροποιητικής οδού,Z
Z93.8,Άλλη κατάσταση τεχνητού στομίου,Z
Z93.9,"Κατάσταση τεχνητού στομίου, μη καθορισμένη",Z
Z94,Κατάσταση μεταμοσχευμένου οργάνου και ιστού,Z
Z94.0,Κατάσταση μεταμόσχευσης νεφρού,Z
Z94.1,Κατάσταση μεταμόσχευσης καρδιάς,Z
Z94.2,Κατάσταση μεταμόσχευσης πνεύμονα,Z
Z94.3,Κατάσταση μεταμόσχευσης καρδιάς και πνευμόνων,Z
Z94.4,Κατάσταση μεταμόσχευσης ήπατος,Z
Z94.5,Κατάσταση μεταμόσχευσης δέρματος,Z
Z94.6,Κατάσταση μεταμόσχευσης οστού,Z
Z94.7,Κατάσταση μεταμόσχευσης κερατοειδούς,Z
Z94.8,Κατάσταση άλλων μεταμοσχευμένων οργάνων και ιστών,Z
Z94.9,"Κατάσταση μεταμοσχευμένου οργάνου και ιστού, μη καθορισμένων",Z
Z95,Παρουσία καρδιακών και αγγειακών εμφυτευμάτων και μοσχευμάτων,Z
Z95.0,Παρουσία καρδιακού βηματοδότη,Z
Z95.1,Παρουσία μοσχεύματος αορτοστεφανιαίας παράκαμψης,Z
Z95.2,Παρουσία προσθετικής καρδιακής βαλβίδας,Z
Z95.3,Παρουσία ξενογενούς καρδιακής βαλβίδας,Z
Z95.4,Παρουσία άλλης αντικατάστασης της καρδιακής βαλβίδας,Z
Z95.5,Παρουσία εμφυτεύματος και μοσχεύματος στεφανιαίας αγγειοπλαστικής,Z
Z95.8,Παρουσία άλλων καρδιακών και αγγειακών εμφυτευμάτων και μοσχευμάτων,Z
Z95.9,"Παρουσία καρδιακού και αγγειακού εμφυτεύματος και μοσχεύματος, μη καθορισμένου",Z
Z96,Παρουσία άλλων λειτουργικών εμφυτευμάτων,Z
Z96.0,Παρουσία ουρογεννητικών εμφυτευμάτων,Z
Z96.1,Παρουσία ενδοφθάλμιου φακού,Z
Z96.2,Παρουσία ωτολογικών και ακουστικών εμφυτευμάτων,Z
Z96.3,Παρουσία τεχνητού λάρυγγα,Z
Z96.4,Παρουσία ενδοκρινικών εμφυτευμάτων,Z
Z96.5,Παρουσία εμφυτευμάτων της ρίζας δοντιού και της κάτω γνάθου,Z
Z96.6,Παρουσία ορθοπεδικών εμφυτευμάτων των αρθρώσεων,Z
Z96.7,Παρουσία άλλων εμφυτευμάτων οστού και τένοντα,Z
Z96.8,Παρουσία άλλων καθορισμένων λειτουργικών εμφυτευμάτων,Z
Z96.9,"Παρουσία λειτουργικού εμφυτεύματος, μη καθορισμένου",Z
Z97,Παρουσία άλλων συσκευών,Z
Z97.0,Παρουσία τεχνητού οφθαλμού,Z
Z97.1,Παρουσία τεχνητού άκρου (ολικό) (μερικό),Z
Z97.2,Παρουσία οδοντιατρικής προσθετικής συσκευής (ολικής) (μερικής),Z
Z97.3,Παρουσία γυαλιών οράσεως και φακών επαφής,Z
Z97.4,Παρουσία εξωτερικού ακουστικού βαρηκοΐας,Z
Z97.5,Παρουσία (ενδομήτριας) αντισυλληπτικής συσκευής,Z
Z97.8,Παρουσία άλλων καθορισμένων συσκευών,Z
Z98,Άλλες μετεγχειρητικές καταστάσεις,Z
Z98.0,Εντερική παράκαμψη και κατάσταση αναστόμωσης,Z
Z98.1,Κατάσταση αρθροδεσίας,Z
Z98.2,Παρουσία συσκευής παροχέτευσης του εγκεφαλονωτιαίου υγρού,Z
Z98.8,Άλλες καθορισμένες μετεγχειρητικές καταστάσεις,Z
Z99,"Εξάρτηση από μηχανήματα και συσκευές που καθιστούν το άτομο ικανό, που δεν ταξινομούνται αλλού",Z
Z99.0,Εξάρτηση από συσκευή αναρρόφησης,Z
Z99.1,Εξάρτηση από αναπνευστήρα,Z
Z99.2,Εξάρτηση από εξωνεφρική κάθαρση,Z
Z99.3,Εξάρτηση από αναπηρική καρέκλα,Z
Z99.8,Εξάρτηση από άλλα μηχανήματα και συσκευές που καθιστούν το άτομο ικανό,Z
Z99.9,Εξάρτηση από μη καθορισμένο μηχάνημα και συσκευή που καθιστά το άτομο ικανό,Z
U04,Σοβαρό οξύ αναπνευστικό σύνδρομο [SARS],U
U04.9,"Σοβαρό οξύ αναπνευστικό σύνδρομο, μη καθορισμένο",U
U80,Παράγοντας ανθεκτικός στην πενικιλλίνη και τα συγγενή αντιβιοτικά,U
U80.0,Παράγοντας ανθεκτικός στην πενικιλλίνη,U
U80.1,Παράγοντας ανθεκτικός στη μεθικιλλίνη,U
U80.8,Παράγοντας ανθεκτικός σε άλλο αντιβιοτικό σχετιζόμενο με την πενικιλλίνη,U
U81,Παράγοντας ανθεκτικός στη βανκομυκίνη και τα συγγενή αντιβιοτικά,U
U81.0,Παράγοντας ανθεκτικός στη βανκομυκίνη,U
U81.8,Παράγοντας ανθεκτικός σε άλλο αντιβιοτικό σχετιζόμενο με τη βανκομυκίνη,U
U88,Παράγοντας ανθεκτικός σε πολλαπλά αντιβιοτικά,U
U89,Παράγοντας ανθεκτικός σε άλλα και μη καθορισμένα αντιβιοτικά,U
U89.8,Παράγοντας ανθεκτικός σε άλλο μεμονωμένο καθορισμένο αντιβιοτικό,U
U89.9,Παράγοντας ανθεκτικός σε μη καθορισμένο αντιβιοτικό,U
